comune,comune_normalized,regione,provincia,sigla_prov,lat,lon
Agliè,aglie,Piemonte,Torino,TO,45.367055,7.766918
Airasca,airasca,Piemonte,Torino,TO,44.917042,7.484321
Ala di Stura,ala di stura,Piemonte,Torino,TO,45.31515,7.305909
Albiano d'Ivrea,albiano d'ivrea,Piemonte,Torino,TO,45.432959,7.950621
Almese,almese,Piemonte,Torino,TO,45.116876,7.39455
Alpette,alpette,Piemonte,Torino,TO,45.408916,7.578978
Alpignano,alpignano,Piemonte,Torino,TO,45.095724,7.525403
Andezeno,andezeno,Piemonte,Torino,TO,45.037748,7.870527
Andrate,andrate,Piemonte,Torino,TO,45.52736,7.880318
Angrogna,angrogna,Piemonte,Torino,TO,44.843582,7.223816
Arignano,arignano,Piemonte,Torino,TO,45.040275,7.901594
Avigliana,avigliana,Piemonte,Torino,TO,45.077944,7.39839
Azeglio,azeglio,Piemonte,Torino,TO,45.423459,7.993922
Bairo,bairo,Piemonte,Torino,TO,45.386587,7.755447
Balangero,balangero,Piemonte,Torino,TO,45.275323,7.520282
Baldissero Canavese,baldissero canavese,Piemonte,Torino,TO,45.410256,7.744217
Baldissero Torinese,baldissero torinese,Piemonte,Torino,TO,45.068636,7.816531
Balme,balme,Piemonte,Torino,TO,45.302504,7.215432
Banchette,banchette,Piemonte,Torino,TO,45.453558,7.856318
Barbania,barbania,Piemonte,Torino,TO,45.291252,7.630317
Bardonecchia,bardonecchia,Piemonte,Torino,TO,45.078339,6.703205
Barone Canavese,barone canavese,Piemonte,Torino,TO,45.325527,7.873063
Beinasco,beinasco,Piemonte,Torino,TO,45.022097,7.579397
Bibiana,bibiana,Piemonte,Torino,TO,44.798937,7.288219
Bobbio Pellice,bobbio pellice,Piemonte,Torino,TO,44.807952,7.116764
Bollengo,bollengo,Piemonte,Torino,TO,45.470859,7.94202
Borgaro Torinese,borgaro torinese,Piemonte,Torino,TO,45.152145,7.657973
Borgiallo,borgiallo,Piemonte,Torino,TO,45.417055,7.668515
Borgofranco d'Ivrea,borgofranco d'ivrea,Piemonte,Torino,TO,45.51286,7.858017
Borgomasino,borgomasino,Piemonte,Torino,TO,45.363257,7.987523
Borgone Susa,borgone susa,Piemonte,Torino,TO,45.122844,7.239712
Bosconero,bosconero,Piemonte,Torino,TO,45.26755,7.7666
Brandizzo,brandizzo,Piemonte,Torino,TO,45.176606,7.838004
Bricherasio,bricherasio,Piemonte,Torino,TO,44.823409,7.305296
Brosso,brosso,Piemonte,Torino,TO,45.492502,7.803288
Brozolo,brozolo,Piemonte,Torino,TO,45.117436,8.073603
Bruino,bruino,Piemonte,Torino,TO,45.021152,7.468551
Brusasco,brusasco,Piemonte,Torino,TO,45.155492,8.060103
Bruzolo,bruzolo,Piemonte,Torino,TO,45.142226,7.195648
Buriasco,buriasco,Piemonte,Torino,TO,44.87364,7.41032
Burolo,burolo,Piemonte,Torino,TO,45.48116,7.93392
Busano,busano,Piemonte,Torino,TO,45.329438,7.655732
Bussoleno,bussoleno,Piemonte,Torino,TO,45.139271,7.147717
Buttigliera Alta,buttigliera alta,Piemonte,Torino,TO,45.068804,7.434488
Cafasse,cafasse,Piemonte,Torino,TO,45.24596,7.517235
Caluso,caluso,Piemonte,Torino,TO,45.304955,7.895722
Cambiano,cambiano,Piemonte,Torino,TO,44.971416,7.778698
Campiglione Fenile,campiglione fenile,Piemonte,Torino,TO,44.804598,7.322313
Candia Canavese,candia canavese,Piemonte,Torino,TO,45.327755,7.885121
Candiolo,candiolo,Piemonte,Torino,TO,44.959244,7.601722
Canischio,canischio,Piemonte,Torino,TO,45.373987,7.596126
Cantalupa,cantalupa,Piemonte,Torino,TO,44.945941,7.330317
Cantoira,cantoira,Piemonte,Torino,TO,45.343349,7.380124
Caprie,caprie,Piemonte,Torino,TO,45.118845,7.331914
Caravino,caravino,Piemonte,Torino,TO,45.398258,7.960322
Carema,carema,Piemonte,Torino,TO,45.583302,7.810406
Carignano,carignano,Piemonte,Torino,TO,44.906943,7.673225
Carmagnola,carmagnola,Piemonte,Torino,TO,44.846947,7.717874
Casalborgone,casalborgone,Piemonte,Torino,TO,45.130451,7.940426
Cascinette d'Ivrea,cascinette d'ivrea,Piemonte,Torino,TO,45.480159,7.905619
Caselette,caselette,Piemonte,Torino,TO,45.104746,7.480817
Caselle Torinese,caselle torinese,Piemonte,Torino,TO,45.17749,7.646367
Castagneto Po,castagneto po,Piemonte,Torino,TO,45.159251,7.889425
Castagnole Piemonte,castagnole piemonte,Piemonte,Torino,TO,44.898142,7.566123
Castellamonte,castellamonte,Piemonte,Torino,TO,45.381955,7.712117
Castelnuovo Nigra,castelnuovo nigra,Piemonte,Torino,TO,45.438156,7.694615
Castiglione Torinese,castiglione torinese,Piemonte,Torino,TO,45.11905,7.807124
Cavagnolo,cavagnolo,Piemonte,Torino,TO,45.152137,8.051479
Cavour,cavour,Piemonte,Torino,TO,44.785499,7.373841
Cercenasco,cercenasco,Piemonte,Torino,TO,44.861291,7.50127
Ceres,ceres,Piemonte,Torino,TO,45.313377,7.389688
Ceresole Reale,ceresole reale,Piemonte,Torino,TO,45.431952,7.235706
Cesana Torinese,cesana torinese,Piemonte,Torino,TO,44.952236,6.790805
Chialamberto,chialamberto,Piemonte,Torino,TO,45.363669,7.341471
Chianocco,chianocco,Piemonte,Torino,TO,45.148094,7.16933
Chiaverano,chiaverano,Piemonte,Torino,TO,45.49886,7.902619
Chieri,chieri,Piemonte,Torino,TO,45.013884,7.822354
Chiesanuova,chiesanuova,Piemonte,Torino,TO,45.417886,7.655795
Chiomonte,chiomonte,Piemonte,Torino,TO,45.119542,6.985306
Chiusa di San Michele,chiusa di san michele,Piemonte,Torino,TO,45.103913,7.326972
Chivasso,chivasso,Piemonte,Torino,TO,45.190959,7.887186
Ciconio,ciconio,Piemonte,Torino,TO,45.329915,7.759492
Cintano,cintano,Piemonte,Torino,TO,45.428556,7.688115
Cinzano,cinzano,Piemonte,Torino,TO,45.09425,7.925627
Ciriè,cirie,Piemonte,Torino,TO,45.235277,7.600308
Claviere,claviere,Piemonte,Torino,TO,44.938799,6.750294
Coassolo Torinese,coassolo torinese,Piemonte,Torino,TO,45.297583,7.460458
Coazze,coazze,Piemonte,Torino,TO,45.052194,7.297902
Collegno,collegno,Piemonte,Torino,TO,45.077547,7.572426
Colleretto Castelnuovo,colleretto castelnuovo,Piemonte,Torino,TO,45.422356,7.679815
Colleretto Giacosa,colleretto giacosa,Piemonte,Torino,TO,45.431887,7.799591
Condove,condove,Piemonte,Torino,TO,45.117419,7.309455
Corio,corio,Piemonte,Torino,TO,45.313499,7.532087
Cossano Canavese,cossano canavese,Piemonte,Torino,TO,45.387758,7.991523
Cuceglio,cuceglio,Piemonte,Torino,TO,45.359435,7.815187
Cumiana,cumiana,Piemonte,Torino,TO,44.979742,7.376717
Cuorgnè,cuorgne,Piemonte,Torino,TO,45.38972,7.649817
Druento,druento,Piemonte,Torino,TO,45.134748,7.576618
Exilles,exilles,Piemonte,Torino,TO,45.097383,6.929065
Favria,favria,Piemonte,Torino,TO,45.331154,7.690617
Feletto,feletto,Piemonte,Torino,TO,45.303853,7.744719
Fenestrelle,fenestrelle,Piemonte,Torino,TO,45.036095,7.049562
Fiano,fiano,Piemonte,Torino,TO,45.216871,7.522685
Fiorano Canavese,fiorano canavese,Piemonte,Torino,TO,45.467758,7.833718
Foglizzo,foglizzo,Piemonte,Torino,TO,45.271272,7.822265
Forno Canavese,forno canavese,Piemonte,Torino,TO,45.345353,7.591015
Frassinetto,frassinetto,Piemonte,Torino,TO,45.437142,7.606743
Front,front,Piemonte,Torino,TO,45.280852,7.663618
Frossasco,frossasco,Piemonte,Torino,TO,44.932944,7.350218
Garzigliana,garzigliana,Piemonte,Torino,TO,44.837239,7.37442
Gassino Torinese,gassino torinese,Piemonte,Torino,TO,45.13165,7.827624
Germagnano,germagnano,Piemonte,Torino,TO,45.263872,7.469483
Giaglione,giaglione,Piemonte,Torino,TO,45.140239,7.014756
Giaveno,giaveno,Piemonte,Torino,TO,45.042005,7.351994
Givoletto,givoletto,Piemonte,Torino,TO,45.162248,7.496416
Gravere,gravere,Piemonte,Torino,TO,45.125342,7.017507
Groscavallo,groscavallo,Piemonte,Torino,TO,45.369225,7.233967
Grosso,grosso,Piemonte,Torino,TO,45.257502,7.557907
Grugliasco,grugliasco,Piemonte,Torino,TO,45.068046,7.57762
Ingria,ingria,Piemonte,Torino,TO,45.466468,7.570917
Inverso Pinasca,inverso pinasca,Piemonte,Torino,TO,44.94564,7.218414
Isolabella,isolabella,Piemonte,Torino,TO,44.906727,7.910151
Issiglio,issiglio,Piemonte,Torino,TO,45.446934,7.752122
Ivrea,ivrea,Piemonte,Torino,TO,45.467379,7.874797
La Cassa,la cassa,Piemonte,Torino,TO,45.180348,7.516316
La Loggia,la loggia,Piemonte,Torino,TO,44.957744,7.667324
Lanzo Torinese,lanzo torinese,Piemonte,Torino,TO,45.27335,7.477411
Lauriano,lauriano,Piemonte,Torino,TO,45.158252,7.991627
Leini,leini,Piemonte,Torino,TO,45.184582,7.713271
Lemie,lemie,Piemonte,Torino,TO,45.228199,7.292044
Lessolo,lessolo,Piemonte,Torino,TO,45.478258,7.814717
Levone,levone,Piemonte,Torino,TO,45.318202,7.606187
Locana,locana,Piemonte,Torino,TO,45.417654,7.458814
Lombardore,lombardore,Piemonte,Torino,TO,45.235452,7.74032
Lombriasco,lombriasco,Piemonte,Torino,TO,44.840941,7.635925
Loranzè,loranze,Piemonte,Torino,TO,45.441657,7.812718
Luserna San Giovanni,luserna san giovanni,Piemonte,Torino,TO,44.815437,7.251318
Lusernetta,lusernetta,Piemonte,Torino,TO,44.803137,7.246718
Lusigliè,lusiglie,Piemonte,Torino,TO,45.318401,7.766652
Macello,macello,Piemonte,Torino,TO,44.851139,7.39802
Maglione,maglione,Piemonte,Torino,TO,45.346657,8.013324
Marentino,marentino,Piemonte,Torino,TO,45.058032,7.874623
Massello,massello,Piemonte,Torino,TO,44.967557,7.026199
Mathi,mathi,Piemonte,Torino,TO,45.255172,7.541984
Mattie,mattie,Piemonte,Torino,TO,45.118143,7.115109
Mazzè,mazze,Piemonte,Torino,TO,45.300255,7.932723
Meana di Susa,meana di susa,Piemonte,Torino,TO,45.122043,7.064708
Mercenasco,mercenasco,Piemonte,Torino,TO,45.357182,7.882359
Mezzenile,mezzenile,Piemonte,Torino,TO,45.295129,7.394459
Mombello di Torino,mombello di torino,Piemonte,Torino,TO,45.045749,7.920827
Mompantero,mompantero,Piemonte,Torino,TO,45.142043,7.064609
Monastero di Lanzo,monastero di lanzo,Piemonte,Torino,TO,45.301873,7.439681
Moncalieri,moncalieri,Piemonte,Torino,TO,45.000461,7.684754
Moncenisio,moncenisio,Piemonte,Torino,TO,45.205285,6.9825
Montaldo Torinese,montaldo torinese,Piemonte,Torino,TO,45.065487,7.849601
Montalenghe,montalenghe,Piemonte,Torino,TO,45.337455,7.83882
Montalto Dora,montalto dora,Piemonte,Torino,TO,45.490759,7.862818
Montanaro,montanaro,Piemonte,Torino,TO,45.233553,7.853323
Monteu da Po,monteu da po,Piemonte,Torino,TO,45.1509,8.016847
Moriondo Torinese,moriondo torinese,Piemonte,Torino,TO,45.037649,7.940028
Nichelino,nichelino,Piemonte,Torino,TO,44.995518,7.646618
Noasca,noasca,Piemonte,Torino,TO,45.453972,7.314554
Nole,nole,Piemonte,Torino,TO,45.243991,7.572752
Nomaglio,nomaglio,Piemonte,Torino,TO,45.53616,7.860317
,,Piemonte,Torino,TO,44.933143,7.540121
Novalesa,novalesa,Piemonte,Torino,TO,45.18964,7.015498
Oglianico,oglianico,Piemonte,Torino,TO,45.342554,7.693717
Orbassano,orbassano,Piemonte,Torino,TO,45.007263,7.536919
Orio Canavese,orio canavese,Piemonte,Torino,TO,45.329255,7.861721
Osasco,osasco,Piemonte,Torino,TO,44.849368,7.343243
Osasio,osasio,Piemonte,Torino,TO,44.871442,7.608024
Oulx,oulx,Piemonte,Torino,TO,45.033052,6.83251
Ozegna,ozegna,Piemonte,Torino,TO,45.34929,7.742524
Palazzo Canavese,palazzo canavese,Piemonte,Torino,TO,45.459259,7.978921
Pancalieri,pancalieri,Piemonte,Torino,TO,44.833441,7.585924
Parella,parella,Piemonte,Torino,TO,45.430657,7.793217
Pavarolo,pavarolo,Piemonte,Torino,TO,45.072466,7.834671
Pavone Canavese,pavone canavese,Piemonte,Torino,TO,45.437559,7.851715
Pecetto Torinese,pecetto torinese,Piemonte,Torino,TO,45.016883,7.749949
Perosa Argentina,perosa argentina,Piemonte,Torino,TO,44.95744,7.190914
Perosa Canavese,perosa canavese,Piemonte,Torino,TO,45.397057,7.830819
Perrero,perrero,Piemonte,Torino,TO,44.918212,7.129109
Pertusio,pertusio,Piemonte,Torino,TO,45.356788,7.638501
Pessinetto,pessinetto,Piemonte,Torino,TO,45.289093,7.404162
Pianezza,pianezza,Piemonte,Torino,TO,45.105847,7.543418
Pinasca,pinasca,Piemonte,Torino,TO,44.94264,7.229115
Pinerolo,pinerolo,Piemonte,Torino,TO,44.887309,7.331945
Pino Torinese,pino torinese,Piemonte,Torino,TO,45.039547,7.777125
Piobesi Torinese,piobesi torinese,Piemonte,Torino,TO,44.932943,7.610123
Piossasco,piossasco,Piemonte,Torino,TO,44.990555,7.463704
Piscina,piscina,Piemonte,Torino,TO,44.919442,7.426212
Piverone,piverone,Piemonte,Torino,TO,45.446259,8.005722
Poirino,poirino,Piemonte,Torino,TO,44.920845,7.846928
Pomaretto,pomaretto,Piemonte,Torino,TO,44.955983,7.182779
Pont Canavese,pont canavese,Piemonte,Torino,TO,45.420526,7.596855
Porte,porte,Piemonte,Torino,TO,44.887293,7.267971
Pragelato,pragelato,Piemonte,Torino,TO,44.981486,6.93916
Prali,prali,Piemonte,Torino,TO,44.881073,7.052439
Pralormo,pralormo,Piemonte,Torino,TO,44.859744,7.901431
Pramollo,pramollo,Piemonte,Torino,TO,44.905039,7.206508
Prarostino,prarostino,Piemonte,Torino,TO,44.865792,7.268223
Prascorsano,prascorsano,Piemonte,Torino,TO,45.367754,7.616915
Pratiglione,pratiglione,Piemonte,Torino,TO,45.352753,7.596015
Quagliuzzo,quagliuzzo,Piemonte,Torino,TO,45.426757,7.781617
Quassolo,quassolo,Piemonte,Torino,TO,45.52286,7.832317
Quincinetto,quincinetto,Piemonte,Torino,TO,45.56296,7.807315
Reano,reano,Piemonte,Torino,TO,45.052056,7.430403
Ribordone,ribordone,Piemonte,Torino,TO,45.43204,7.50195
Rivalba,rivalba,Piemonte,Torino,TO,45.11835,7.888125
Rivalta di Torino,rivalta di torino,Piemonte,Torino,TO,45.034045,7.518419
Riva presso Chieri,riva presso chieri,Piemonte,Torino,TO,44.984974,7.872319
Rivara,rivara,Piemonte,Torino,TO,45.332553,7.632916
Rivarolo Canavese,rivarolo canavese,Piemonte,Torino,TO,45.331216,7.717134
Rivarossa,rivarossa,Piemonte,Torino,TO,45.250965,7.717845
Rivoli,rivoli,Piemonte,Torino,TO,45.069715,7.517676
Robassomero,robassomero,Piemonte,Torino,TO,45.200049,7.568917
Rocca Canavese,rocca canavese,Piemonte,Torino,TO,45.308854,7.575863
Roletto,roletto,Piemonte,Torino,TO,44.924691,7.331324
Romano Canavese,romano canavese,Piemonte,Torino,TO,45.388657,7.86652
Ronco Canavese,ronco canavese,Piemonte,Torino,TO,45.499737,7.546855
Rondissone,rondissone,Piemonte,Torino,TO,45.246854,7.963125
Rorà,rora,Piemonte,Torino,TO,44.792136,7.199017
Roure,roure,Piemonte,Torino,TO,45.001413,7.129432
Rosta,rosta,Piemonte,Torino,TO,45.067945,7.465117
Rubiana,rubiana,Piemonte,Torino,TO,45.137946,7.38483
Rueglio,rueglio,Piemonte,Torino,TO,45.468258,7.754616
Salassa,salassa,Piemonte,Torino,TO,45.358526,7.689238
Salbertrand,salbertrand,Piemonte,Torino,TO,45.07204,6.883205
Salerano Canavese,salerano canavese,Piemonte,Torino,TO,45.458058,7.851118
Salza di Pinerolo,salza di pinerolo,Piemonte,Torino,TO,44.934635,7.034467
Samone,samone,Piemonte,Torino,TO,45.450554,7.845243
San Benigno Canavese,san benigno canavese,Piemonte,Torino,TO,45.227052,7.785021
San Carlo Canavese,san carlo canavese,Piemonte,Torino,TO,45.247826,7.610843
San Colombano Belmonte,san colombano belmonte,Piemonte,Torino,TO,45.382254,7.621015
San Didero,san didero,Piemonte,Torino,TO,45.135444,7.213011
San Francesco al Campo,san francesco al campo,Piemonte,Torino,TO,45.226467,7.657164
Sangano,sangano,Piemonte,Torino,TO,45.026144,7.448118
San Germano Chisone,san germano chisone,Piemonte,Torino,TO,44.89855,7.241175
San Gillio,san gillio,Piemonte,Torino,TO,45.142748,7.535817
San Giorgio Canavese,san giorgio canavese,Piemonte,Torino,TO,45.334155,7.796819
San Giorio di Susa,san giorio di susa,Piemonte,Torino,TO,45.127982,7.177985
San Giusto Canavese,san giusto canavese,Piemonte,Torino,TO,45.315154,7.80912
San Martino Canavese,san martino canavese,Piemonte,Torino,TO,45.39435,7.816559
San Maurizio Canavese,san maurizio canavese,Piemonte,Torino,TO,45.216676,7.631241
San Mauro Torinese,san mauro torinese,Piemonte,Torino,TO,45.104412,7.761996
San Pietro Val Lemina,san pietro val lemina,Piemonte,Torino,TO,44.90654,7.310917
San Ponso,san ponso,Piemonte,Torino,TO,45.350754,7.670316
San Raffaele Cimena,san raffaele cimena,Piemonte,Torino,TO,45.146651,7.849324
San Sebastiano da Po,san sebastiano da po,Piemonte,Torino,TO,45.167552,7.957226
San Secondo di Pinerolo,san secondo di pinerolo,Piemonte,Torino,TO,44.867222,7.298167
Sant'Ambrogio di Torino,sant'ambrogio di torino,Piemonte,Torino,TO,45.099445,7.362315
Sant'Antonino di Susa,sant'antonino di susa,Piemonte,Torino,TO,45.107044,7.273613
Santena,santena,Piemonte,Torino,TO,44.949111,7.771811
Sauze di Cesana,sauze di cesana,Piemonte,Torino,TO,44.940736,6.859007
Sauze d'Oulx,sauze d'oulx,Piemonte,Torino,TO,45.027027,6.858346
Scalenghe,scalenghe,Piemonte,Torino,TO,44.891741,7.492521
Scarmagno,scarmagno,Piemonte,Torino,TO,45.384456,7.841119
Sciolze,sciolze,Piemonte,Torino,TO,45.09325,7.880426
Sestriere,sestriere,Piemonte,Torino,TO,44.958453,6.878686
Settimo Rottaro,settimo rottaro,Piemonte,Torino,TO,45.407758,7.993522
Settimo Torinese,settimo torinese,Piemonte,Torino,TO,45.137335,7.771015
Settimo Vittone,settimo vittone,Piemonte,Torino,TO,45.54976,7.832216
Sparone,sparone,Piemonte,Torino,TO,45.413854,7.543412
Strambinello,strambinello,Piemonte,Torino,TO,45.422696,7.768436
Strambino,strambino,Piemonte,Torino,TO,45.381457,7.88572
Susa,susa,Piemonte,Torino,TO,45.137212,7.053979
Tavagnasco,tavagnasco,Piemonte,Torino,TO,45.543965,7.822041
Torino,torino,Piemonte,Torino,TO,45.067755,7.682489
Torrazza Piemonte,torrazza piemonte,Piemonte,Torino,TO,45.215422,7.974503
Torre Canavese,torre canavese,Piemonte,Torino,TO,45.392056,7.759818
Torre Pellice,torre pellice,Piemonte,Torino,TO,44.820768,7.223715
Trana,trana,Piemonte,Torino,TO,45.039044,7.421817
Traversella,traversella,Piemonte,Torino,TO,45.508458,7.749415
Traves,traves,Piemonte,Torino,TO,45.270612,7.428858
Trofarello,trofarello,Piemonte,Torino,TO,44.983646,7.745225
Usseaux,usseaux,Piemonte,Torino,TO,45.048941,7.028508
Usseglio,usseglio,Piemonte,Torino,TO,45.233197,7.217735
Vaie,vaie,Piemonte,Torino,TO,45.102344,7.289413
Val della Torre,val della torre,Piemonte,Torino,TO,45.155147,7.445015
Valgioie,valgioie,Piemonte,Torino,TO,45.076144,7.340715
Vallo Torinese,vallo torinese,Piemonte,Torino,TO,45.224745,7.495566
Valperga,valperga,Piemonte,Torino,TO,45.370616,7.656916
Valprato Soana,valprato soana,Piemonte,Torino,TO,45.521481,7.549355
Varisella,varisella,Piemonte,Torino,TO,45.209941,7.488606
Vauda Canavese,vauda canavese,Piemonte,Torino,TO,45.279952,7.620217
Venaus,venaus,Piemonte,Torino,TO,45.15491,7.01257
Venaria Reale,venaria reale,Piemonte,Torino,TO,45.134811,7.626866
Verolengo,verolengo,Piemonte,Torino,TO,45.190053,7.968226
Verrua Savoia,verrua savoia,Piemonte,Torino,TO,45.156707,8.092761
Vestignè,vestigne,Piemonte,Torino,TO,45.385757,7.954822
Vialfrè,vialfre,Piemonte,Torino,TO,45.381019,7.817828
Vidracco,vidracco,Piemonte,Torino,TO,45.430657,7.757417
Vigone,vigone,Piemonte,Torino,TO,44.843067,7.494438
Villafranca Piemonte,villafranca piemonte,Piemonte,Torino,TO,44.778939,7.500424
Villanova Canavese,villanova canavese,Piemonte,Torino,TO,45.242575,7.554506
Villarbasse,villarbasse,Piemonte,Torino,TO,45.045145,7.468418
Villar Dora,villar dora,Piemonte,Torino,TO,45.114646,7.383515
Villareggia,villareggia,Piemonte,Torino,TO,45.310056,7.976624
Villar Focchiardo,villar focchiardo,Piemonte,Torino,TO,45.111389,7.224725
Villar Pellice,villar pellice,Piemonte,Torino,TO,44.807903,7.15758
Villar Perosa,villar perosa,Piemonte,Torino,TO,44.919056,7.250286
Villastellone,villastellone,Piemonte,Torino,TO,44.918612,7.744347
Vinovo,vinovo,Piemonte,Torino,TO,44.94839,7.633929
Virle Piemonte,virle piemonte,Piemonte,Torino,TO,44.864541,7.570123
Vische,vische,Piemonte,Torino,TO,45.335589,7.944818
Vistrorio,vistrorio,Piemonte,Torino,TO,45.442344,7.768145
Viù,viu,Piemonte,Torino,TO,45.23916,7.37584
Volpiano,volpiano,Piemonte,Torino,TO,45.201451,7.778222
Volvera,volvera,Piemonte,Torino,TO,44.956464,7.511052
Mappano,mappano,Piemonte,Torino,TO,45.147801,7.706099
Val di Chy,val di chy,Piemonte,Torino,TO,45.461125,7.79283
Valchiusa,valchiusa,Piemonte,Torino,TO,45.497263,7.741327
Alagna Valsesia,alagna valsesia,Piemonte,Vercelli,VC,45.851211,7.937177
Albano Vercellese,albano vercellese,Piemonte,Vercelli,VC,45.425307,8.380994
Alice Castello,alice castello,Piemonte,Vercelli,VC,45.365158,8.072925
Arborio,arborio,Piemonte,Vercelli,VC,45.494964,8.385329
Asigliano Vercellese,asigliano vercellese,Piemonte,Vercelli,VC,45.261578,8.408501
Balmuccia,balmuccia,Piemonte,Vercelli,VC,45.818849,8.138102
Balocco,balocco,Piemonte,Vercelli,VC,45.455262,8.280128
Bianzè,bianze,Piemonte,Vercelli,VC,45.308457,8.122527
Boccioleto,boccioleto,Piemonte,Vercelli,VC,45.830189,8.112881
Borgo d'Ale,borgo d'ale,Piemonte,Vercelli,VC,45.349435,8.053102
Borgosesia,borgosesia,Piemonte,Vercelli,VC,45.716668,8.276857
Borgo Vercelli,borgo vercelli,Piemonte,Vercelli,VC,45.357862,8.463033
Buronzo,buronzo,Piemonte,Vercelli,VC,45.480862,8.267128
Campertogno,campertogno,Piemonte,Vercelli,VC,45.798953,8.032153
Carcoforo,carcoforo,Piemonte,Vercelli,VC,45.90875,8.049537
Caresana,caresana,Piemonte,Vercelli,VC,45.221263,8.506924
Caresanablot,caresanablot,Piemonte,Vercelli,VC,45.357613,8.388842
Carisio,carisio,Piemonte,Vercelli,VC,45.40936,8.199027
Casanova Elvo,casanova elvo,Piemonte,Vercelli,VC,45.400961,8.293529
San Giacomo Vercellese,san giacomo vercellese,Piemonte,Vercelli,VC,45.497859,8.326139
Cervatto,cervatto,Piemonte,Vercelli,VC,45.882966,8.162347
Cigliano,cigliano,Piemonte,Vercelli,VC,45.308356,8.021025
Civiasco,civiasco,Piemonte,Vercelli,VC,45.80819,8.294116
Collobiano,collobiano,Piemonte,Vercelli,VC,45.396683,8.348284
Costanzana,costanzana,Piemonte,Vercelli,VC,45.238158,8.368134
Cravagliana,cravagliana,Piemonte,Vercelli,VC,45.848385,8.20269
Crescentino,crescentino,Piemonte,Vercelli,VC,45.190454,8.099929
Crova,crova,Piemonte,Vercelli,VC,45.330659,8.210828
Desana,desana,Piemonte,Vercelli,VC,45.268822,8.356728
Fobello,fobello,Piemonte,Vercelli,VC,45.889425,8.15868
Fontanetto Po,fontanetto po,Piemonte,Vercelli,VC,45.193464,8.191925
Formigliana,formigliana,Piemonte,Vercelli,VC,45.429262,8.291928
Gattinara,gattinara,Piemonte,Vercelli,VC,45.614242,8.371138
Ghislarengo,ghislarengo,Piemonte,Vercelli,VC,45.528823,8.386128
Greggio,greggio,Piemonte,Vercelli,VC,45.450663,8.38303
Guardabosone,guardabosone,Piemonte,Vercelli,VC,45.701868,8.249322
Lamporo,lamporo,Piemonte,Vercelli,VC,45.231855,8.101628
Lenta,lenta,Piemonte,Vercelli,VC,45.557466,8.384128
Lignana,lignana,Piemonte,Vercelli,VC,45.28553,8.346124
Livorno Ferraris,livorno ferraris,Piemonte,Vercelli,VC,45.281912,8.080548
Lozzolo,lozzolo,Piemonte,Vercelli,VC,45.625643,8.321774
Mollia,mollia,Piemonte,Vercelli,VC,45.816669,8.030315
Moncrivello,moncrivello,Piemonte,Vercelli,VC,45.332357,7.995524
Motta de' Conti,motta de' conti,Piemonte,Vercelli,VC,45.193343,8.520934
Olcenengo,olcenengo,Piemonte,Vercelli,VC,45.36346,8.30983
Oldenico,oldenico,Piemonte,Vercelli,VC,45.402755,8.380327
Palazzolo Vercellese,palazzolo vercellese,Piemonte,Vercelli,VC,45.186255,8.232632
Pertengo,pertengo,Piemonte,Vercelli,VC,45.236394,8.417401
Pezzana,pezzana,Piemonte,Vercelli,VC,45.261959,8.482279
Pila,pila,Piemonte,Vercelli,VC,45.769944,8.08108
Piode,piode,Piemonte,Vercelli,VC,45.770751,8.051076
Postua,postua,Piemonte,Vercelli,VC,45.713604,8.23059
Prarolo,prarolo,Piemonte,Vercelli,VC,45.282293,8.478118
Quarona,quarona,Piemonte,Vercelli,VC,45.757869,8.265721
Quinto Vercellese,quinto vercellese,Piemonte,Vercelli,VC,45.379661,8.361731
Rassa,rassa,Piemonte,Vercelli,VC,45.768473,8.013068
Rimella,rimella,Piemonte,Vercelli,VC,45.907567,8.182504
Rive,rive,Piemonte,Vercelli,VC,45.212906,8.417704
Roasio,roasio,Piemonte,Vercelli,VC,45.608019,8.288012
Ronsecco,ronsecco,Piemonte,Vercelli,VC,45.253126,8.27781
Rossa,rossa,Piemonte,Vercelli,VC,45.833501,8.125529
Rovasenda,rovasenda,Piemonte,Vercelli,VC,45.538765,8.317527
Salasco,salasco,Piemonte,Vercelli,VC,45.325559,8.26423
Sali Vercellese,sali vercellese,Piemonte,Vercelli,VC,45.309859,8.328931
Saluggia,saluggia,Piemonte,Vercelli,VC,45.237554,8.011026
San Germano Vercellese,san germano vercellese,Piemonte,Vercelli,VC,45.350031,8.248779
Santhià,santhia,Piemonte,Vercelli,VC,45.366259,8.172627
Scopa,scopa,Piemonte,Vercelli,VC,45.792678,8.113367
Scopello,scopello,Piemonte,Vercelli,VC,45.772756,8.094058
Serravalle Sesia,serravalle sesia,Piemonte,Vercelli,VC,45.685568,8.310924
Stroppiana,stroppiana,Piemonte,Vercelli,VC,45.230246,8.453732
Tricerro,tricerro,Piemonte,Vercelli,VC,45.235757,8.325333
Trino,trino,Piemonte,Vercelli,VC,45.19394,8.296987
Tronzano Vercellese,tronzano vercellese,Piemonte,Vercelli,VC,45.341258,8.173027
Valduggia,valduggia,Piemonte,Vercelli,VC,45.728369,8.329923
Varallo,varallo,Piemonte,Vercelli,VC,45.813731,8.259211
Vercelli,vercelli,Piemonte,Vercelli,VC,45.555383,8.346284
Villarboit,villarboit,Piemonte,Vercelli,VC,45.437362,8.337329
Villata,villata,Piemonte,Vercelli,VC,45.387762,8.432632
Vocca,vocca,Piemonte,Vercelli,VC,45.832585,8.194602
Alto Sermenza,alto sermenza,Piemonte,Vercelli,VC,45.872658,8.038157
Cellio con Breia,cellio con breia,Piemonte,Vercelli,VC,45.760606,8.309276
Agrate Conturbia,agrate conturbia,Piemonte,Novara,NO,45.675837,8.559812
Ameno,ameno,Piemonte,Novara,NO,45.788656,8.441311
Armeno,armeno,Piemonte,Novara,NO,45.822457,8.439199
Arona,arona,Piemonte,Novara,NO,45.759837,8.560408
Barengo,barengo,Piemonte,Novara,NO,45.57545,8.51395
Bellinzago Novarese,bellinzago novarese,Piemonte,Novara,NO,45.568768,8.643233
Biandrate,biandrate,Piemonte,Novara,NO,45.452664,8.462432
Boca,boca,Piemonte,Novara,NO,45.678969,8.408726
Bogogno,bogogno,Piemonte,Novara,NO,45.667273,8.534066
Bolzano Novarese,bolzano novarese,Piemonte,Novara,NO,45.762786,8.445175
Borgolavezzaro,borgolavezzaro,Piemonte,Novara,NO,45.319663,8.699539
Borgomanero,borgomanero,Piemonte,Novara,NO,45.698911,8.462367
Borgo Ticino,borgo ticino,Piemonte,Novara,NO,45.689268,8.60183
Briga Novarese,briga novarese,Piemonte,Novara,NO,45.731871,8.456726
Briona,briona,Piemonte,Novara,NO,45.542466,8.47973
Caltignaga,caltignaga,Piemonte,Novara,NO,45.516976,8.587782
Cameri,cameri,Piemonte,Novara,NO,45.499674,8.660451
Carpignano Sesia,carpignano sesia,Piemonte,Novara,NO,45.534635,8.418519
Casalbeltrame,casalbeltrame,Piemonte,Novara,NO,45.438064,8.466532
Casaleggio Novara,casaleggio novara,Piemonte,Novara,NO,45.488765,8.491931
Casalino,casalino,Piemonte,Novara,NO,45.102415,8.248872
Casalvolone,casalvolone,Piemonte,Novara,NO,45.400198,8.463421
Castellazzo Novarese,castellazzo novarese,Piemonte,Novara,NO,45.513366,8.486931
Castelletto sopra Ticino,castelletto sopra ticino,Piemonte,Novara,NO,45.712169,8.642977
Cavaglietto,cavaglietto,Piemonte,Novara,NO,45.602168,8.50213
Cavaglio d'Agogna,cavaglio d'agogna,Piemonte,Novara,NO,45.613168,8.486129
Cavallirio,cavallirio,Piemonte,Novara,NO,45.663368,8.394526
Cerano,cerano,Piemonte,Novara,NO,45.410966,8.780039
Colazza,colazza,Piemonte,Novara,NO,45.792573,8.500326
Comignago,comignago,Piemonte,Novara,NO,45.714871,8.564029
Cressa,cressa,Piemonte,Novara,NO,45.647072,8.50815
Cureggio,cureggio,Piemonte,Novara,NO,45.674869,8.459727
Divignano,divignano,Piemonte,Novara,NO,45.66237,8.601631
Dormelletto,dormelletto,Piemonte,Novara,NO,45.736272,8.566628
Fara Novarese,fara novarese,Piemonte,Novara,NO,45.555159,8.458941
Fontaneto d'Agogna,fontaneto d'agogna,Piemonte,Novara,NO,45.643469,8.480828
Galliate,galliate,Piemonte,Novara,NO,45.478267,8.696903
Garbagna Novarese,garbagna novarese,Piemonte,Novara,NO,45.388764,8.661237
Gargallo,gargallo,Piemonte,Novara,NO,45.72877,8.425325
Ghemme,ghemme,Piemonte,Novara,NO,45.598346,8.420904
Gozzano,gozzano,Piemonte,Novara,NO,45.746457,8.436067
Granozzo con Monticello,granozzo con monticello,Piemonte,Novara,NO,45.371139,8.587767
Grignasco,grignasco,Piemonte,Novara,NO,45.684099,8.337853
Invorio,invorio,Piemonte,Novara,NO,45.756972,8.488326
Landiona,landiona,Piemonte,Novara,NO,45.496357,8.42308
Lesa,lesa,Piemonte,Novara,NO,45.829644,8.564857
Maggiora,maggiora,Piemonte,Novara,NO,45.689369,8.422326
Mandello Vitta,mandello vitta,Piemonte,Novara,NO,45.495665,8.459831
Marano Ticino,marano ticino,Piemonte,Novara,NO,45.62987,8.631632
Massino Visconti,massino visconti,Piemonte,Novara,NO,45.824206,8.540942
Meina,meina,Piemonte,Novara,NO,45.788773,8.538827
Mezzomerico,mezzomerico,Piemonte,Novara,NO,45.618687,8.605518
Miasino,miasino,Piemonte,Novara,NO,45.801972,8.429724
Momo,momo,Piemonte,Novara,NO,45.574889,8.556139
Nebbiuno,nebbiuno,Piemonte,Novara,NO,45.803573,8.527126
Nibbiola,nibbiola,Piemonte,Novara,NO,45.371483,8.654978
Novara,novara,Piemonte,Novara,NO,45.58425,8.545997
Oleggio,oleggio,Piemonte,Novara,NO,45.597231,8.637068
Oleggio Castello,oleggio castello,Piemonte,Novara,NO,45.748872,8.527127
Orta San Giulio,orta san giulio,Piemonte,Novara,NO,45.798081,8.406951
Paruzzaro,paruzzaro,Piemonte,Novara,NO,45.750241,8.517599
Pella,pella,Piemonte,Novara,NO,45.801625,8.384779
Pettenasco,pettenasco,Piemonte,Novara,NO,45.816693,8.406617
Pisano,pisano,Piemonte,Novara,NO,45.792298,8.508975
Pogno,pogno,Piemonte,Novara,NO,45.759039,8.383426
Pombia,pombia,Piemonte,Novara,NO,45.65083,8.632293
Prato Sesia,prato sesia,Piemonte,Novara,NO,45.646849,8.372939
Recetto,recetto,Piemonte,Novara,NO,45.460364,8.435731
Romagnano Sesia,romagnano sesia,Piemonte,Novara,NO,45.631067,8.388627
Romentino,romentino,Piemonte,Novara,NO,45.462553,8.720777
San Maurizio d'Opaglio,san maurizio d'opaglio,Piemonte,Novara,NO,45.773453,8.390395
San Nazzaro Sesia,san nazzaro sesia,Piemonte,Novara,NO,45.438273,8.424073
San Pietro Mosezzo,san pietro mosezzo,Piemonte,Novara,NO,45.455881,8.54419
Sillavengo,sillavengo,Piemonte,Novara,NO,45.520665,8.44103
Sizzano,sizzano,Piemonte,Novara,NO,45.577467,8.437329
Soriso,soriso,Piemonte,Novara,NO,45.741737,8.409703
Sozzago,sozzago,Piemonte,Novara,NO,45.398565,8.720338
Suno,suno,Piemonte,Novara,NO,45.633369,8.54283
Terdobbiate,terdobbiate,Piemonte,Novara,NO,45.376564,8.695238
Tornaco,tornaco,Piemonte,Novara,NO,45.357564,8.715939
Trecate,trecate,Piemonte,Novara,NO,45.431965,8.735293
Vaprio d'Agogna,vaprio d'agogna,Piemonte,Novara,NO,45.603513,8.553431
Varallo Pombia,varallo pombia,Piemonte,Novara,NO,45.665904,8.632693
Vespolate,vespolate,Piemonte,Novara,NO,45.350871,8.668921
Vicolungo,vicolungo,Piemonte,Novara,NO,45.477564,8.462731
Vinzaglio,vinzaglio,Piemonte,Novara,NO,45.322961,8.519135
Gattico-Veruno,gattico-veruno,Piemonte,Novara,NO,45.702046,8.52983
Acceglio,acceglio,Piemonte,Cuneo,CN,44.474627,6.990918
Aisone,aisone,Piemonte,Cuneo,CN,44.313925,7.219626
Alba,alba,Piemonte,Cuneo,CN,44.700724,8.035779
Albaretto della Torre,albaretto della torre,Piemonte,Cuneo,CN,44.595911,8.064064
Alto,alto,Piemonte,Cuneo,CN,44.108946,8.003074
Argentera,argentera,Piemonte,Cuneo,CN,44.374629,6.954209
Arguello,arguello,Piemonte,Cuneo,CN,44.58274,8.11084
Bagnasco,bagnasco,Piemonte,Cuneo,CN,44.301333,8.043144
Bagnolo Piemonte,bagnolo piemonte,Piemonte,Cuneo,CN,44.760336,7.31392
Baldissero d'Alba,baldissero d'alba,Piemonte,Cuneo,CN,44.759519,7.914349
Barbaresco,barbaresco,Piemonte,Cuneo,CN,44.725447,8.080696
Barge,barge,Piemonte,Cuneo,CN,44.727536,7.321021
Barolo,barolo,Piemonte,Cuneo,CN,44.610841,7.942845
Bastia Mondovì,bastia mondovi,Piemonte,Cuneo,CN,44.441935,7.894438
Battifollo,battifollo,Piemonte,Cuneo,CN,44.319833,8.010943
Beinette,beinette,Piemonte,Cuneo,CN,44.364835,7.646733
Bellino,bellino,Piemonte,Cuneo,CN,44.582338,6.990826
Belvedere Langhe,belvedere langhe,Piemonte,Cuneo,CN,44.493036,7.974639
Bene Vagienna,bene vagienna,Piemonte,Cuneo,CN,44.543336,7.828335
Benevello,benevello,Piemonte,Cuneo,CN,44.629841,8.104139
Bergolo,bergolo,Piemonte,Cuneo,CN,44.54784,8.183142
Bernezzo,bernezzo,Piemonte,Cuneo,CN,44.385329,7.436329
Bonvicino,bonvicino,Piemonte,Cuneo,CN,44.503537,8.01754
Borgomale,borgomale,Piemonte,Cuneo,CN,44.620341,8.13224
Borgo San Dalmazzo,borgo san dalmazzo,Piemonte,Cuneo,CN,44.328652,7.487456
Bosia,bosia,Piemonte,Cuneo,CN,44.602359,8.147252
Bossolasco,bossolasco,Piemonte,Cuneo,CN,44.529338,8.05094
Boves,boves,Piemonte,Cuneo,CN,44.329626,7.551894
Bra,bra,Piemonte,Cuneo,CN,44.697678,7.854271
Briaglia,briaglia,Piemonte,Cuneo,CN,44.395676,7.876004
Briga Alta,briga alta,Piemonte,Cuneo,CN,44.14893,7.73051
Brondello,brondello,Piemonte,Cuneo,CN,44.600734,7.405925
Brossasco,brossasco,Piemonte,Cuneo,CN,44.569837,7.361615
Busca,busca,Piemonte,Cuneo,CN,44.518132,7.474328
Camerana,camerana,Piemonte,Cuneo,CN,44.424036,8.141444
Canale,canale,Piemonte,Cuneo,CN,44.798544,7.997334
Canosio,canosio,Piemonte,Cuneo,CN,44.455827,7.082721
Caprauna,caprauna,Piemonte,Cuneo,CN,44.118902,7.950257
Caraglio,caraglio,Piemonte,Cuneo,CN,44.416989,7.43259
Caramagna Piemonte,caramagna piemonte,Piemonte,Cuneo,CN,44.782241,7.739429
Cardè,carde,Piemonte,Cuneo,CN,44.744438,7.477624
Carrù,carru,Piemonte,Cuneo,CN,44.481035,7.874437
Cartignano,cartignano,Piemonte,Cuneo,CN,44.477654,7.287771
Casalgrasso,casalgrasso,Piemonte,Cuneo,CN,44.819641,7.624625
Castagnito,castagnito,Piemonte,Cuneo,CN,44.755443,8.031335
Casteldelfino,casteldelfino,Piemonte,Cuneo,CN,44.589638,7.07032
Castelletto Stura,castelletto stura,Piemonte,Cuneo,CN,44.441789,7.638649
Castelletto Uzzone,castelletto uzzone,Piemonte,Cuneo,CN,44.494338,8.186743
Castellinaldo d'Alba,castellinaldo d'alba,Piemonte,Cuneo,CN,44.774951,8.029984
Castellino Tanaro,castellino tanaro,Piemonte,Cuneo,CN,44.427835,7.98124
Castelmagno,castelmagno,Piemonte,Cuneo,CN,44.409323,7.207187
Castelnuovo di Ceva,castelnuovo di ceva,Piemonte,Cuneo,CN,44.353635,8.128945
Castiglione Falletto,castiglione falletto,Piemonte,Cuneo,CN,44.623699,7.977453
Castiglione Tinella,castiglione tinella,Piemonte,Cuneo,CN,44.725344,8.190139
Castino,castino,Piemonte,Cuneo,CN,44.617841,8.182441
Cavallerleone,cavallerleone,Piemonte,Cuneo,CN,44.740139,7.663928
Cavallermaggiore,cavallermaggiore,Piemonte,Cuneo,CN,44.709839,7.686329
Celle di Macra,celle di macra,Piemonte,Cuneo,CN,44.482936,7.179706
Centallo,centallo,Piemonte,Cuneo,CN,44.501533,7.58783
Ceresole Alba,ceresole alba,Piemonte,Cuneo,CN,44.799742,7.82243
Cerretto Langhe,cerretto langhe,Piemonte,Cuneo,CN,44.574839,8.09794
Cervasca,cervasca,Piemonte,Cuneo,CN,44.380929,7.47123
Cervere,cervere,Piemonte,Cuneo,CN,44.635438,7.791932
Ceva,ceva,Piemonte,Cuneo,CN,44.387276,8.033048
Cherasco,cherasco,Piemonte,Cuneo,CN,44.652219,7.858015
Chiusa di Pesio,chiusa di pesio,Piemonte,Cuneo,CN,44.32643,7.675436
Cigliè,ciglie,Piemonte,Cuneo,CN,44.436535,7.926539
Cissone,cissone,Piemonte,Cuneo,CN,44.563139,8.030439
Clavesana,clavesana,Piemonte,Cuneo,CN,44.481939,7.912079
Corneliano d'Alba,corneliano d'alba,Piemonte,Cuneo,CN,44.735937,7.959851
Cortemilia,cortemilia,Piemonte,Cuneo,CN,44.579471,8.193302
Cossano Belbo,cossano belbo,Piemonte,Cuneo,CN,44.668989,8.198579
Costigliole Saluzzo,costigliole saluzzo,Piemonte,Cuneo,CN,44.564534,7.485427
Cravanzana,cravanzana,Piemonte,Cuneo,CN,44.57462,8.126185
Crissolo,crissolo,Piemonte,Cuneo,CN,44.699166,7.157719
Cuneo,cuneo,Piemonte,Cuneo,CN,44.45807,7.558137
Demonte,demonte,Piemonte,Cuneo,CN,44.315264,7.297508
Diano d'Alba,diano d'alba,Piemonte,Cuneo,CN,44.65031,8.027508
Dogliani,dogliani,Piemonte,Cuneo,CN,44.530782,7.947233
Dronero,dronero,Piemonte,Cuneo,CN,44.465942,7.367256
Elva,elva,Piemonte,Cuneo,CN,44.540329,7.090319
Entracque,entracque,Piemonte,Cuneo,CN,44.241425,7.399331
Envie,envie,Piemonte,Cuneo,CN,44.682235,7.371123
Farigliano,farigliano,Piemonte,Cuneo,CN,44.512031,7.914245
Faule,faule,Piemonte,Cuneo,CN,44.80624,7.585125
Feisoglio,feisoglio,Piemonte,Cuneo,CN,44.543739,8.104941
Fossano,fossano,Piemonte,Cuneo,CN,44.549349,7.725016
Frabosa Soprana,frabosa soprana,Piemonte,Cuneo,CN,44.287769,7.806567
Frabosa Sottana,frabosa sottana,Piemonte,Cuneo,CN,44.302165,7.798008
Frassino,frassino,Piemonte,Cuneo,CN,44.571632,7.276023
Gaiola,gaiola,Piemonte,Cuneo,CN,44.335245,7.406784
Gambasca,gambasca,Piemonte,Cuneo,CN,44.628734,7.347323
Garessio,garessio,Piemonte,Cuneo,CN,44.202931,8.019253
Genola,genola,Piemonte,Cuneo,CN,44.588936,7.66453
Gorzegno,gorzegno,Piemonte,Cuneo,CN,44.512838,8.135142
Gottasecca,gottasecca,Piemonte,Cuneo,CN,44.460137,8.167544
Govone,govone,Piemonte,Cuneo,CN,44.804445,8.094036
Grinzane Cavour,grinzane cavour,Piemonte,Cuneo,CN,44.65334,7.995036
Guarene,guarene,Piemonte,Cuneo,CN,44.739486,8.034836
Igliano,igliano,Piemonte,Cuneo,CN,44.442936,8.013341
Isasca,isasca,Piemonte,Cuneo,CN,44.587633,7.381625
Lagnasco,lagnasco,Piemonte,Cuneo,CN,44.624928,7.555576
La Morra,la morra,Piemonte,Cuneo,CN,44.63848,7.932582
Lequio Berria,lequio berria,Piemonte,Cuneo,CN,44.60584,8.098139
Lequio Tanaro,lequio tanaro,Piemonte,Cuneo,CN,44.559937,7.882136
Lesegno,lesegno,Piemonte,Cuneo,CN,44.402234,7.97084
Levice,levice,Piemonte,Cuneo,CN,44.538239,8.155042
Limone Piemonte,limone piemonte,Piemonte,Cuneo,CN,44.202726,7.576336
Lisio,lisio,Piemonte,Cuneo,CN,44.307132,7.978742
Macra,macra,Piemonte,Cuneo,CN,44.500248,7.17926
Magliano Alfieri,magliano alfieri,Piemonte,Cuneo,CN,44.769244,8.070136
Magliano Alpi,magliano alpi,Piemonte,Cuneo,CN,44.459634,7.805336
Mango,mango,Piemonte,Cuneo,CN,44.686443,8.150239
Manta,manta,Piemonte,Cuneo,CN,44.615872,7.48702
Marene,marene,Piemonte,Cuneo,CN,44.661972,7.729157
Margarita,margarita,Piemonte,Cuneo,CN,44.403432,7.684934
Marmora,marmora,Piemonte,Cuneo,CN,44.439247,7.123515
Marsaglia,marsaglia,Piemonte,Cuneo,CN,44.453858,7.981246
Martiniana Po,martiniana po,Piemonte,Cuneo,CN,44.627234,7.362823
Melle,melle,Piemonte,Cuneo,CN,44.562048,7.32049
Moiola,moiola,Piemonte,Cuneo,CN,44.321127,7.38973
Mombarcaro,mombarcaro,Piemonte,Cuneo,CN,44.467637,8.088242
Mombasiglio,mombasiglio,Piemonte,Cuneo,CN,44.366633,7.967941
Monastero di Vasco,monastero di vasco,Piemonte,Cuneo,CN,44.330752,7.823675
Monasterolo Casotto,monasterolo casotto,Piemonte,Cuneo,CN,44.328232,7.943241
Monasterolo di Savigliano,monasterolo di savigliano,Piemonte,Cuneo,CN,44.686338,7.619528
Monchiero,monchiero,Piemonte,Cuneo,CN,44.570538,7.920236
Mondovì,mondovi,Piemonte,Cuneo,CN,44.390028,7.820472
Monesiglio,monesiglio,Piemonte,Cuneo,CN,44.465037,8.118542
Monforte d'Alba,monforte d'alba,Piemonte,Cuneo,CN,44.582438,7.969637
Montà,monta,Piemonte,Cuneo,CN,44.813644,7.957233
Montaldo di Mondovì,montaldo di mondovi,Piemonte,Cuneo,CN,44.321731,7.86714
Montaldo Roero,montaldo roero,Piemonte,Cuneo,CN,44.768719,7.924151
Montanera,montanera,Piemonte,Cuneo,CN,44.462233,7.665633
Montelupo Albese,montelupo albese,Piemonte,Cuneo,CN,44.62144,8.048038
Montemale di Cuneo,montemale di cuneo,Piemonte,Cuneo,CN,44.43743,7.375327
Monterosso Grana,monterosso grana,Piemonte,Cuneo,CN,44.408228,7.322927
Monteu Roero,monteu roero,Piemonte,Cuneo,CN,44.780686,7.931189
Montezemolo,montezemolo,Piemonte,Cuneo,CN,44.377035,8.141144
Monticello d'Alba,monticello d'alba,Piemonte,Cuneo,CN,44.718182,7.948204
Moretta,moretta,Piemonte,Cuneo,CN,44.763839,7.537125
Morozzo,morozzo,Piemonte,Cuneo,CN,44.423932,7.713335
Murazzano,murazzano,Piemonte,Cuneo,CN,44.474649,8.021336
Murello,murello,Piemonte,Cuneo,CN,44.752139,7.600926
Narzole,narzole,Piemonte,Cuneo,CN,44.595438,7.869835
Neive,neive,Piemonte,Cuneo,CN,44.72605,8.115186
Neviglie,neviglie,Piemonte,Cuneo,CN,44.691942,8.116838
Niella Belbo,niella belbo,Piemonte,Cuneo,CN,44.512738,8.079341
Niella Tanaro,niella tanaro,Piemonte,Cuneo,CN,44.413112,7.922952
Novello,novello,Piemonte,Cuneo,CN,44.587706,7.927116
Nucetto,nucetto,Piemonte,Cuneo,CN,44.340334,8.060343
Oncino,oncino,Piemonte,Cuneo,CN,44.676262,7.190376
Ormea,ormea,Piemonte,Cuneo,CN,44.148871,7.912606
Ostana,ostana,Piemonte,Cuneo,CN,44.692521,7.188312
Paesana,paesana,Piemonte,Cuneo,CN,44.684564,7.273841
Pagno,pagno,Piemonte,Cuneo,CN,44.611734,7.425725
Pamparato,pamparato,Piemonte,Cuneo,CN,44.277029,7.913714
Paroldo,paroldo,Piemonte,Cuneo,CN,44.432036,8.072442
Perletto,perletto,Piemonte,Cuneo,CN,44.599341,8.213042
Perlo,perlo,Piemonte,Cuneo,CN,44.32202,8.094944
Peveragno,peveragno,Piemonte,Cuneo,CN,44.330015,7.617468
Pezzolo Valle Uzzone,pezzolo valle uzzone,Piemonte,Cuneo,CN,44.53874,8.193943
Pianfei,pianfei,Piemonte,Cuneo,CN,44.372031,7.711435
Piasco,piasco,Piemonte,Cuneo,CN,44.568001,7.457775
Pietraporzio,pietraporzio,Piemonte,Cuneo,CN,44.343768,7.033462
Piobesi d'Alba,piobesi d'alba,Piemonte,Cuneo,CN,44.735019,7.979668
Piozzo,piozzo,Piemonte,Cuneo,CN,44.515655,7.892257
Pocapaglia,pocapaglia,Piemonte,Cuneo,CN,44.715241,7.882933
Polonghera,polonghera,Piemonte,Cuneo,CN,44.80234,7.595725
Pontechianale,pontechianale,Piemonte,Cuneo,CN,44.622646,7.02998
Pradleves,pradleves,Piemonte,Cuneo,CN,44.418346,7.280699
Prazzo,prazzo,Piemonte,Cuneo,CN,44.482898,7.055396
Priero,priero,Piemonte,Cuneo,CN,44.376035,8.093343
Priocca,priocca,Piemonte,Cuneo,CN,44.787185,8.061645
Priola,priola,Piemonte,Cuneo,CN,44.245575,8.022422
Prunetto,prunetto,Piemonte,Cuneo,CN,44.488441,8.14375
Racconigi,racconigi,Piemonte,Cuneo,CN,44.769819,7.678887
Revello,revello,Piemonte,Cuneo,CN,44.654948,7.389914
Rifreddo,rifreddo,Piemonte,Cuneo,CN,44.650734,7.346423
Rittana,rittana,Piemonte,Cuneo,CN,44.351028,7.398429
Roaschia,roaschia,Piemonte,Cuneo,CN,44.270105,7.455976
Roascio,roascio,Piemonte,Cuneo,CN,44.417138,8.022343
Robilante,robilante,Piemonte,Cuneo,CN,44.294182,7.511178
Roburent,roburent,Piemonte,Cuneo,CN,44.306331,7.89224
Roccabruna,roccabruna,Piemonte,Cuneo,CN,44.47453,7.343726
Rocca Cigliè,rocca ciglie,Piemonte,Cuneo,CN,44.445235,7.950939
Rocca de' Baldi,rocca de' baldi,Piemonte,Cuneo,CN,44.423633,7.761136
Roccaforte Mondovì,roccaforte mondovi,Piemonte,Cuneo,CN,44.31794,7.744742
Roccasparvera,roccasparvera,Piemonte,Cuneo,CN,44.341583,7.440791
Roccavione,roccavione,Piemonte,Cuneo,CN,44.314628,7.482432
Rocchetta Belbo,rocchetta belbo,Piemonte,Cuneo,CN,44.636042,8.17534
Roddi,roddi,Piemonte,Cuneo,CN,44.679641,7.975435
Roddino,roddino,Piemonte,Cuneo,CN,44.573849,8.019119
Rodello,rodello,Piemonte,Cuneo,CN,44.62854,8.056838
Rossana,rossana,Piemonte,Cuneo,CN,44.543333,7.433826
Ruffia,ruffia,Piemonte,Cuneo,CN,44.706638,7.604027
Sale delle Langhe,sale delle langhe,Piemonte,Cuneo,CN,44.395235,8.080143
Sale San Giovanni,sale san giovanni,Piemonte,Cuneo,CN,44.399902,8.078891
Saliceto,saliceto,Piemonte,Cuneo,CN,44.413336,8.168644
Salmour,salmour,Piemonte,Cuneo,CN,44.578037,7.791833
Saluzzo,saluzzo,Piemonte,Cuneo,CN,44.644605,7.492601
Sambuco,sambuco,Piemonte,Cuneo,CN,44.336292,7.079338
Sampeyre,sampeyre,Piemonte,Cuneo,CN,44.579684,7.188889
San Benedetto Belbo,san benedetto belbo,Piemonte,Cuneo,CN,44.490137,8.057841
San Damiano Macra,san damiano macra,Piemonte,Cuneo,CN,44.48873,7.258424
Sanfrè,sanfre,Piemonte,Cuneo,CN,44.749384,7.803374
Sanfront,sanfront,Piemonte,Cuneo,CN,44.647034,7.321022
San Michele Mondovì,san michele mondovi,Piemonte,Cuneo,CN,44.377031,7.911036
Sant'Albano Stura,sant'albano stura,Piemonte,Cuneo,CN,44.508934,7.722333
Santa Vittoria d'Alba,santa vittoria d'alba,Piemonte,Cuneo,CN,44.698641,7.937334
Santo Stefano Belbo,santo stefano belbo,Piemonte,Cuneo,CN,44.70774,8.230731
Santo Stefano Roero,santo stefano roero,Piemonte,Cuneo,CN,44.788443,7.940933
Savigliano,savigliano,Piemonte,Cuneo,CN,44.644037,7.655929
Scagnello,scagnello,Piemonte,Cuneo,CN,44.333333,7.986442
Scarnafigi,scarnafigi,Piemonte,Cuneo,CN,44.67881,7.56595
Serralunga d'Alba,serralunga d'alba,Piemonte,Cuneo,CN,44.610686,8.000556
Serravalle Langhe,serravalle langhe,Piemonte,Cuneo,CN,44.559239,8.058639
Sinio,sinio,Piemonte,Cuneo,CN,44.600339,8.019938
Somano,somano,Piemonte,Cuneo,CN,44.535338,8.007839
Sommariva del Bosco,sommariva del bosco,Piemonte,Cuneo,CN,44.768741,7.78533
Sommariva Perno,sommariva perno,Piemonte,Cuneo,CN,44.745642,7.900633
Stroppo,stroppo,Piemonte,Cuneo,CN,44.506858,7.125828
Tarantasca,tarantasca,Piemonte,Cuneo,CN,44.493679,7.543677
Torre Bormida,torre bormida,Piemonte,Cuneo,CN,44.56274,8.154441
Torre Mondovì,torre mondovi,Piemonte,Cuneo,CN,44.352832,7.89964
Torre San Giorgio,torre san giorgio,Piemonte,Cuneo,CN,44.735739,7.528128
Torresina,torresina,Piemonte,Cuneo,CN,44.433639,8.036745
Treiso,treiso,Piemonte,Cuneo,CN,44.689151,8.086845
Trezzo Tinella,trezzo tinella,Piemonte,Cuneo,CN,44.677049,8.107468
Trinità,trinita,Piemonte,Cuneo,CN,44.508277,7.757897
Valdieri,valdieri,Piemonte,Cuneo,CN,44.277626,7.397631
Valgrana,valgrana,Piemonte,Cuneo,CN,44.411229,7.380128
Valloriate,valloriate,Piemonte,Cuneo,CN,44.338067,7.374371
Venasca,venasca,Piemonte,Cuneo,CN,44.562163,7.396865
Verduno,verduno,Piemonte,Cuneo,CN,44.66614,7.930735
Vernante,vernante,Piemonte,Cuneo,CN,44.245027,7.533834
Verzuolo,verzuolo,Piemonte,Cuneo,CN,44.602899,7.474941
Vezza d'Alba,vezza d'alba,Piemonte,Cuneo,CN,44.76364,7.996134
Vicoforte,vicoforte,Piemonte,Cuneo,CN,44.374442,7.872552
Vignolo,vignolo,Piemonte,Cuneo,CN,44.362229,7.472731
Villafalletto,villafalletto,Piemonte,Cuneo,CN,44.543734,7.540129
Villanova Mondovì,villanova mondovi,Piemonte,Cuneo,CN,44.346932,7.766338
Villanova Solaro,villanova solaro,Piemonte,Cuneo,CN,44.729938,7.574426
Villar San Costanzo,villar san costanzo,Piemonte,Cuneo,CN,44.484731,7.382226
Vinadio,vinadio,Piemonte,Cuneo,CN,44.309025,7.176025
Viola,viola,Piemonte,Cuneo,CN,44.290744,7.966471
Vottignasco,vottignasco,Piemonte,Cuneo,CN,44.564134,7.579129
Agliano Terme,agliano terme,Piemonte,Asti,AT,44.791012,8.249988
Albugnano,albugnano,Piemonte,Asti,AT,45.077966,7.971154
Antignano,antignano,Piemonte,Asti,AT,44.845059,8.13484
Aramengo,aramengo,Piemonte,Asti,AT,45.101082,8.000528
Asti,asti,Piemonte,Asti,AT,44.826013,8.202686
Azzano d'Asti,azzano d'asti,Piemonte,Asti,AT,44.874588,8.267791
Baldichieri d'Asti,baldichieri d'asti,Piemonte,Asti,AT,44.905948,8.091638
Belveglio,belveglio,Piemonte,Asti,AT,44.830438,8.330191
Berzano di San Pietro,berzano di san pietro,Piemonte,Asti,AT,45.094813,7.953012
Bruno,bruno,Piemonte,Asti,AT,44.793248,8.440543
Bubbio,bubbio,Piemonte,Asti,AT,44.663673,8.295134
Buttigliera d'Asti,buttigliera d'asti,Piemonte,Asti,AT,45.022638,7.950799
Calamandrana,calamandrana,Piemonte,Asti,AT,44.737016,8.334154
Calliano,calliano,Piemonte,Asti,AT,45.007826,8.25694
Calosso,calosso,Piemonte,Asti,AT,44.739837,8.227501
Camerano Casasco,camerano casasco,Piemonte,Asti,AT,44.991013,8.091198
Canelli,canelli,Piemonte,Asti,AT,44.719278,8.287138
Cantarana,cantarana,Piemonte,Asti,AT,44.900516,8.030217
Capriglio,capriglio,Piemonte,Asti,AT,45.004136,8.007991
Casorzo,casorzo,Piemonte,Asti,AT,45.02339,8.334503
Cassinasco,cassinasco,Piemonte,Asti,AT,44.689092,8.303238
Castagnole delle Lanze,castagnole delle lanze,Piemonte,Asti,AT,44.75114,8.150245
Castagnole Monferrato,castagnole monferrato,Piemonte,Asti,AT,44.961596,8.306235
Castel Boglione,castel boglione,Piemonte,Asti,AT,44.720396,8.380106
Castell'Alfero,castell'alfero,Piemonte,Asti,AT,44.982097,8.209929
Castellero,castellero,Piemonte,Asti,AT,44.924338,8.074544
Castelletto Molina,castelletto molina,Piemonte,Asti,AT,44.750955,8.433094
Castello di Annone,castello di annone,Piemonte,Asti,AT,44.879039,8.31389
Castelnuovo Belbo,castelnuovo belbo,Piemonte,Asti,AT,44.801534,8.412187
Castelnuovo Calcea,castelnuovo calcea,Piemonte,Asti,AT,44.788106,8.2853
Castelnuovo Don Bosco,castelnuovo don bosco,Piemonte,Asti,AT,45.040849,7.963128
Castel Rocchero,castel rocchero,Piemonte,Asti,AT,44.718346,8.415344
Cellarengo,cellarengo,Piemonte,Asti,AT,44.866689,7.944725
Celle Enomondo,celle enomondo,Piemonte,Asti,AT,44.857347,8.122392
Cerreto d'Asti,cerreto d'asti,Piemonte,Asti,AT,45.05215,8.035071
Cerro Tanaro,cerro tanaro,Piemonte,Asti,AT,44.872416,8.360249
Cessole,cessole,Piemonte,Asti,AT,44.648944,8.24364
Chiusano d'Asti,chiusano d'asti,Piemonte,Asti,AT,44.985716,8.117159
Cinaglio,cinaglio,Piemonte,Asti,AT,44.975249,8.100033
Cisterna d'Asti,cisterna d'asti,Piemonte,Asti,AT,44.825007,8.004618
Coazzolo,coazzolo,Piemonte,Asti,AT,44.72837,8.145331
Cocconato,cocconato,Piemonte,Asti,AT,45.087459,8.039221
Corsione,corsione,Piemonte,Asti,AT,45.000907,8.146056
Cortandone,cortandone,Piemonte,Asti,AT,44.958967,8.057802
Cortanze,cortanze,Piemonte,Asti,AT,45.015018,8.08938
Cortazzone,cortazzone,Piemonte,Asti,AT,44.979636,8.061662
Cortiglione,cortiglione,Piemonte,Asti,AT,44.822849,8.358889
Cossombrato,cossombrato,Piemonte,Asti,AT,44.99432,8.136651
Costigliole d'Asti,costigliole d'asti,Piemonte,Asti,AT,44.786418,8.182223
Cunico,cunico,Piemonte,Asti,AT,45.03995,8.096731
Dusino San Michele,dusino san michele,Piemonte,Asti,AT,44.925493,7.97219
Ferrere,ferrere,Piemonte,Asti,AT,44.875446,7.994732
Fontanile,fontanile,Piemonte,Asti,AT,44.753259,8.422351
Frinco,frinco,Piemonte,Asti,AT,45.004901,8.168806
Grana,grana,Piemonte,Asti,AT,44.998351,8.299436
Grazzano Badoglio,grazzano badoglio,Piemonte,Asti,AT,45.039582,8.313553
Incisa Scapaccino,incisa scapaccino,Piemonte,Asti,AT,44.808456,8.373444
Isola d'Asti,isola d'asti,Piemonte,Asti,AT,44.829367,8.177452
Loazzolo,loazzolo,Piemonte,Asti,AT,44.669043,8.258442
Maranzana,maranzana,Piemonte,Asti,AT,44.760563,8.478257
Maretto,maretto,Piemonte,Asti,AT,44.944711,8.034271
Moasca,moasca,Piemonte,Asti,AT,44.762719,8.277822
Mombaldone,mombaldone,Piemonte,Asti,AT,44.569556,8.330186
Mombaruzzo,mombaruzzo,Piemonte,Asti,AT,44.771349,8.448909
Mombercelli,mombercelli,Piemonte,Asti,AT,44.81771,8.294669
Monale,monale,Piemonte,Asti,AT,44.93605,8.071859
Monastero Bormida,monastero bormida,Piemonte,Asti,AT,44.648543,8.326643
Moncalvo,moncalvo,Piemonte,Asti,AT,45.050222,8.26522
Moncucco Torinese,moncucco torinese,Piemonte,Asti,AT,45.068107,7.932533
Mongardino,mongardino,Piemonte,Asti,AT,44.849233,8.218475
Montabone,montabone,Piemonte,Asti,AT,44.698745,8.390644
Montafia,montafia,Piemonte,Asti,AT,44.989289,8.024872
Montaldo Scarampi,montaldo scarampi,Piemonte,Asti,AT,44.830345,8.259052
Montechiaro d'Asti,montechiaro d'asti,Piemonte,Asti,AT,45.007816,8.112152
Montegrosso d'Asti,montegrosso d'asti,Piemonte,Asti,AT,44.823943,8.239782
Montemagno,montemagno,Piemonte,Asti,AT,44.983701,8.323579
Moransengo,moransengo,Piemonte,Asti,AT,45.11483,8.025051
Nizza Monferrato,nizza monferrato,Piemonte,Asti,AT,44.77331,8.353709
Olmo Gentile,olmo gentile,Piemonte,Asti,AT,44.58582,8.247201
Passerano Marmorito,passerano marmorito,Piemonte,Asti,AT,45.05585,8.018729
Penango,penango,Piemonte,Asti,AT,45.033201,8.250253
Piea,piea,Piemonte,Asti,AT,45.025113,8.071827
Pino d'Asti,pino d'asti,Piemonte,Asti,AT,45.05745,7.986229
Piovà Massaia,piova massaia,Piemonte,Asti,AT,45.054532,8.049276
Portacomaro,portacomaro,Piemonte,Asti,AT,44.957405,8.258145
Quaranti,quaranti,Piemonte,Asti,AT,44.750947,8.449144
Refrancore,refrancore,Piemonte,Asti,AT,44.936297,8.343661
Revigliasco d'Asti,revigliasco d'asti,Piemonte,Asti,AT,44.85854,8.158222
Roatto,roatto,Piemonte,Asti,AT,44.951609,8.027015
Robella,robella,Piemonte,Asti,AT,45.101652,8.10193
Rocca d'Arazzo,rocca d'arazzo,Piemonte,Asti,AT,44.873212,8.285806
Roccaverano,roccaverano,Piemonte,Asti,AT,44.592176,8.271898
Rocchetta Palafea,rocchetta palafea,Piemonte,Asti,AT,44.706723,8.346003
Rocchetta Tanaro,rocchetta tanaro,Piemonte,Asti,AT,44.858671,8.345706
San Damiano d'Asti,san damiano d'asti,Piemonte,Asti,AT,44.833445,8.063534
San Giorgio Scarampi,san giorgio scarampi,Piemonte,Asti,AT,44.611329,8.242425
San Martino Alfieri,san martino alfieri,Piemonte,Asti,AT,44.818627,8.109185
San Marzano Oliveto,san marzano oliveto,Piemonte,Asti,AT,44.754021,8.295757
San Paolo Solbrito,san paolo solbrito,Piemonte,Asti,AT,44.950565,7.970582
Scurzolengo,scurzolengo,Piemonte,Asti,AT,44.965799,8.278499
Serole,serole,Piemonte,Asti,AT,44.553887,8.259555
Sessame,sessame,Piemonte,Asti,AT,44.6695,8.337265
Settime,settime,Piemonte,Asti,AT,44.962466,8.11397
Soglio,soglio,Piemonte,Asti,AT,44.996298,8.078514
Tigliole,tigliole,Piemonte,Asti,AT,44.886952,8.075355
Tonco,tonco,Piemonte,Asti,AT,45.024451,8.190036
Tonengo,tonengo,Piemonte,Asti,AT,45.117473,8.00196
Vaglio Serra,vaglio serra,Piemonte,Asti,AT,44.796406,8.339014
Valfenera,valfenera,Piemonte,Asti,AT,44.901746,7.964331
Vesime,vesime,Piemonte,Asti,AT,44.636851,8.22817
Viale,viale,Piemonte,Asti,AT,45.000745,8.05012
Viarigi,viarigi,Piemonte,Asti,AT,44.980508,8.358455
Vigliano d'Asti,vigliano d'asti,Piemonte,Asti,AT,44.835433,8.231949
Villafranca d'Asti,villafranca d'asti,Piemonte,Asti,AT,44.91329,8.032501
Villanova d'Asti,villanova d'asti,Piemonte,Asti,AT,44.941889,7.937502
Villa San Secondo,villa san secondo,Piemonte,Asti,AT,45.005075,8.135249
Vinchio,vinchio,Piemonte,Asti,AT,44.807318,8.317386
Montiglio Monferrato,montiglio monferrato,Piemonte,Asti,AT,45.06447,8.098861
Acqui Terme,acqui terme,Piemonte,Alessandria,AL,44.675145,8.467546
Albera Ligure,albera ligure,Piemonte,Alessandria,AL,44.702351,9.066158
Alessandria,alessandria,Piemonte,Alessandria,AL,44.834953,8.74503
Alfiano Natta,alfiano natta,Piemonte,Alessandria,AL,45.048552,8.208334
Alice Bel Colle,alice bel colle,Piemonte,Alessandria,AL,44.726046,8.450745
Altavilla Monferrato,altavilla monferrato,Piemonte,Alessandria,AL,44.993552,8.375938
Alzano Scrivia,alzano scrivia,Piemonte,Alessandria,AL,45.018057,8.880649
Arquata Scrivia,arquata scrivia,Piemonte,Alessandria,AL,44.687845,8.885338
Avolasca,avolasca,Piemonte,Alessandria,AL,44.802832,8.965144
Balzola,balzola,Piemonte,Alessandria,AL,45.183005,8.402652
Basaluzzo,basaluzzo,Piemonte,Alessandria,AL,44.767905,8.704785
Bassignana,bassignana,Piemonte,Alessandria,AL,45.001634,8.734624
Belforte Monferrato,belforte monferrato,Piemonte,Alessandria,AL,44.625046,8.661251
Bergamasco,bergamasco,Piemonte,Alessandria,AL,44.827249,8.454743
Berzano di Tortona,berzano di tortona,Piemonte,Alessandria,AL,44.876356,8.949685
Bistagno,bistagno,Piemonte,Alessandria,AL,44.661518,8.369525
Borghetto di Borbera,borghetto di borbera,Piemonte,Alessandria,AL,44.730892,8.945331
Borgoratto Alessandrino,borgoratto alessandrino,Piemonte,Alessandria,AL,44.83625,8.538545
Borgo San Martino,borgo san martino,Piemonte,Alessandria,AL,45.090963,8.525829
Bosco Marengo,bosco marengo,Piemonte,Alessandria,AL,44.825551,8.677248
Bosio,bosio,Piemonte,Alessandria,AL,44.650033,8.792389
Bozzole,bozzole,Piemonte,Alessandria,AL,45.070192,8.606488
Brignano-Frascata,brignano-frascata,Piemonte,Alessandria,AL,44.810065,9.042552
Cabella Ligure,cabella ligure,Piemonte,Alessandria,AL,44.673751,9.09576
Camagna Monferrato,camagna monferrato,Piemonte,Alessandria,AL,45.017653,8.429739
Camino,camino,Piemonte,Alessandria,AL,45.162142,8.287403
Cantalupo Ligure,cantalupo ligure,Piemonte,Alessandria,AL,44.718152,9.044958
Capriata d'Orba,capriata d'orba,Piemonte,Alessandria,AL,44.727849,8.69085
Carbonara Scrivia,carbonara scrivia,Piemonte,Alessandria,AL,44.8494,8.869654
Carentino,carentino,Piemonte,Alessandria,AL,44.828739,8.471299
Carezzano,carezzano,Piemonte,Alessandria,AL,44.806893,8.900179
Carpeneto,carpeneto,Piemonte,Alessandria,AL,44.677202,8.606409
Carrega Ligure,carrega ligure,Piemonte,Alessandria,AL,44.619046,9.175637
Carrosio,carrosio,Piemonte,Alessandria,AL,44.658248,8.831554
Cartosio,cartosio,Piemonte,Alessandria,AL,44.591842,8.420131
Casal Cermelli,casal cermelli,Piemonte,Alessandria,AL,44.83495,8.624946
Casaleggio Boiro,casaleggio boiro,Piemonte,Alessandria,AL,44.633547,8.730452
Casale Monferrato,casale monferrato,Piemonte,Alessandria,AL,45.136266,8.449813
Casalnoceto,casalnoceto,Piemonte,Alessandria,AL,44.913177,8.981156
Casasco,casasco,Piemonte,Alessandria,AL,44.828347,9.005811
Cassine,cassine,Piemonte,Alessandria,AL,44.749948,8.527846
Cassinelle,cassinelle,Piemonte,Alessandria,AL,44.601544,8.563449
Castellania Coppi,castellania coppi,Piemonte,Alessandria,AL,44.798268,8.930478
Castellar Guidobono,castellar guidobono,Piemonte,Alessandria,AL,44.905726,8.948289
Castellazzo Bormida,castellazzo bormida,Piemonte,Alessandria,AL,44.84505,8.577245
Castelletto d'Erro,castelletto d'erro,Piemonte,Alessandria,AL,44.62559,8.394288
Castelletto d'Orba,castelletto d'orba,Piemonte,Alessandria,AL,44.684548,8.703951
Castelletto Merli,castelletto merli,Piemonte,Alessandria,AL,45.074454,8.240564
Castelletto Monferrato,castelletto monferrato,Piemonte,Alessandria,AL,44.981148,8.564545
Castelnuovo Bormida,castelnuovo bormida,Piemonte,Alessandria,AL,44.742648,8.548547
Castelnuovo Scrivia,castelnuovo scrivia,Piemonte,Alessandria,AL,44.980249,8.880356
Castelspina,castelspina,Piemonte,Alessandria,AL,44.806149,8.583146
Cavatore,cavatore,Piemonte,Alessandria,AL,44.630344,8.454247
Cella Monte,cella monte,Piemonte,Alessandria,AL,45.074868,8.391185
Cereseto,cereseto,Piemonte,Alessandria,AL,45.087654,8.319935
Cerreto Grue,cerreto grue,Piemonte,Alessandria,AL,44.842216,8.931119
Cerrina Monferrato,cerrina monferrato,Piemonte,Alessandria,AL,45.121354,8.213832
Coniolo,coniolo,Piemonte,Alessandria,AL,45.146852,8.371519
Conzano,conzano,Piemonte,Alessandria,AL,45.019717,8.456369
Costa Vescovato,costa vescovato,Piemonte,Alessandria,AL,44.81643,8.926872
Cremolino,cremolino,Piemonte,Alessandria,AL,44.635945,8.585249
Denice,denice,Piemonte,Alessandria,AL,44.598842,8.333145
Dernice,dernice,Piemonte,Alessandria,AL,44.766872,9.05076
Fabbrica Curone,fabbrica curone,Piemonte,Alessandria,AL,44.784954,9.147559
Felizzano,felizzano,Piemonte,Alessandria,AL,44.899964,8.436212
Fraconalto,fraconalto,Piemonte,Alessandria,AL,44.591047,8.878456
Francavilla Bisio,francavilla bisio,Piemonte,Alessandria,AL,44.734649,8.731251
Frascaro,frascaro,Piemonte,Alessandria,AL,44.826449,8.532245
Frassinello Monferrato,frassinello monferrato,Piemonte,Alessandria,AL,45.031753,8.387638
Frassineto Po,frassineto po,Piemonte,Alessandria,AL,45.133411,8.533943
Fresonara,fresonara,Piemonte,Alessandria,AL,44.78295,8.686149
Frugarolo,frugarolo,Piemonte,Alessandria,AL,44.837151,8.681548
Fubine Monferrato,fubine monferrato,Piemonte,Alessandria,AL,44.962752,8.42994
Gabiano,gabiano,Piemonte,Alessandria,AL,45.156754,8.195231
Gamalero,gamalero,Piemonte,Alessandria,AL,44.809049,8.541645
Garbagna,garbagna,Piemonte,Alessandria,AL,44.780453,8.997856
Gavi,gavi,Piemonte,Alessandria,AL,44.687649,8.809353
Giarole,giarole,Piemonte,Alessandria,AL,45.060555,8.566541
Gremiasco,gremiasco,Piemonte,Alessandria,AL,44.796254,9.106858
Grognardo,grognardo,Piemonte,Alessandria,AL,44.63055,8.492931
Grondona,grondona,Piemonte,Alessandria,AL,44.69645,8.965456
Guazzora,guazzora,Piemonte,Alessandria,AL,45.0138,8.843573
Isola Sant'Antonio,isola sant'antonio,Piemonte,Alessandria,AL,45.030501,8.848734
Lerma,lerma,Piemonte,Alessandria,AL,44.636047,8.715452
Malvicino,malvicino,Piemonte,Alessandria,AL,44.559342,8.413147
Masio,masio,Piemonte,Alessandria,AL,44.869649,8.407741
Melazzo,melazzo,Piemonte,Alessandria,AL,44.643944,8.424946
Merana,merana,Piemonte,Alessandria,AL,44.518798,8.298076
Mirabello Monferrato,mirabello monferrato,Piemonte,Alessandria,AL,45.035552,8.523249
Molare,molare,Piemonte,Alessandria,AL,44.618645,8.60055
Molino dei Torti,molino dei torti,Piemonte,Alessandria,AL,45.023436,8.892237
Mombello Monferrato,mombello monferrato,Piemonte,Alessandria,AL,45.132854,8.250333
Momperone,momperone,Piemonte,Alessandria,AL,44.838445,9.035317
Moncestino,moncestino,Piemonte,Alessandria,AL,45.15476,8.161422
Mongiardino Ligure,mongiardino ligure,Piemonte,Alessandria,AL,44.640139,9.061854
Monleale,monleale,Piemonte,Alessandria,AL,44.887066,8.980251
Montacuto,montacuto,Piemonte,Alessandria,AL,44.766453,9.104958
Montaldeo,montaldeo,Piemonte,Alessandria,AL,44.667147,8.730152
Montaldo Bormida,montaldo bormida,Piemonte,Alessandria,AL,44.682647,8.587848
Montecastello,montecastello,Piemonte,Alessandria,AL,44.949452,8.685741
Montechiaro d'Acqui,montechiaro d'acqui,Piemonte,Alessandria,AL,44.59494,8.37957
Montegioco,montegioco,Piemonte,Alessandria,AL,44.841776,8.963008
Montemarzino,montemarzino,Piemonte,Alessandria,AL,44.848338,8.99361
Morano sul Po,morano sul po,Piemonte,Alessandria,AL,45.164222,8.365692
Morbello,morbello,Piemonte,Alessandria,AL,44.590801,8.518387
Mornese,mornese,Piemonte,Alessandria,AL,44.639247,8.756153
Morsasco,morsasco,Piemonte,Alessandria,AL,44.665346,8.550848
Murisengo,murisengo,Piemonte,Alessandria,AL,45.083776,8.137233
Novi Ligure,novi ligure,Piemonte,Alessandria,AL,44.76085,8.789551
Occimiano,occimiano,Piemonte,Alessandria,AL,45.060255,8.50764
Odalengo Grande,odalengo grande,Piemonte,Alessandria,AL,45.10976,8.166903
Odalengo Piccolo,odalengo piccolo,Piemonte,Alessandria,AL,45.071652,8.206033
Olivola,olivola,Piemonte,Alessandria,AL,45.037388,8.367527
Orsara Bormida,orsara bormida,Piemonte,Alessandria,AL,44.690146,8.562748
Ottiglio,ottiglio,Piemonte,Alessandria,AL,45.054321,8.338375
Ovada,ovada,Piemonte,Alessandria,AL,44.638346,8.64525
Oviglio,oviglio,Piemonte,Alessandria,AL,44.86125,8.487743
Ozzano Monferrato,ozzano monferrato,Piemonte,Alessandria,AL,45.108923,8.37023
Paderna,paderna,Piemonte,Alessandria,AL,44.820713,8.89163
Pareto,pareto,Piemonte,Alessandria,AL,44.516402,8.382161
Parodi Ligure,parodi ligure,Piemonte,Alessandria,AL,44.669748,8.758652
Pasturana,pasturana,Piemonte,Alessandria,AL,44.75085,8.749251
Pecetto di Valenza,pecetto di valenza,Piemonte,Alessandria,AL,44.989755,8.670945
Pietra Marazzi,pietra marazzi,Piemonte,Alessandria,AL,44.943799,8.67014
Pomaro Monferrato,pomaro monferrato,Piemonte,Alessandria,AL,45.062915,8.594743
Pontecurone,pontecurone,Piemonte,Alessandria,AL,44.960475,8.933609
Pontestura,pontestura,Piemonte,Alessandria,AL,45.143284,8.333425
Ponti,ponti,Piemonte,Alessandria,AL,44.627476,8.36539
Ponzano Monferrato,ponzano monferrato,Piemonte,Alessandria,AL,45.084853,8.265534
Ponzone,ponzone,Piemonte,Alessandria,AL,44.588185,8.458654
Pozzol Groppo,pozzol groppo,Piemonte,Alessandria,AL,44.878055,9.029854
Pozzolo Formigaro,pozzolo formigaro,Piemonte,Alessandria,AL,44.795154,8.784849
Prasco,prasco,Piemonte,Alessandria,AL,44.639245,8.551948
Predosa,predosa,Piemonte,Alessandria,AL,44.752637,8.658324
Quargnento,quargnento,Piemonte,Alessandria,AL,44.944966,8.487386
Quattordio,quattordio,Piemonte,Alessandria,AL,44.89635,8.404941
Ricaldone,ricaldone,Piemonte,Alessandria,AL,44.731935,8.467775
Rivalta Bormida,rivalta bormida,Piemonte,Alessandria,AL,44.711375,8.550068
Rivarone,rivarone,Piemonte,Alessandria,AL,44.976855,8.715646
Roccaforte Ligure,roccaforte ligure,Piemonte,Alessandria,AL,44.677486,9.028695
Rocca Grimalda,rocca grimalda,Piemonte,Alessandria,AL,44.671447,8.64845
Rocchetta Ligure,rocchetta ligure,Piemonte,Alessandria,AL,44.706551,9.050458
Rosignano Monferrato,rosignano monferrato,Piemonte,Alessandria,AL,45.079878,8.398478
Sala Monferrato,sala monferrato,Piemonte,Alessandria,AL,45.075154,8.358736
Sale,sale,Piemonte,Alessandria,AL,44.980656,8.809348
San Cristoforo,san cristoforo,Piemonte,Alessandria,AL,44.692248,8.750152
San Giorgio Monferrato,san giorgio monferrato,Piemonte,Alessandria,AL,45.107685,8.413055
San Salvatore Monferrato,san salvatore monferrato,Piemonte,Alessandria,AL,44.994154,8.565942
San Sebastiano Curone,san sebastiano curone,Piemonte,Alessandria,AL,44.785816,9.064654
Sant'Agata Fossili,sant'agata fossili,Piemonte,Alessandria,AL,44.784752,8.921154
Sardigliano,sardigliano,Piemonte,Alessandria,AL,44.752885,8.896325
Sarezzano,sarezzano,Piemonte,Alessandria,AL,44.867612,8.912663
Serralunga di Crea,serralunga di crea,Piemonte,Alessandria,AL,45.100254,8.282034
Serravalle Scrivia,serravalle scrivia,Piemonte,Alessandria,AL,44.72558,8.8547
Sezzadio,sezzadio,Piemonte,Alessandria,AL,44.784849,8.572546
Silvano d'Orba,silvano d'orba,Piemonte,Alessandria,AL,44.686915,8.67496
Solero,solero,Piemonte,Alessandria,AL,44.918498,8.511902
Solonghello,solonghello,Piemonte,Alessandria,AL,45.129054,8.283234
Spigno Monferrato,spigno monferrato,Piemonte,Alessandria,AL,44.543141,8.333946
Spineto Scrivia,spineto scrivia,Piemonte,Alessandria,AL,44.837353,8.873752
Stazzano,stazzano,Piemonte,Alessandria,AL,44.727394,8.867728
Strevi,strevi,Piemonte,Alessandria,AL,44.698146,8.521847
Tagliolo Monferrato,tagliolo monferrato,Piemonte,Alessandria,AL,44.638346,8.665851
Tassarolo,tassarolo,Piemonte,Alessandria,AL,44.728549,8.771552
Terruggia,terruggia,Piemonte,Alessandria,AL,45.082255,8.443238
Terzo,terzo,Piemonte,Alessandria,AL,44.670445,8.421645
Ticineto,ticineto,Piemonte,Alessandria,AL,45.098026,8.555658
Tortona,tortona,Piemonte,Alessandria,AL,44.89666,8.864128
Treville,treville,Piemonte,Alessandria,AL,45.096854,8.359536
Trisobbio,trisobbio,Piemonte,Alessandria,AL,44.661646,8.586149
Valenza,valenza,Piemonte,Alessandria,AL,45.014025,8.645821
Valmacca,valmacca,Piemonte,Alessandria,AL,45.100786,8.582789
Vignale Monferrato,vignale monferrato,Piemonte,Alessandria,AL,45.011253,8.396138
Vignole Borbera,vignole borbera,Piemonte,Alessandria,AL,44.709948,8.891262
Viguzzolo,viguzzolo,Piemonte,Alessandria,AL,44.905507,8.918616
Villadeati,villadeati,Piemonte,Alessandria,AL,45.072252,8.167932
Villalvernia,villalvernia,Piemonte,Alessandria,AL,44.815352,8.857252
Villamiroglio,villamiroglio,Piemonte,Alessandria,AL,45.134725,8.170291
Villanova Monferrato,villanova monferrato,Piemonte,Alessandria,AL,45.182857,8.479237
Villaromagnano,villaromagnano,Piemonte,Alessandria,AL,44.849653,8.887752
Visone,visone,Piemonte,Alessandria,AL,44.661845,8.500747
Volpedo,volpedo,Piemonte,Alessandria,AL,44.890375,8.9823
Volpeglino,volpeglino,Piemonte,Alessandria,AL,44.892495,8.96006
Voltaggio,voltaggio,Piemonte,Alessandria,AL,44.620354,8.842748
Cassano Spinola,cassano spinola,Piemonte,Alessandria,AL,44.766166,8.863175
Alluvioni Piovera,alluvioni piovera,Piemonte,Alessandria,AL,44.982464,8.752398
Lu e Cuccaro Monferrato,lu e cuccaro monferrato,Piemonte,Alessandria,AL,44.996613,8.474265
Ailoche,ailoche,Piemonte,Biella,BI,45.698291,8.221213
Andorno Micca,andorno micca,Piemonte,Biella,BI,45.609264,8.05272
Benna,benna,Piemonte,Biella,BI,45.513662,8.126623
Biella,biella,Piemonte,Biella,BI,45.566954,8.086912
Bioglio,bioglio,Piemonte,Biella,BI,45.606808,8.129709
Borriana,borriana,Piemonte,Biella,BI,45.506161,8.038621
Brusnengo,brusnengo,Piemonte,Biella,BI,45.593865,8.251924
Callabiana,callabiana,Piemonte,Biella,BI,45.631365,8.09722
Camandona,camandona,Piemonte,Biella,BI,45.644165,8.09972
Camburzano,camburzano,Piemonte,Biella,BI,45.543668,8.003131
Candelo,candelo,Piemonte,Biella,BI,45.546208,8.112599
Caprile,caprile,Piemonte,Biella,BI,45.689752,8.21626
Casapinta,casapinta,Piemonte,Biella,BI,45.616096,8.195713
Castelletto Cervo,castelletto cervo,Piemonte,Biella,BI,45.516218,8.226654
Cavaglià,cavaglia,Piemonte,Biella,BI,45.407734,8.093429
Cerrione,cerrione,Piemonte,Biella,BI,45.468361,8.068123
Coggiola,coggiola,Piemonte,Biella,BI,45.688139,8.176264
Cossato,cossato,Piemonte,Biella,BI,45.569912,8.179988
Crevacuore,crevacuore,Piemonte,Biella,BI,45.686868,8.246722
Curino,curino,Piemonte,Biella,BI,45.627597,8.23728
Donato,donato,Piemonte,Biella,BI,45.528192,7.908557
Dorzano,dorzano,Piemonte,Biella,BI,45.42606,8.098524
Gaglianico,gaglianico,Piemonte,Biella,BI,45.537862,8.075022
Gifflenga,gifflenga,Piemonte,Biella,BI,45.493063,8.232226
Graglia,graglia,Piemonte,Biella,BI,45.558562,7.978019
Magnano,magnano,Piemonte,Biella,BI,45.462058,8.004502
Massazza,massazza,Piemonte,Biella,BI,45.491362,8.164524
Masserano,masserano,Piemonte,Biella,BI,45.594632,8.224249
Mezzana Mortigliengo,mezzana mortigliengo,Piemonte,Biella,BI,45.626566,8.189522
Miagliano,miagliano,Piemonte,Biella,BI,45.613464,8.044719
Mongrando,mongrando,Piemonte,Biella,BI,45.527732,8.010583
Mottalciata,mottalciata,Piemonte,Biella,BI,45.505063,8.206725
Muzzano,muzzano,Piemonte,Biella,BI,45.560762,7.988919
Netro,netro,Piemonte,Biella,BI,45.537929,7.945516
Occhieppo Inferiore,occhieppo inferiore,Piemonte,Biella,BI,45.55612,8.021519
Occhieppo Superiore,occhieppo superiore,Piemonte,Biella,BI,45.565062,8.001319
Pettinengo,pettinengo,Piemonte,Biella,BI,45.613064,8.104221
Piatto,piatto,Piemonte,Biella,BI,45.589864,8.135322
Piedicavallo,piedicavallo,Piemonte,Biella,BI,45.689803,7.95479
Pollone,pollone,Piemonte,Biella,BI,45.579763,8.005919
Ponderano,ponderano,Piemonte,Biella,BI,45.538462,8.055921
Portula,portula,Piemonte,Biella,BI,45.675283,8.179365
Pralungo,pralungo,Piemonte,Biella,BI,45.592148,8.037924
Pray,pray,Piemonte,Biella,BI,45.676196,8.208714
Ronco Biellese,ronco biellese,Piemonte,Biella,BI,45.581354,8.098778
Roppolo,roppolo,Piemonte,Biella,BI,45.420559,8.069724
Rosazza,rosazza,Piemonte,Biella,BI,45.675765,7.977117
Sagliano Micca,sagliano micca,Piemonte,Biella,BI,45.625764,8.043319
Sala Biellese,sala biellese,Piemonte,Biella,BI,45.50816,7.95842
Salussola,salussola,Piemonte,Biella,BI,45.449324,8.109157
Sandigliano,sandigliano,Piemonte,Biella,BI,45.518562,8.077522
Sordevolo,sordevolo,Piemonte,Biella,BI,45.573638,7.974245
Sostegno,sostegno,Piemonte,Biella,BI,45.652854,8.269701
Strona,strona,Piemonte,Biella,BI,45.616565,8.169122
Tavigliano,tavigliano,Piemonte,Biella,BI,45.623258,8.052881
Ternengo,ternengo,Piemonte,Biella,BI,45.589748,8.116028
Tollegno,tollegno,Piemonte,Biella,BI,45.593049,8.051676
Torrazzo,torrazzo,Piemonte,Biella,BI,45.49838,7.953648
Valdengo,valdengo,Piemonte,Biella,BI,45.567322,8.136866
Vallanzengo,vallanzengo,Piemonte,Biella,BI,45.603265,8.150422
Valle San Nicolao,valle san nicolao,Piemonte,Biella,BI,45.606969,8.141182
Veglio,veglio,Piemonte,Biella,BI,45.640565,8.11412
Verrone,verrone,Piemonte,Biella,BI,45.503662,8.119023
Vigliano Biellese,vigliano biellese,Piemonte,Biella,BI,45.564475,8.104537
Villa del Bosco,villa del bosco,Piemonte,Biella,BI,45.620566,8.279624
Villanova Biellese,villanova biellese,Piemonte,Biella,BI,45.481562,8.194325
Viverone,viverone,Piemonte,Biella,BI,45.425554,8.051215
Zimone,zimone,Piemonte,Biella,BI,45.44926,8.035808
Zubiena,zubiena,Piemonte,Biella,BI,45.492752,7.997712
Zumaglia,zumaglia,Piemonte,Biella,BI,45.593864,8.089421
Lessona,lessona,Piemonte,Biella,BI,45.58727,8.194337
Campiglia Cervo,campiglia cervo,Piemonte,Biella,BI,45.662808,7.999942
Quaregna Cerreto,quaregna cerreto,Piemonte,Biella,BI,45.575018,8.1614
Valdilana,valdilana,Piemonte,Biella,BI,45.666126,8.144302
Antrona Schieranco,antrona schieranco,Piemonte,Verbano-Cusio-Ossola,VB,46.05688,8.09646
Anzola d'Ossola,anzola d'ossola,Piemonte,Verbano-Cusio-Ossola,VB,45.988976,8.344519
Arizzano,arizzano,Piemonte,Verbano-Cusio-Ossola,VB,45.957377,8.582925
Arola,arola,Piemonte,Verbano-Cusio-Ossola,VB,45.808356,8.357465
Aurano,aurano,Piemonte,Verbano-Cusio-Ossola,VB,45.999111,8.588311
Baceno,baceno,Piemonte,Verbano-Cusio-Ossola,VB,46.260882,8.320213
Bannio Anzino,bannio anzino,Piemonte,Verbano-Cusio-Ossola,VB,45.959966,8.155128
Baveno,baveno,Piemonte,Verbano-Cusio-Ossola,VB,45.908916,8.505017
Bee,bee,Piemonte,Verbano-Cusio-Ossola,VB,45.963268,8.575854
Belgirate,belgirate,Piemonte,Verbano-Cusio-Ossola,VB,45.838874,8.571427
Beura-Cardezza,beura-cardezza,Piemonte,Verbano-Cusio-Ossola,VB,46.079578,8.299716
Bognanco,bognanco,Piemonte,Verbano-Cusio-Ossola,VB,46.126378,8.201113
Brovello-Carpugnino,brovello-carpugnino,Piemonte,Verbano-Cusio-Ossola,VB,45.851801,8.539622
Calasca-Castiglione,calasca-castiglione,Piemonte,Verbano-Cusio-Ossola,VB,45.99173,8.193377
Cambiasca,cambiasca,Piemonte,Verbano-Cusio-Ossola,VB,45.962377,8.544624
Cannero Riviera,cannero riviera,Piemonte,Verbano-Cusio-Ossola,VB,46.02125,8.681398
Cannobio,cannobio,Piemonte,Verbano-Cusio-Ossola,VB,46.061808,8.697639
Caprezzo,caprezzo,Piemonte,Verbano-Cusio-Ossola,VB,45.981978,8.562824
Casale Corte Cerro,casale corte cerro,Piemonte,Verbano-Cusio-Ossola,VB,45.915843,8.413678
Ceppo Morelli,ceppo morelli,Piemonte,Verbano-Cusio-Ossola,VB,45.971773,8.067713
Cesara,cesara,Piemonte,Verbano-Cusio-Ossola,VB,45.834472,8.366422
Cossogno,cossogno,Piemonte,Verbano-Cusio-Ossola,VB,45.964077,8.509623
Craveggia,craveggia,Piemonte,Verbano-Cusio-Ossola,VB,46.140377,8.489429
Crevoladossola,crevoladossola,Piemonte,Verbano-Cusio-Ossola,VB,46.148584,8.297416
Crodo,crodo,Piemonte,Verbano-Cusio-Ossola,VB,46.223301,8.323936
Domodossola,domodossola,Piemonte,Verbano-Cusio-Ossola,VB,46.115245,8.292046
Druogno,druogno,Piemonte,Verbano-Cusio-Ossola,VB,46.134537,8.436344
Formazza,formazza,Piemonte,Verbano-Cusio-Ossola,VB,46.374475,8.421044
Germagno,germagno,Piemonte,Verbano-Cusio-Ossola,VB,45.892281,8.388294
Ghiffa,ghiffa,Piemonte,Verbano-Cusio-Ossola,VB,45.959122,8.619823
Gignese,gignese,Piemonte,Verbano-Cusio-Ossola,VB,45.860769,8.509671
Gravellona Toce,gravellona toce,Piemonte,Verbano-Cusio-Ossola,VB,45.930175,8.431222
Gurro,gurro,Piemonte,Verbano-Cusio-Ossola,VB,46.085676,8.570615
Intragna,intragna,Piemonte,Verbano-Cusio-Ossola,VB,45.994151,8.572928
Loreglia,loreglia,Piemonte,Verbano-Cusio-Ossola,VB,45.906581,8.37119
Macugnaga,macugnaga,Piemonte,Verbano-Cusio-Ossola,VB,45.969872,7.966011
Madonna del Sasso,madonna del sasso,Piemonte,Verbano-Cusio-Ossola,VB,45.788014,8.346854
Malesco,malesco,Piemonte,Verbano-Cusio-Ossola,VB,46.126618,8.500919
Masera,masera,Piemonte,Verbano-Cusio-Ossola,VB,46.139979,8.323415
Massiola,massiola,Piemonte,Verbano-Cusio-Ossola,VB,45.91243,8.320078
Mergozzo,mergozzo,Piemonte,Verbano-Cusio-Ossola,VB,45.96128,8.449525
Miazzina,miazzina,Piemonte,Verbano-Cusio-Ossola,VB,45.976377,8.522223
Montecrestese,montecrestese,Piemonte,Verbano-Cusio-Ossola,VB,46.162833,8.329842
Montescheno,montescheno,Piemonte,Verbano-Cusio-Ossola,VB,46.06792,8.225245
Nonio,nonio,Piemonte,Verbano-Cusio-Ossola,VB,45.845773,8.377522
Oggebbio,oggebbio,Piemonte,Verbano-Cusio-Ossola,VB,45.997679,8.650425
Omegna,omegna,Piemonte,Verbano-Cusio-Ossola,VB,45.879774,8.408022
Ornavasso,ornavasso,Piemonte,Verbano-Cusio-Ossola,VB,45.962083,8.393624
Pallanzeno,pallanzeno,Piemonte,Verbano-Cusio-Ossola,VB,46.041976,8.258116
Piedimulera,piedimulera,Piemonte,Verbano-Cusio-Ossola,VB,46.024238,8.259263
Pieve Vergonte,pieve vergonte,Piemonte,Verbano-Cusio-Ossola,VB,46.012976,8.260816
Premeno,premeno,Piemonte,Verbano-Cusio-Ossola,VB,45.978099,8.5961
Premia,premia,Piemonte,Verbano-Cusio-Ossola,VB,46.268144,8339.0
Premosello-Chiovenda,premosello-chiovenda,Piemonte,Verbano-Cusio-Ossola,VB,46.003956,8.32759
Quarna Sopra,quarna sopra,Piemonte,Verbano-Cusio-Ossola,VB,45.871379,8.374771
Quarna Sotto,quarna sotto,Piemonte,Verbano-Cusio-Ossola,VB,45.868538,8.364781
Re,re,Piemonte,Verbano-Cusio-Ossola,VB,46.129855,8.54415
San Bernardino Verbano,san bernardino verbano,Piemonte,Verbano-Cusio-Ossola,VB,45.995222,8.456146
Santa Maria Maggiore,santa maria maggiore,Piemonte,Verbano-Cusio-Ossola,VB,46.134955,8.467278
Stresa,stresa,Piemonte,Verbano-Cusio-Ossola,VB,45.883728,8.539027
Toceno,toceno,Piemonte,Verbano-Cusio-Ossola,VB,46.144097,8.468442
Trarego Viggiona,trarego viggiona,Piemonte,Verbano-Cusio-Ossola,VB,46.038692,8.646128
Trasquera,trasquera,Piemonte,Verbano-Cusio-Ossola,VB,46.21338,8.212711
Trontano,trontano,Piemonte,Verbano-Cusio-Ossola,VB,46.122479,8.333216
Valstrona,valstrona,Piemonte,Verbano-Cusio-Ossola,VB,45.922954,8.256255
Vanzone con San Carlo,vanzone con san carlo,Piemonte,Verbano-Cusio-Ossola,VB,45.983239,8.110339
Varzo,varzo,Piemonte,Verbano-Cusio-Ossola,VB,46.20668,8.252412
Verbania,verbania,Piemonte,Verbano-Cusio-Ossola,VB,45.937663,8.52653
Vignone,vignone,Piemonte,Verbano-Cusio-Ossola,VB,45.959773,8.566617
Villadossola,villadossola,Piemonte,Verbano-Cusio-Ossola,VB,46.066663,8.260717
Villette,villette,Piemonte,Verbano-Cusio-Ossola,VB,46.132203,8.535317
Vogogna,vogogna,Piemonte,Verbano-Cusio-Ossola,VB,46.008976,8.293017
Borgomezzavalle,borgomezzavalle,Piemonte,Verbano-Cusio-Ossola,VB,46.047315,8.199445
Valle Cannobina,valle cannobina,Piemonte,Verbano-Cusio-Ossola,VB,46.103002,8.599741
Allein,allein,Valle d'Aosta/Vallée d'Aoste,Valle d'Aosta/Vallée d'Aoste,AO,45.807839,7.272512
Antey-Saint-André,antey-saint-andre,Valle d'Aosta/Vallée d'Aoste,Valle d'Aosta/Vallée d'Aoste,AO,45.806525,7.598199
Aosta,aosta,Valle d'Aosta/Vallée d'Aoste,Valle d'Aosta/Vallée d'Aoste,AO,45.737088,7.319665
Arnad,arnad,Valle d'Aosta/Vallée d'Aoste,Valle d'Aosta/Vallée d'Aoste,AO,45.644475,7.722183
Arvier,arvier,Valle d'Aosta/Vallée d'Aoste,Valle d'Aosta/Vallée d'Aoste,AO,45.702451,7.166471
Avise,avise,Valle d'Aosta/Vallée d'Aoste,Valle d'Aosta/Vallée d'Aoste,AO,45.708589,7.139746
Ayas,ayas,Valle d'Aosta/Vallée d'Aoste,Valle d'Aosta/Vallée d'Aoste,AO,45.862633,7.731892
Aymavilles,aymavilles,Valle d'Aosta/Vallée d'Aoste,Valle d'Aosta/Vallée d'Aoste,AO,45.701736,7.247656
Bard,bard,Valle d'Aosta/Vallée d'Aoste,Valle d'Aosta/Vallée d'Aoste,AO,45.609651,7.745729
Bionaz,bionaz,Valle d'Aosta/Vallée d'Aoste,Valle d'Aosta/Vallée d'Aoste,AO,45.913204,7.497951
Brissogne,brissogne,Valle d'Aosta/Vallée d'Aoste,Valle d'Aosta/Vallée d'Aoste,AO,45.72852,7.406663
Brusson,brusson,Valle d'Aosta/Vallée d'Aoste,Valle d'Aosta/Vallée d'Aoste,AO,45.759342,7.730447
Challand-Saint-Anselme,challand-saint-anselme,Valle d'Aosta/Vallée d'Aoste,Valle d'Aosta/Vallée d'Aoste,AO,45.715462,7.763044
Challand-Saint-Victor,challand-saint-victor,Valle d'Aosta/Vallée d'Aoste,Valle d'Aosta/Vallée d'Aoste,AO,45.683852,7.735185
Chambave,chambave,Valle d'Aosta/Vallée d'Aoste,Valle d'Aosta/Vallée d'Aoste,AO,45.710478,7.550656
Chamois,chamois,Valle d'Aosta/Vallée d'Aoste,Valle d'Aosta/Vallée d'Aoste,AO,45.838158,7.619692
Champdepraz,champdepraz,Valle d'Aosta/Vallée d'Aoste,Valle d'Aosta/Vallée d'Aoste,AO,45.685332,7.657765
Champorcher,champorcher,Valle d'Aosta/Vallée d'Aoste,Valle d'Aosta/Vallée d'Aoste,AO,45.623874,7.621017
Charvensod,charvensod,Valle d'Aosta/Vallée d'Aoste,Valle d'Aosta/Vallée d'Aoste,AO,45.720879,7.326089
Châtillon,chatillon,Valle d'Aosta/Vallée d'Aoste,Valle d'Aosta/Vallée d'Aoste,AO,45.748786,7.612529
Cogne,cogne,Valle d'Aosta/Vallée d'Aoste,Valle d'Aosta/Vallée d'Aoste,AO,45.608742,7.356023
Courmayeur,courmayeur,Valle d'Aosta/Vallée d'Aoste,Valle d'Aosta/Vallée d'Aoste,AO,45.787425,6.973062
Donnas,donnas,Valle d'Aosta/Vallée d'Aoste,Valle d'Aosta/Vallée d'Aoste,AO,45.603763,7.769697
Doues,doues,Valle d'Aosta/Vallée d'Aoste,Valle d'Aosta/Vallée d'Aoste,AO,45.819391,7.306582
Emarèse,emarese,Valle d'Aosta/Vallée d'Aoste,Valle d'Aosta/Vallée d'Aoste,AO,45.724202,7.690159
Etroubles,etroubles,Valle d'Aosta/Vallée d'Aoste,Valle d'Aosta/Vallée d'Aoste,AO,45.820582,7.230574
Fénis,fenis,Valle d'Aosta/Vallée d'Aoste,Valle d'Aosta/Vallée d'Aoste,AO,45.736013,7.494371
Fontainemore,fontainemore,Valle d'Aosta/Vallée d'Aoste,Valle d'Aosta/Vallée d'Aoste,AO,45.64826,7.860256
Gaby,gaby,Valle d'Aosta/Vallée d'Aoste,Valle d'Aosta/Vallée d'Aoste,AO,45.710652,7.890131
Gignod,gignod,Valle d'Aosta/Vallée d'Aoste,Valle d'Aosta/Vallée d'Aoste,AO,45.779194,7.295678
Gressan,gressan,Valle d'Aosta/Vallée d'Aoste,Valle d'Aosta/Vallée d'Aoste,AO,45.719173,7.285097
Gressoney-La-Trinité,gressoney-la-trinite,Valle d'Aosta/Vallée d'Aoste,Valle d'Aosta/Vallée d'Aoste,AO,45.829612,7.824127
Gressoney-Saint-Jean,gressoney-saint-jean,Valle d'Aosta/Vallée d'Aoste,Valle d'Aosta/Vallée d'Aoste,AO,45.779297,7.825032
Hône,hone,Valle d'Aosta/Vallée d'Aoste,Valle d'Aosta/Vallée d'Aoste,AO,45.613726,7.737831
Introd,introd,Valle d'Aosta/Vallée d'Aoste,Valle d'Aosta/Vallée d'Aoste,AO,45.690502,7.186625
Issime,issime,Valle d'Aosta/Vallée d'Aoste,Valle d'Aosta/Vallée d'Aoste,AO,45.686623,7.853814
Issogne,issogne,Valle d'Aosta/Vallée d'Aoste,Valle d'Aosta/Vallée d'Aoste,AO,45.654378,7.684603
Jovençan,jovencan,Valle d'Aosta/Vallée d'Aoste,Valle d'Aosta/Vallée d'Aoste,AO,45.715086,7.276343
La Magdeleine,la magdeleine,Valle d'Aosta/Vallée d'Aoste,Valle d'Aosta/Vallée d'Aoste,AO,45.814054,7.621875
La Salle,la salle,Valle d'Aosta/Vallée d'Aoste,Valle d'Aosta/Vallée d'Aoste,AO,45.745437,7.070565
La Thuile,la thuile,Valle d'Aosta/Vallée d'Aoste,Valle d'Aosta/Vallée d'Aoste,AO,45.716288,6.948612
Lillianes,lillianes,Valle d'Aosta/Vallée d'Aoste,Valle d'Aosta/Vallée d'Aoste,AO,45.632642,7.844605
Montjovet,montjovet,Valle d'Aosta/Vallée d'Aoste,Valle d'Aosta/Vallée d'Aoste,AO,45.712361,7.659041
Morgex,morgex,Valle d'Aosta/Vallée d'Aoste,Valle d'Aosta/Vallée d'Aoste,AO,45.758022,7.035433
Nus,nus,Valle d'Aosta/Vallée d'Aoste,Valle d'Aosta/Vallée d'Aoste,AO,45.74124,7.469617
Ollomont,ollomont,Valle d'Aosta/Vallée d'Aoste,Valle d'Aosta/Vallée d'Aoste,AO,45.849655,7.310644
Oyace,oyace,Valle d'Aosta/Vallée d'Aoste,Valle d'Aosta/Vallée d'Aoste,AO,45.850765,7.382866
Perloz,perloz,Valle d'Aosta/Vallée d'Aoste,Valle d'Aosta/Vallée d'Aoste,AO,45.613845,7.808409
Pollein,pollein,Valle d'Aosta/Vallée d'Aoste,Valle d'Aosta/Vallée d'Aoste,AO,45.727967,7.352221
Pontboset,pontboset,Valle d'Aosta/Vallée d'Aoste,Valle d'Aosta/Vallée d'Aoste,AO,45.607614,7.686379
Pontey,pontey,Valle d'Aosta/Vallée d'Aoste,Valle d'Aosta/Vallée d'Aoste,AO,45.71744,7.583269
Pont-Saint-Martin,pont-saint-martin,Valle d'Aosta/Vallée d'Aoste,Valle d'Aosta/Vallée d'Aoste,AO,45.59944,7.799438
Pré-Saint-Didier,pre-saint-didier,Valle d'Aosta/Vallée d'Aoste,Valle d'Aosta/Vallée d'Aoste,AO,45.763942,6.985347
Quart,quart,Valle d'Aosta/Vallée d'Aoste,Valle d'Aosta/Vallée d'Aoste,AO,45.740958,7.414362
Rhêmes-Notre-Dame,rhemes-notre-dame,Valle d'Aosta/Vallée d'Aoste,Valle d'Aosta/Vallée d'Aoste,AO,45.568883,7.118171
Rhêmes-Saint-Georges,rhemes-saint-georges,Valle d'Aosta/Vallée d'Aoste,Valle d'Aosta/Vallée d'Aoste,AO,45.654901,7.155412
Roisan,roisan,Valle d'Aosta/Vallée d'Aoste,Valle d'Aosta/Vallée d'Aoste,AO,45.784571,7.311283
Saint-Christophe,saint-christophe,Valle d'Aosta/Vallée d'Aoste,Valle d'Aosta/Vallée d'Aoste,AO,45.74742,7.356168
Saint-Denis,saint-denis,Valle d'Aosta/Vallée d'Aoste,Valle d'Aosta/Vallée d'Aoste,AO,45.764714,7.571331
Saint-Marcel,saint-marcel,Valle d'Aosta/Vallée d'Aoste,Valle d'Aosta/Vallée d'Aoste,AO,45.73456,7.446196
Saint-Nicolas,saint-nicolas,Valle d'Aosta/Vallée d'Aoste,Valle d'Aosta/Vallée d'Aoste,AO,45.716078,7.167982
Saint-Oyen,saint-oyen,Valle d'Aosta/Vallée d'Aoste,Valle d'Aosta/Vallée d'Aoste,AO,45.824644,7.213175
Saint-Pierre,saint-pierre,Valle d'Aosta/Vallée d'Aoste,Valle d'Aosta/Vallée d'Aoste,AO,45.709481,7.229142
Saint-Rhémy-en-Bosses,saint-rhemy-en-bosses,Valle d'Aosta/Vallée d'Aoste,Valle d'Aosta/Vallée d'Aoste,AO,45.823744,7.182189
Saint-Vincent,saint-vincent,Valle d'Aosta/Vallée d'Aoste,Valle d'Aosta/Vallée d'Aoste,AO,45.750386,7.647884
Sarre,sarre,Valle d'Aosta/Vallée d'Aoste,Valle d'Aosta/Vallée d'Aoste,AO,45.716798,7.259154
Torgnon,torgnon,Valle d'Aosta/Vallée d'Aoste,Valle d'Aosta/Vallée d'Aoste,AO,45.82396,7.565728
Valgrisenche,valgrisenche,Valle d'Aosta/Vallée d'Aoste,Valle d'Aosta/Vallée d'Aoste,AO,45.631169,7.064741
Valpelline,valpelline,Valle d'Aosta/Vallée d'Aoste,Valle d'Aosta/Vallée d'Aoste,AO,45.82446,7.324153
Valsavarenche,valsavarenche,Valle d'Aosta/Vallée d'Aoste,Valle d'Aosta/Vallée d'Aoste,AO,45.562003,7.226291
Valtournenche,valtournenche,Valle d'Aosta/Vallée d'Aoste,Valle d'Aosta/Vallée d'Aoste,AO,45.911551,7.619255
Verrayes,verrayes,Valle d'Aosta/Vallée d'Aoste,Valle d'Aosta/Vallée d'Aoste,AO,45.769282,7.523777
Verrès,verres,Valle d'Aosta/Vallée d'Aoste,Valle d'Aosta/Vallée d'Aoste,AO,45.668718,7.690758
Villeneuve,villeneuve,Valle d'Aosta/Vallée d'Aoste,Valle d'Aosta/Vallée d'Aoste,AO,45.702417,7.207496
Agra,agra,Lombardia,Varese,VA,46.035046,8.77172
Albizzate,albizzate,Lombardia,Varese,VA,45.723943,8.803131
Angera,angera,Lombardia,Varese,VA,45.772188,8.575122
Arcisate,arcisate,Lombardia,Varese,VA,45.860392,8.859618
Arsago Seprio,arsago seprio,Lombardia,Varese,VA,45.688158,8.731452
Azzate,azzate,Lombardia,Varese,VA,45.780222,8.793769
Azzio,azzio,Lombardia,Varese,VA,45.885194,8.710637
Barasso,barasso,Lombardia,Varese,VA,45.840476,8.756831
Bardello,bardello,Lombardia,Varese,VA,45.834865,8.698036
Bedero Valcuvia,bedero valcuvia,Lombardia,Varese,VA,45.914271,8.794198
Besano,besano,Lombardia,Varese,VA,45.889039,8.890388
Besnate,besnate,Lombardia,Varese,VA,45.700165,8.768315
Besozzo,besozzo,Lombardia,Varese,VA,45.845797,8.666495
Biandronno,biandronno,Lombardia,Varese,VA,45.821512,8.713238
Bisuschio,bisuschio,Lombardia,Varese,VA,45.874873,8.871723
Bodio Lomnago,bodio lomnago,Lombardia,Varese,VA,45.791229,8.751004
Brebbia,brebbia,Lombardia,Varese,VA,45.828539,8.650052
Bregano,bregano,Lombardia,Varese,VA,45.825077,8.688786
Brenta,brenta,Lombardia,Varese,VA,45.89318,8.685101
Brezzo di Bedero,brezzo di bedero,Lombardia,Varese,VA,45.977696,8.717908
Brinzio,brinzio,Lombardia,Varese,VA,45.88911,8.790413
Brissago-Valtravaglia,brissago-valtravaglia,Lombardia,Varese,VA,45.948567,8.747233
Brunello,brunello,Lombardia,Varese,VA,45.765371,8.797365
Brusimpiano,brusimpiano,Lombardia,Varese,VA,45.947756,8.889216
Buguggiate,buguggiate,Lombardia,Varese,VA,45.785997,8.80499
Busto Arsizio,busto arsizio,Lombardia,Varese,VA,45.611906,8.852052
Cadegliano-Viconago,cadegliano-viconago,Lombardia,Varese,VA,45.9646,8.830903
Cairate,cairate,Lombardia,Varese,VA,45.690919,8.872461
Cantello,cantello,Lombardia,Varese,VA,45.819946,8.894712
Caravate,caravate,Lombardia,Varese,VA,45.877893,8.651989
Cardano al Campo,cardano al campo,Lombardia,Varese,VA,45.645717,8.772498
Carnago,carnago,Lombardia,Varese,VA,45.722849,8.835848
Caronno Pertusella,caronno pertusella,Lombardia,Varese,VA,45.594935,9.050761
Caronno Varesino,caronno varesino,Lombardia,Varese,VA,45.738636,8.831226
Casale Litta,casale litta,Lombardia,Varese,VA,45.767332,8.740087
Casalzuigno,casalzuigno,Lombardia,Varese,VA,45.911648,8.704052
Casciago,casciago,Lombardia,Varese,VA,45.832797,8.784327
Casorate Sempione,casorate sempione,Lombardia,Varese,VA,45.673376,8.740521
Cassano Magnago,cassano magnago,Lombardia,Varese,VA,45.675221,8.825584
Cassano Valcuvia,cassano valcuvia,Lombardia,Varese,VA,45.932378,8.768429
Castellanza,castellanza,Lombardia,Varese,VA,45.612374,8.897038
Castello Cabiaglio,castello cabiaglio,Lombardia,Varese,VA,45.893405,8.75597
Castelseprio,castelseprio,Lombardia,Varese,VA,45.715977,8.862656
Castelveccana,castelveccana,Lombardia,Varese,VA,45.944923,8.659784
Castiglione Olona,castiglione olona,Lombardia,Varese,VA,45.755476,8.866883
Castronno,castronno,Lombardia,Varese,VA,45.74683,8.814162
Cavaria con Premezzo,cavaria con premezzo,Lombardia,Varese,VA,45.692682,8.796529
Cazzago Brabbia,cazzago brabbia,Lombardia,Varese,VA,45.797686,8.73319
Cislago,cislago,Lombardia,Varese,VA,45.658776,8.971932
Cittiglio,cittiglio,Lombardia,Varese,VA,45.898911,8.660738
Clivio,clivio,Lombardia,Varese,VA,45.864206,8.929329
Cocquio-Trevisago,cocquio-trevisago,Lombardia,Varese,VA,45.863436,8.695665
Comabbio,comabbio,Lombardia,Varese,VA,45.77196,8.674392
Comerio,comerio,Lombardia,Varese,VA,45.839617,8.746441
Cremenaga,cremenaga,Lombardia,Varese,VA,45.988923,8.802184
Crosio della Valle,crosio della valle,Lombardia,Varese,VA,45.759974,8.770432
Cuasso al Monte,cuasso al monte,Lombardia,Varese,VA,45.914773,8.87914
Cugliate-Fabiasco,cugliate-fabiasco,Lombardia,Varese,VA,45.943544,8.818079
Cunardo,cunardo,Lombardia,Varese,VA,45.937476,8.801245
Curiglia con Monteviasco,curiglia con monteviasco,Lombardia,Varese,VA,46.059392,8.826491
Cuveglio,cuveglio,Lombardia,Varese,VA,45.911293,8.726136
Cuvio,cuvio,Lombardia,Varese,VA,45.896177,8.734129
Daverio,daverio,Lombardia,Varese,VA,45.778403,8.771828
Dumenza,dumenza,Lombardia,Varese,VA,46.019164,8.78712
Duno,duno,Lombardia,Varese,VA,45.914064,8.737194
Fagnano Olona,fagnano olona,Lombardia,Varese,VA,45.668948,8.872771
Ferno,ferno,Lombardia,Varese,VA,45.614147,8.754548
Ferrera di Varese,ferrera di varese,Lombardia,Varese,VA,45.934525,8.785824
Gallarate,gallarate,Lombardia,Varese,VA,45.659895,8.793201
Galliate Lombardo,galliate lombardo,Lombardia,Varese,VA,45.784582,8.770894
Gavirate,gavirate,Lombardia,Varese,VA,45.842826,8.717671
Gazzada Schianno,gazzada schianno,Lombardia,Varese,VA,45.781043,8.832404
Gemonio,gemonio,Lombardia,Varese,VA,45.879217,8.675397
Gerenzano,gerenzano,Lombardia,Varese,VA,45.639516,8.998218
Germignaga,germignaga,Lombardia,Varese,VA,45.993507,8.724159
Golasecca,golasecca,Lombardia,Varese,VA,45.696899,8.65565
Gorla Maggiore,gorla maggiore,Lombardia,Varese,VA,45.664137,8.890948
Gorla Minore,gorla minore,Lombardia,Varese,VA,45.644331,8.897896
Gornate Olona,gornate olona,Lombardia,Varese,VA,45.739598,8.859798
Grantola,grantola,Lombardia,Varese,VA,45.949179,8.774329
Inarzo,inarzo,Lombardia,Varese,VA,45.785316,8.734475
Induno Olona,induno olona,Lombardia,Varese,VA,45.852448,8.839608
Ispra,ispra,Lombardia,Varese,VA,45.815457,8.610138
Jerago con Orago,jerago con orago,Lombardia,Varese,VA,45.708033,8.793964
Lavena Ponte Tresa,lavena ponte tresa,Lombardia,Varese,VA,45.959734,8.861647
Laveno-Mombello,laveno-mombello,Lombardia,Varese,VA,45.9095,8.611986
Leggiuno,leggiuno,Lombardia,Varese,VA,45.875366,8.620454
Lonate Ceppino,lonate ceppino,Lombardia,Varese,VA,45.704503,8.874286
Lonate Pozzolo,lonate pozzolo,Lombardia,Varese,VA,45.596772,8.754731
Lozza,lozza,Lombardia,Varese,VA,45.775675,8.857734
Luino,luino,Lombardia,Varese,VA,45.998908,8.739907
Luvinate,luvinate,Lombardia,Varese,VA,45.839307,8.769093
Malgesso,malgesso,Lombardia,Varese,VA,45.828215,8.679464
Malnate,malnate,Lombardia,Varese,VA,45.800092,8.878168
Marchirolo,marchirolo,Lombardia,Varese,VA,45.95005,8.832261
Marnate,marnate,Lombardia,Varese,VA,45.629323,8.901095
Marzio,marzio,Lombardia,Varese,VA,45.938681,8.859197
Masciago Primo,masciago primo,Lombardia,Varese,VA,45.917778,8.78113
Mercallo,mercallo,Lombardia,Varese,VA,45.749866,8.669572
Mesenzana,mesenzana,Lombardia,Varese,VA,45.947817,8.757834
Montegrino Valtravaglia,montegrino valtravaglia,Lombardia,Varese,VA,45.973207,8.768819
Monvalle,monvalle,Lombardia,Varese,VA,45.856932,8.63373
Morazzone,morazzone,Lombardia,Varese,VA,45.764961,8.8315
Mornago,mornago,Lombardia,Varese,VA,45.747541,8.752299
Oggiona con Santo Stefano,oggiona con santo stefano,Lombardia,Varese,VA,45.699435,8.818381
Olgiate Olona,olgiate olona,Lombardia,Varese,VA,45631.0,8.889841
Origgio,origgio,Lombardia,Varese,VA,45.597693,9.018061
Orino,orino,Lombardia,Varese,VA,45.881634,8.715103
Porto Ceresio,porto ceresio,Lombardia,Varese,VA,45.903067,8.904946
Porto Valtravaglia,porto valtravaglia,Lombardia,Varese,VA,45.96137,8.681809
Rancio Valcuvia,rancio valcuvia,Lombardia,Varese,VA,45.916006,8.771028
Ranco,ranco,Lombardia,Varese,VA,45.797591,8.571135
Saltrio,saltrio,Lombardia,Varese,VA,45.873908,8.921668
Samarate,samarate,Lombardia,Varese,VA,45.628182,8.784305
Saronno,saronno,Lombardia,Varese,VA,45.625676,9.037328
Sesto Calende,sesto calende,Lombardia,Varese,VA,45.723955,8.634362
Solbiate Arno,solbiate arno,Lombardia,Varese,VA,45.719056,8.814344
Solbiate Olona,solbiate olona,Lombardia,Varese,VA,45.651379,8.887751
Somma Lombardo,somma lombardo,Lombardia,Varese,VA,45.683621,8.707087
Sumirago,sumirago,Lombardia,Varese,VA,45.739225,8.781004
Taino,taino,Lombardia,Varese,VA,45.764344,8.615061
Ternate,ternate,Lombardia,Varese,VA,45.782286,8.690318
Tradate,tradate,Lombardia,Varese,VA,45.714293,8.904146
Travedona-Monate,travedona-monate,Lombardia,Varese,VA,45.805066,8.674199
Tronzano Lago Maggiore,tronzano lago maggiore,Lombardia,Varese,VA,46.088991,8.733941
Uboldo,uboldo,Lombardia,Varese,VA,45.610905,9.003388
Valganna,valganna,Lombardia,Varese,VA,45.900037,8.820143
Varano Borghi,varano borghi,Lombardia,Varese,VA,45.77463,8.703666
Varese,varese,Lombardia,Varese,VA,45.839713,8.754158
Vedano Olona,vedano olona,Lombardia,Varese,VA,45.776916,8.885596
Venegono Inferiore,venegono inferiore,Lombardia,Varese,VA,45.738376,8.901107
Venegono Superiore,venegono superiore,Lombardia,Varese,VA,45.751383,8.90476
Vergiate,vergiate,Lombardia,Varese,VA,45.724847,8.694023
Viggiù,viggiu,Lombardia,Varese,VA,45.872238,8.905862
Vizzola Ticino,vizzola ticino,Lombardia,Varese,VA,45.625599,8.696243
Sangiano,sangiano,Lombardia,Varese,VA,45.875076,8.633327
Maccagno con Pino e Veddasca,maccagno con pino e veddasca,Lombardia,Varese,VA,46.073685,8.776408
Cadrezzate con Osmate,cadrezzate con osmate,Lombardia,Varese,VA,45.789909,8.649289
Albavilla,albavilla,Lombardia,Como,CO,45.803117,9.188483
Albese con Cassano,albese con cassano,Lombardia,Como,CO,45.797299,9.168256
Albiolo,albiolo,Lombardia,Como,CO,45.805577,8.939235
Alserio,alserio,Lombardia,Como,CO,45.779103,9.199529
Alzate Brianza,alzate brianza,Lombardia,Como,CO,45.769778,9.182041
Anzano del Parco,anzano del parco,Lombardia,Como,CO,45.768478,9.195442
Appiano Gentile,appiano gentile,Lombardia,Como,CO,45.734637,8.979101
Argegno,argegno,Lombardia,Como,CO,45.943274,9.128165
Arosio,arosio,Lombardia,Como,CO,45.716977,9.208043
Asso,asso,Lombardia,Como,CO,45.860669,9.269749
Barni,barni,Lombardia,Como,CO,45.911283,9.26514
Bene Lario,bene lario,Lombardia,Como,CO,46.023388,9.171111
Beregazzo con Figliaro,beregazzo con figliaro,Lombardia,Como,CO,45.771006,8.958279
Binago,binago,Lombardia,Como,CO,45.784412,8.922159
Bizzarone,bizzarone,Lombardia,Como,CO,45.834278,8.942735
Blessagno,blessagno,Lombardia,Como,CO,45.959522,9.09749
Blevio,blevio,Lombardia,Como,CO,45.839942,9.10247
Bregnano,bregnano,Lombardia,Como,CO,45.698661,9.060961
Brenna,brenna,Lombardia,Como,CO,45.742978,9.187142
Brienno,brienno,Lombardia,Como,CO,45.91144,9.131272
Brunate,brunate,Lombardia,Como,CO,45.81947,9.09599
Bulgarograsso,bulgarograsso,Lombardia,Como,CO,45.747076,9.006438
Cabiate,cabiate,Lombardia,Como,CO,45.674176,9.173743
Cadorago,cadorago,Lombardia,Como,CO,45.724609,9.038219
Caglio,caglio,Lombardia,Como,CO,45.87165,9.238268
Campione d'Italia,campione d'italia,Lombardia,Como,CO,45.968081,8.971033
Cantù,cantu,Lombardia,Como,CO,45.739535,9.129103
Canzo,canzo,Lombardia,Como,CO,45.850641,9.274802
Capiago Intimiano,capiago intimiano,Lombardia,Como,CO,45.770802,9.130032
Carate Urio,carate urio,Lombardia,Como,CO,45.88052,9.110496
Carbonate,carbonate,Lombardia,Como,CO,45.683657,8.940016
Carimate,carimate,Lombardia,Como,CO,45.702976,9.110641
Carlazzo,carlazzo,Lombardia,Como,CO,46.050003,9.1545
Carugo,carugo,Lombardia,Como,CO,45.709225,9.194574
Caslino d'Erba,caslino d'erba,Lombardia,Como,CO,45.837589,9.23087
Casnate con Bernate,casnate con bernate,Lombardia,Como,CO,45.760483,9.074278
Cassina Rizzardi,cassina rizzardi,Lombardia,Como,CO,45.75055,9.0312
Castelmarte,castelmarte,Lombardia,Como,CO,45.833229,9.232703
Castelnuovo Bozzente,castelnuovo bozzente,Lombardia,Como,CO,45.764576,8.943536
Cavargna,cavargna,Lombardia,Como,CO,46.090086,9.111234
Cerano d'Intelvi,cerano d'intelvi,Lombardia,Como,CO,45.943282,9.088836
Cermenate,cermenate,Lombardia,Como,CO,45.70008,9.080088
Cernobbio,cernobbio,Lombardia,Como,CO,45.841394,9.075905
Cirimido,cirimido,Lombardia,Como,CO,45.699775,9.012539
Claino con Osteno,claino con osteno,Lombardia,Como,CO,46.009489,9.09009
Colonno,colonno,Lombardia,Como,CO,45.957602,9.155571
Como,como,Lombardia,Como,CO,45.939476,9.14941
Corrido,corrido,Lombardia,Como,CO,46.045832,9.139771
Cremia,cremia,Lombardia,Como,CO,46.087285,9.27148
Cucciago,cucciago,Lombardia,Como,CO,45.739876,9.095489
Cusino,cusino,Lombardia,Como,CO,46.074584,9.152503
Dizzasco,dizzasco,Lombardia,Como,CO,45.943782,9.099736
Domaso,domaso,Lombardia,Como,CO,46.15099,9.328142
Dongo,dongo,Lombardia,Como,CO,46.122936,9.279079
Dosso del Liro,dosso del liro,Lombardia,Como,CO,46.163989,9.272936
Erba,erba,Lombardia,Como,CO,45.80958,9.231242
Eupilio,eupilio,Lombardia,Como,CO,45.818252,9.264711
Faggeto Lario,faggeto lario,Lombardia,Como,CO,45.858079,9.170904
Faloppio,faloppio,Lombardia,Como,CO,45.808891,8.971173
Fenegrò,fenegro,Lombardia,Como,CO,45.701637,8.999679
Figino Serenza,figino serenza,Lombardia,Como,CO,45.70978,9.128939
Fino Mornasco,fino mornasco,Lombardia,Como,CO,45.742876,9.047639
Garzeno,garzeno,Lombardia,Como,CO,46.134274,9.248345
Gera Lario,gera lario,Lombardia,Como,CO,46.171099,9.371899
Grandate,grandate,Lombardia,Como,CO,45.775177,9.057838
Grandola ed Uniti,grandola ed uniti,Lombardia,Como,CO,46.050863,9.189892
Griante,griante,Lombardia,Como,CO,45.995284,9.235538
Guanzate,guanzate,Lombardia,Como,CO,45.723878,9.010799
Inverigo,inverigo,Lombardia,Como,CO,45.740484,9.223612
Laglio,laglio,Lombardia,Como,CO,45.880967,9.138031
Laino,laino,Lombardia,Como,CO,45.984483,9.075435
Lambrugo,lambrugo,Lombardia,Como,CO,45.759191,9.241845
Lasnigo,lasnigo,Lombardia,Como,CO,45.882245,9.267118
Lezzeno,lezzeno,Lombardia,Como,CO,45.945075,9.194112
Limido Comasco,limido comasco,Lombardia,Como,CO,45.689174,8.979838
Lipomo,lipomo,Lombardia,Como,CO,45.794503,9.121646
Livo,livo,Lombardia,Como,CO,46.168845,9.30451
Locate Varesino,locate varesino,Lombardia,Como,CO,45.688851,8.930679
Lomazzo,lomazzo,Lombardia,Como,CO,45.69924,9.03436
Longone al Segrino,longone al segrino,Lombardia,Como,CO,45.819244,9.250424
Luisago,luisago,Lombardia,Como,CO,45.762877,9.035438
Lurago d'Erba,lurago d'erba,Lombardia,Como,CO,45.74864,9.213197
Lurago Marinone,lurago marinone,Lombardia,Como,CO,45.705775,8.981338
Lurate Caccivio,lurate caccivio,Lombardia,Como,CO,45.764583,8.991472
Magreglio,magreglio,Lombardia,Como,CO,45.920747,9.262095
Mariano Comense,mariano comense,Lombardia,Como,CO,45.697149,9.178344
Maslianico,maslianico,Lombardia,Como,CO,45.842827,9.047196
Menaggio,menaggio,Lombardia,Como,CO,46.022565,9.241433
Merone,merone,Lombardia,Como,CO,45.78774,9.246188
Moltrasio,moltrasio,Lombardia,Como,CO,45.85998,9.098438
Monguzzo,monguzzo,Lombardia,Como,CO,45.782867,9.232579
Montano Lucino,montano lucino,Lombardia,Como,CO,45.790331,9.027521
Montemezzo,montemezzo,Lombardia,Como,CO,46.178181,9.374485
Montorfano,montorfano,Lombardia,Como,CO,45.785458,9.146079
Mozzate,mozzate,Lombardia,Como,CO,45.675188,8.955762
Musso,musso,Lombardia,Como,CO,46.114256,9.276373
Nesso,nesso,Lombardia,Como,CO,45.911422,9.157113
Novedrate,novedrate,Lombardia,Como,CO,45.698946,9.120498
Olgiate Comasco,olgiate comasco,Lombardia,Como,CO,45.785326,8.967774
Oltrona di San Mamette,oltrona di san mamette,Lombardia,Como,CO,45.756962,8.976296
Orsenigo,orsenigo,Lombardia,Como,CO,45.777379,9.181741
Peglio,peglio,Lombardia,Como,CO,46.160389,9.294736
Pianello del Lario,pianello del lario,Lombardia,Como,CO,46.102769,9.276633
Pigra,pigra,Lombardia,Como,CO,45.957563,9.127695
Plesio,plesio,Lombardia,Como,CO,46.046392,9.230285
Pognana Lario,pognana lario,Lombardia,Como,CO,45.881934,9.164584
Ponna,ponna,Lombardia,Como,CO,45.995654,9.110843
Ponte Lambro,ponte lambro,Lombardia,Como,CO,45.82658,9.225441
Porlezza,porlezza,Lombardia,Como,CO,46.036072,9.118392
Proserpio,proserpio,Lombardia,Como,CO,45.82828,9.245542
Pusiano,pusiano,Lombardia,Como,CO,45.81388,9.281843
Rezzago,rezzago,Lombardia,Como,CO,45.866781,9.249741
Rodero,rodero,Lombardia,Como,CO,45.823977,8.915234
Ronago,ronago,Lombardia,Como,CO,45.832278,8.983636
Rovellasca,rovellasca,Lombardia,Como,CO,45.669411,9.050151
Rovello Porro,rovello porro,Lombardia,Como,CO,45.654152,9.041161
Sala Comacina,sala comacina,Lombardia,Como,CO,45.964424,9.166346
San Bartolomeo Val Cavargna,san bartolomeo val cavargna,Lombardia,Como,CO,46.083486,9.149127
San Fermo della Battaglia,san fermo della battaglia,Lombardia,Como,CO,45.808678,9.047438
San Nazzaro Val Cavargna,san nazzaro val cavargna,Lombardia,Como,CO,46.089386,9.127434
Schignano,schignano,Lombardia,Como,CO,45.926245,9.103091
Senna Comasco,senna comasco,Lombardia,Como,CO,45.762977,9.11104
Sorico,sorico,Lombardia,Como,CO,46.172005,9.379666
Sormano,sormano,Lombardia,Como,CO,45.877782,9.248741
Stazzona,stazzona,Lombardia,Como,CO,46.138485,9.274682
Tavernerio,tavernerio,Lombardia,Como,CO,45.802426,9.146436
Torno,torno,Lombardia,Como,CO,45.857591,9.116294
Trezzone,trezzone,Lombardia,Como,CO,46.171143,9.351494
Turate,turate,Lombardia,Como,CO,45.654802,9.002287
Uggiate-Trevano,uggiate-trevano,Lombardia,Como,CO,45.823859,8.964901
Valbrona,valbrona,Lombardia,Como,CO,45.881055,9.301631
Valmorea,valmorea,Lombardia,Como,CO,45.817455,8.932232
Val Rezzo,val rezzo,Lombardia,Como,CO,46.070258,9.100887
Valsolda,valsolda,Lombardia,Como,CO,46.029095,9.043912
Veleso,veleso,Lombardia,Como,CO,45.908382,9.182139
Veniano,veniano,Lombardia,Como,CO,45.71558,8.983074
Vercana,vercana,Lombardia,Como,CO,46.159489,9.335137
Vertemate con Minoprio,vertemate con minoprio,Lombardia,Como,CO,45.728215,9.078415
Villa Guardia,villa guardia,Lombardia,Como,CO,45.773784,9.025297
Zelbio,zelbio,Lombardia,Como,CO,45.904582,9.180539
San Siro,san siro,Lombardia,Como,CO,45.4782,9.123964
Gravedona ed Uniti,gravedona ed uniti,Lombardia,Como,CO,46.157675,9.184376
Bellagio,bellagio,Lombardia,Como,CO,45.987255,9.2613
Colverde,colverde,Lombardia,Como,CO,45.804718,9.001526
Tremezzina,tremezzina,Lombardia,Como,CO,45.983524,9.191491
Alta Valle Intelvi,alta valle intelvi,Lombardia,Como,CO,45.980864,9.041875
Centro Valle Intelvi,centro valle intelvi,Lombardia,Como,CO,45.950461,9.063741
Solbiate con Cagno,solbiate con cagno,Lombardia,Como,CO,45.800442,8.915405
Albaredo per San Marco,albaredo per san marco,Lombardia,Sondrio,SO,46.10349,9.590044
Albosaggia,albosaggia,Lombardia,Sondrio,SO,46.147232,9.85317
Andalo Valtellino,andalo valtellino,Lombardia,Sondrio,SO,46.133822,9.473806
Aprica,aprica,Lombardia,Sondrio,SO,46.152697,10.151656
Ardenno,ardenno,Lombardia,Sondrio,SO,46.164292,9.644944
Bema,bema,Lombardia,Sondrio,SO,46.108201,9.564166
Berbenno di Valtellina,berbenno di valtellina,Lombardia,Sondrio,SO,46.168878,9.742367
Bianzone,bianzone,Lombardia,Sondrio,SO,46.188197,10.109354
Bormio,bormio,Lombardia,Sondrio,SO,46.469244,10.372216
Buglio in Monte,buglio in monte,Lombardia,Sondrio,SO,46.182788,9.674828
Caiolo,caiolo,Lombardia,Sondrio,SO,46.149994,9.814548
Campodolcino,campodolcino,Lombardia,Sondrio,SO,46.405986,9.351942
Caspoggio,caspoggio,Lombardia,Sondrio,SO,46.263526,9.862576
Castello dell'Acqua,castello dell'acqua,Lombardia,Sondrio,SO,46.145995,10.013553
Castione Andevenno,castione andevenno,Lombardia,Sondrio,SO,46.172794,9.800247
Cedrasco,cedrasco,Lombardia,Sondrio,SO,46.149293,9.767047
Cercino,cercino,Lombardia,Sondrio,SO,46.158091,9.508141
Chiavenna,chiavenna,Lombardia,Sondrio,SO,46.319979,9.398122
Chiesa in Valmalenco,chiesa in valmalenco,Lombardia,Sondrio,SO,46.265097,9.848647
Chiuro,chiuro,Lombardia,Sondrio,SO,46.170821,9.989355
Cino,cino,Lombardia,Sondrio,SO,46.158149,9.486137
Civo,civo,Lombardia,Sondrio,SO,46.154191,9.560642
Colorina,colorina,Lombardia,Sondrio,SO,46.153693,9.729346
Cosio Valtellino,cosio valtellino,Lombardia,Sondrio,SO,46.133741,9.529154
Dazio,dazio,Lombardia,Sondrio,SO,46.16127,9.600839
Delebio,delebio,Lombardia,Sondrio,SO,46.13609,9.46064
Dubino,dubino,Lombardia,Sondrio,SO,46.153343,9.461512
Faedo Valtellino,faedo valtellino,Lombardia,Sondrio,SO,46.152995,9.90605
Forcola,forcola,Lombardia,Sondrio,SO,46.158774,9.670848
Fusine,fusine,Lombardia,Sondrio,SO,46.149041,9.749098
Gerola Alta,gerola alta,Lombardia,Sondrio,SO,46.059382,9.550802
Gordona,gordona,Lombardia,Sondrio,SO,46.292293,9.365335
Grosio,grosio,Lombardia,Sondrio,SO,46.29893,10.274516
Grosotto,grosotto,Lombardia,Sondrio,SO,46.279862,10.258441
Madesimo,madesimo,Lombardia,Sondrio,SO,46.436316,9.358401
Lanzada,lanzada,Lombardia,Sondrio,SO,46.269297,9.869247
Livigno,livigno,Lombardia,Sondrio,SO,46.537801,10.136316
Lovero,lovero,Lombardia,Sondrio,SO,46.2314,10.228556
Mantello,mantello,Lombardia,Sondrio,SO,46.152491,9.488941
Mazzo di Valtellina,mazzo di valtellina,Lombardia,Sondrio,SO,46.2586,10.256656
Mello,mello,Lombardia,Sondrio,SO,46.155291,9.547242
Mese,mese,Lombardia,Sondrio,SO,46.306294,9.382335
Montagna in Valtellina,montagna in valtellina,Lombardia,Sondrio,SO,46.178495,9.90295
Morbegno,morbegno,Lombardia,Sondrio,SO,46.132419,9.569474
Novate Mezzola,novate mezzola,Lombardia,Sondrio,SO,46.221592,9.449839
Pedesina,pedesina,Lombardia,Sondrio,SO,46.082574,9.550664
Piantedo,piantedo,Lombardia,Sondrio,SO,46.13419,9.42934
Piateda,piateda,Lombardia,Sondrio,SO,46.159595,9.934951
Piuro,piuro,Lombardia,Sondrio,SO,46.330143,9.420908
Poggiridenti,poggiridenti,Lombardia,Sondrio,SO,46.174795,9.92605
Ponte in Valtellina,ponte in valtellina,Lombardia,Sondrio,SO,46.174996,9.977851
Postalesio,postalesio,Lombardia,Sondrio,SO,46.174094,9.775447
Prata Camportaccio,prata camportaccio,Lombardia,Sondrio,SO,46.307194,9.395236
Rasura,rasura,Lombardia,Sondrio,SO,46.10059,9.552743
Rogolo,rogolo,Lombardia,Sondrio,SO,46.135746,9.487317
Samolaco,samolaco,Lombardia,Sondrio,SO,46.24616,9.395079
San Giacomo Filippo,san giacomo filippo,Lombardia,Sondrio,SO,46.337694,9.371235
Sernio,sernio,Lombardia,Sondrio,SO,46.224535,10.204097
Sondalo,sondalo,Lombardia,Sondrio,SO,46.331392,10.324863
Sondrio,sondrio,Lombardia,Sondrio,SO,46.323362,10.258414
Spriana,spriana,Lombardia,Sondrio,SO,46.220302,9.864005
Talamona,talamona,Lombardia,Sondrio,SO,46.138492,9.612944
Tartano,tartano,Lombardia,Sondrio,SO,46.105891,9.678646
Teglio,teglio,Lombardia,Sondrio,SO,46.172675,10.064126
Tirano,tirano,Lombardia,Sondrio,SO,46.215672,10.173178
Torre di Santa Maria,torre di santa maria,Lombardia,Sondrio,SO,46.233529,9.851604
Tovo di Sant'Agata,tovo di sant'agata,Lombardia,Sondrio,SO,46.244779,10.246453
Traona,traona,Lombardia,Sondrio,SO,46.14962,9.525796
Tresivio,tresivio,Lombardia,Sondrio,SO,46.175695,9.942551
Valdidentro,valdidentro,Lombardia,Sondrio,SO,46.489037,10.292304
Valdisotto,valdisotto,Lombardia,Sondrio,SO,46.425215,10.357418
Valfurva,valfurva,Lombardia,Sondrio,SO,46.416517,10.512516
Val Masino,val masino,Lombardia,Sondrio,SO,46.245866,9.637997
Verceia,verceia,Lombardia,Sondrio,SO,46.198692,9.454739
Vervio,vervio,Lombardia,Sondrio,SO,46.252835,10.240226
Villa di Chiavenna,villa di chiavenna,Lombardia,Sondrio,SO,46.324494,9.493954
Villa di Tirano,villa di tirano,Lombardia,Sondrio,SO,46.203898,10.133854
Abbiategrasso,abbiategrasso,Lombardia,Milano,MI,45.398733,8.91623
Albairate,albairate,Lombardia,Milano,MI,45.421126,8.938136
Arconate,arconate,Lombardia,Milano,MI,45.540664,8.848162
Arese,arese,Lombardia,Milano,MI,45.54904,9.077895
Arluno,arluno,Lombardia,Milano,MI,45.50507,8.941541
Assago,assago,Lombardia,Milano,MI,45.405397,9.131355
Bareggio,bareggio,Lombardia,Milano,MI,45.477726,8.995973
Basiano,basiano,Lombardia,Milano,MI,45.573588,9.467854
Basiglio,basiglio,Lombardia,Milano,MI,45.349152,9.164589
Bellinzago Lombardo,bellinzago lombardo,Lombardia,Milano,MI,45.542075,9.445951
Bernate Ticino,bernate ticino,Lombardia,Milano,MI,45.479342,8.818039
Besate,besate,Lombardia,Milano,MI,45.312965,8.969645
Binasco,binasco,Lombardia,Milano,MI,45.33197,9.099987
Boffalora sopra Ticino,boffalora sopra ticino,Lombardia,Milano,MI,45.467278,8.830608
Bollate,bollate,Lombardia,Milano,MI,45.543835,9.117708
Bresso,bresso,Lombardia,Milano,MI,45.53668,9.18773
Bubbiano,bubbiano,Lombardia,Milano,MI,45.327266,9.014546
Buccinasco,buccinasco,Lombardia,Milano,MI,45.41715,9.109788
Buscate,buscate,Lombardia,Milano,MI,45.544916,8.812943
Bussero,bussero,Lombardia,Milano,MI,45.536676,9.372003
Busto Garolfo,busto garolfo,Lombardia,Milano,MI,45.545558,8.88327
Calvignasco,calvignasco,Lombardia,Milano,MI,45.325966,9.027746
Cambiago,cambiago,Lombardia,Milano,MI,45.572544,9.426842
Canegrate,canegrate,Lombardia,Milano,MI,45.570538,8.926792
Carpiano,carpiano,Lombardia,Milano,MI,45.340572,9.272733
Carugate,carugate,Lombardia,Milano,MI,45.549774,9.343749
Casarile,casarile,Lombardia,Milano,MI,45.317888,9.104903
Casorezzo,casorezzo,Lombardia,Milano,MI,45.52437,8.90154
Cassano d'Adda,cassano d'adda,Lombardia,Milano,MI,45.526333,9.521491
Cassina de' Pecchi,cassina de' pecchi,Lombardia,Milano,MI,45.519189,9.361976
Cassinetta di Lugagnano,cassinetta di lugagnano,Lombardia,Milano,MI,45.423576,8.908314
Castano Primo,castano primo,Lombardia,Milano,MI,45.551594,8.776992
Cernusco sul Naviglio,cernusco sul naviglio,Lombardia,Milano,MI,45.524558,9.330925
Cerro al Lambro,cerro al lambro,Lombardia,Milano,MI,45.329969,9.339053
Cerro Maggiore,cerro maggiore,Lombardia,Milano,MI,45.593012,8.951392
Cesano Boscone,cesano boscone,Lombardia,Milano,MI,45.447112,9.094054
Cesate,cesate,Lombardia,Milano,MI,45.596474,9.077308
Cinisello Balsamo,cinisello balsamo,Lombardia,Milano,MI,45.556059,9.214317
Cisliano,cisliano,Lombardia,Milano,MI,45.444669,8.990243
Cologno Monzese,cologno monzese,Lombardia,Milano,MI,45.528554,9.278224
Colturano,colturano,Lombardia,Milano,MI,45.37977,9.337852
Corbetta,corbetta,Lombardia,Milano,MI,45.465937,8.92009
Cormano,cormano,Lombardia,Milano,MI,45.544513,9.167621
Cornaredo,cornaredo,Lombardia,Milano,MI,45.501685,9.025746
Corsico,corsico,Lombardia,Milano,MI,45.430722,9.110233
Cuggiono,cuggiono,Lombardia,Milano,MI,45.506239,8.815266
Cusago,cusago,Lombardia,Milano,MI,45.446245,9.033528
Cusano Milanino,cusano milanino,Lombardia,Milano,MI,45.552184,9.183685
Dairago,dairago,Lombardia,Milano,MI,45.565972,8.863174
Dresano,dresano,Lombardia,Milano,MI,45.37297,9.360642
Gaggiano,gaggiano,Lombardia,Milano,MI,45.406461,9.034418
Garbagnate Milanese,garbagnate milanese,Lombardia,Milano,MI,45.577145,9.080025
Gessate,gessate,Lombardia,Milano,MI,45.554388,9.435192
Gorgonzola,gorgonzola,Lombardia,Milano,MI,45.531574,9.404651
Grezzago,grezzago,Lombardia,Milano,MI,45.591865,9.495203
Gudo Visconti,gudo visconti,Lombardia,Milano,MI,45.372872,8.998828
Inveruno,inveruno,Lombardia,Milano,MI,45.51383,8.851954
Inzago,inzago,Lombardia,Milano,MI,45.540475,9.482052
Lacchiarella,lacchiarella,Lombardia,Milano,MI,45.321848,9.137047
Lainate,lainate,Lombardia,Milano,MI,45.57173,9.028461
Legnano,legnano,Lombardia,Milano,MI,45.594698,8.91836
Liscate,liscate,Lombardia,Milano,MI,45.481549,9.409012
Locate di Triulzi,locate di triulzi,Lombardia,Milano,MI,45.357932,9.224641
Magenta,magenta,Lombardia,Milano,MI,45.465393,8.883843
Magnago,magnago,Lombardia,Milano,MI,45.578731,8.801851
Marcallo con Casone,marcallo con casone,Lombardia,Milano,MI,45.48722,8.873276
Masate,masate,Lombardia,Milano,MI,45.567547,9.463821
Mediglia,mediglia,Lombardia,Milano,MI,45.39537,9.331652
Melegnano,melegnano,Lombardia,Milano,MI,45.358789,9.323976
Melzo,melzo,Lombardia,Milano,MI,45.498585,9.424251
Mesero,mesero,Lombardia,Milano,MI,45.501314,8.854202
Milano,milano,Lombardia,Milano,MI,45.4668,9.1905
Morimondo,morimondo,Lombardia,Milano,MI,45.352442,8.954811
Motta Visconti,motta visconti,Lombardia,Milano,MI,45.288179,8.992487
Nerviano,nerviano,Lombardia,Milano,MI,45.553647,8.970719
Nosate,nosate,Lombardia,Milano,MI,45.550869,8.726535
Novate Milanese,novate milanese,Lombardia,Milano,MI,45.531939,9.140832
Noviglio,noviglio,Lombardia,Milano,MI,45.360159,9.050375
Opera,opera,Lombardia,Milano,MI,45.373069,9.211149
Ossona,ossona,Lombardia,Milano,MI,45.506211,8.901266
Ozzero,ozzero,Lombardia,Milano,MI,45.365848,8.924514
Paderno Dugnano,paderno dugnano,Lombardia,Milano,MI,45.571903,9.168131
Pantigliate,pantigliate,Lombardia,Milano,MI,45.439548,9.352631
Parabiago,parabiago,Lombardia,Milano,MI,45.558611,8.947888
Paullo,paullo,Lombardia,Milano,MI,45.416787,9.398241
Pero,pero,Lombardia,Milano,MI,45.510236,9.089457
Peschiera Borromeo,peschiera borromeo,Lombardia,Milano,MI,45.431795,9.31182
Pessano con Bornago,pessano con bornago,Lombardia,Milano,MI,45.548535,9.388324
Pieve Emanuele,pieve emanuele,Lombardia,Milano,MI,45.355913,9.202072
Pioltello,pioltello,Lombardia,Milano,MI,45.501022,9.326335
Pogliano Milanese,pogliano milanese,Lombardia,Milano,MI,45.537305,8.991417
Pozzo d'Adda,pozzo d'adda,Lombardia,Milano,MI,45.575666,9.500377
Pozzuolo Martesana,pozzuolo martesana,Lombardia,Milano,MI,45.513975,9.456252
Pregnana Milanese,pregnana milanese,Lombardia,Milano,MI,45.515849,9.008012
Rescaldina,rescaldina,Lombardia,Milano,MI,45.615974,8.948931
Rho,rho,Lombardia,Milano,MI,45.528532,9.04018
Robecchetto con Induno,robecchetto con induno,Lombardia,Milano,MI,45.532481,8.764558
Robecco sul Naviglio,robecco sul naviglio,Lombardia,Milano,MI,45.436507,8.887279
Rodano,rodano,Lombardia,Milano,MI,45.477658,9.353461
Rosate,rosate,Lombardia,Milano,MI,45.351992,9.017478
Rozzano,rozzano,Lombardia,Milano,MI,45.383237,9.154131
San Colombano al Lambro,san colombano al lambro,Lombardia,Milano,MI,45.181716,9.488578
San Donato Milanese,san donato milanese,Lombardia,Milano,MI,45.41807,9.27165
San Giorgio su Legnano,san giorgio su legnano,Lombardia,Milano,MI,45.573771,8.913739
San Giuliano Milanese,san giuliano milanese,Lombardia,Milano,MI,45.39427,9.291851
Santo Stefano Ticino,santo stefano ticino,Lombardia,Milano,MI,45.487263,8.918626
San Vittore Olona,san vittore olona,Lombardia,Milano,MI,45.586091,8.942696
San Zenone al Lambro,san zenone al lambro,Lombardia,Milano,MI,45.327269,9.355253
Sedriano,sedriano,Lombardia,Milano,MI,45.488333,8.968731
Segrate,segrate,Lombardia,Milano,MI,45.490735,9.29482
Senago,senago,Lombardia,Milano,MI,45.576272,9.124548
Sesto San Giovanni,sesto san giovanni,Lombardia,Milano,MI,45.535722,9.237655
Settala,settala,Lombardia,Milano,MI,45.454413,9.386766
Settimo Milanese,settimo milanese,Lombardia,Milano,MI,45.480309,9.055356
Solaro,solaro,Lombardia,Milano,MI,45.617526,9.081021
Trezzano Rosa,trezzano rosa,Lombardia,Milano,MI,45.582777,9.486652
Trezzano sul Naviglio,trezzano sul naviglio,Lombardia,Milano,MI,45.417988,9.069116
Trezzo sull'Adda,trezzo sull'adda,Lombardia,Milano,MI,45.608718,9.519844
Tribiano,tribiano,Lombardia,Milano,MI,45.413371,9.378952
Truccazzano,truccazzano,Lombardia,Milano,MI,45.483874,9.468553
Turbigo,turbigo,Lombardia,Milano,MI,45.52915,8.736666
Vanzago,vanzago,Lombardia,Milano,MI,45.526826,8.994955
Vaprio d'Adda,vaprio d'adda,Lombardia,Milano,MI,45.576576,9.529174
Vernate,vernate,Lombardia,Milano,MI,45.316147,9.060968
Vignate,vignate,Lombardia,Milano,MI,45.496573,9.376651
Vimodrone,vimodrone,Lombardia,Milano,MI,45.512832,9.284672
Vittuone,vittuone,Lombardia,Milano,MI,45.487969,8.952442
Vizzolo Predabissi,vizzolo predabissi,Lombardia,Milano,MI,45.35636,9.349762
Zibido San Giacomo,zibido san giacomo,Lombardia,Milano,MI,45.36,9.106028
Villa Cortese,villa cortese,Lombardia,Milano,MI,45.566752,8.888903
Vanzaghello,vanzaghello,Lombardia,Milano,MI,45.579253,8.782372
Baranzate,baranzate,Lombardia,Milano,MI,45.527222,9.117601
Vermezzo con Zelo,vermezzo con zelo,Lombardia,Milano,MI,45.390781,8.982192
Adrara San Martino,adrara san martino,Lombardia,Bergamo,BG,45.699945,9.948935
Adrara San Rocco,adrara san rocco,Lombardia,Bergamo,BG,45.713986,9.958705
Albano Sant'Alessandro,albano sant'alessandro,Lombardia,Bergamo,BG,45.686482,9.770656
Albino,albino,Lombardia,Bergamo,BG,45.760814,9.79683
Almè,alme,Lombardia,Bergamo,BG,45.73701,9.614785
Almenno San Bartolomeo,almenno san bartolomeo,Lombardia,Bergamo,BG,45.742681,9.582251
Almenno San Salvatore,almenno san salvatore,Lombardia,Bergamo,BG,45.749956,9.596368
Alzano Lombardo,alzano lombardo,Lombardia,Bergamo,BG,45.733603,9.730494
Ambivere,ambivere,Lombardia,Bergamo,BG,45.71958,9.55015
Antegnate,antegnate,Lombardia,Bergamo,BG,45.486477,9.79146
Arcene,arcene,Lombardia,Bergamo,BG,45.575577,9.614054
Ardesio,ardesio,Lombardia,Bergamo,BG,45.937512,9.931158
Arzago d'Adda,arzago d'adda,Lombardia,Bergamo,BG,45.481513,9.561678
Averara,averara,Lombardia,Bergamo,BG,45.98868,9.631398
Aviatico,aviatico,Lombardia,Bergamo,BG,45.800307,9.771656
Azzano San Paolo,azzano san paolo,Lombardia,Bergamo,BG,45.661039,9.67518
Azzone,azzone,Lombardia,Bergamo,BG,45.978518,10.112647
Bagnatica,bagnatica,Lombardia,Bergamo,BG,45.660881,9.781057
Barbata,barbata,Lombardia,Bergamo,BG,45.474977,9.77736
Bariano,bariano,Lombardia,Bergamo,BG,45.512646,9.704925
Barzana,barzana,Lombardia,Bergamo,BG,45.733986,9.567264
Bedulita,bedulita,Lombardia,Bergamo,BG,45.791652,9.55155
Berbenno,berbenno,Lombardia,Bergamo,BG,45.814783,9.571049
Bergamo,bergamo,Lombardia,Bergamo,BG,45.756656,9.754219
Berzo San Fermo,berzo san fermo,Lombardia,Bergamo,BG,45.719384,9.903158
Bianzano,bianzano,Lombardia,Bergamo,BG,45.774503,9.920848
Blello,blello,Lombardia,Bergamo,BG,45.837784,9.571049
Bolgare,bolgare,Lombardia,Bergamo,BG,45.635081,9.812858
Boltiere,boltiere,Lombardia,Bergamo,BG,45.600878,9.578453
Bonate Sopra,bonate sopra,Lombardia,Bergamo,BG,45.68338,9.559751
Bonate Sotto,bonate sotto,Lombardia,Bergamo,BG,45.666784,9.561388
Borgo di Terzo,borgo di terzo,Lombardia,Bergamo,BG,45.721786,9.894848
Bossico,bossico,Lombardia,Bergamo,BG,45.828388,10.045059
Bottanuco,bottanuco,Lombardia,Bergamo,BG,45.639878,9.506451
Bracca,bracca,Lombardia,Bergamo,BG,45.823886,9.707871
Branzi,branzi,Lombardia,Bergamo,BG,46.005377,9.759974
Brembate,brembate,Lombardia,Bergamo,BG,45.603928,9.555598
Brembate di Sopra,brembate di sopra,Lombardia,Bergamo,BG,45.716763,9.579416
Brignano Gera d'Adda,brignano gera d'adda,Lombardia,Bergamo,BG,45.545519,9.648953
Brumano,brumano,Lombardia,Bergamo,BG,45.855083,9.500547
Brusaporto,brusaporto,Lombardia,Bergamo,BG,45.670846,9.761354
Calcinate,calcinate,Lombardia,Bergamo,BG,45.619721,9.798877
Calcio,calcio,Lombardia,Bergamo,BG,45.50921,9.850979
Calusco d'Adda,calusco d'adda,Lombardia,Bergamo,BG,45.691379,9.472649
Calvenzano,calvenzano,Lombardia,Bergamo,BG,45.494981,9.601286
Camerata Cornello,camerata cornello,Lombardia,Bergamo,BG,45.898686,9.656349
Canonica d'Adda,canonica d'adda,Lombardia,Bergamo,BG,45.575677,9.541653
Capizzone,capizzone,Lombardia,Bergamo,BG,45.784482,9.56775
Capriate San Gervasio,capriate san gervasio,Lombardia,Bergamo,BG,45.612578,9.528752
Caprino Bergamasco,caprino bergamasco,Lombardia,Bergamo,BG,45.74528,9.481748
Caravaggio,caravaggio,Lombardia,Bergamo,BG,45.49726,9.64374
Carobbio degli Angeli,carobbio degli angeli,Lombardia,Bergamo,BG,45.665182,9.829158
Carona,carona,Lombardia,Bergamo,BG,46.141084,10.090007
Carvico,carvico,Lombardia,Bergamo,BG,45.703779,9.482249
Casazza,casazza,Lombardia,Bergamo,BG,45.749184,9.907258
Casirate d'Adda,casirate d'adda,Lombardia,Bergamo,BG,45.494124,9.567808
Casnigo,casnigo,Lombardia,Bergamo,BG,45.815986,9.868556
Cassiglio,cassiglio,Lombardia,Bergamo,BG,45.966787,9.612147
Castelli Calepio,castelli calepio,Lombardia,Bergamo,BG,45.631966,9.896063
Castel Rozzone,castel rozzone,Lombardia,Bergamo,BG,45.552277,9.619855
Castione della Presolana,castione della presolana,Lombardia,Bergamo,BG,45.907455,10.035059
Castro,castro,Lombardia,Bergamo,BG,45.802987,10.06706
Cavernago,cavernago,Lombardia,Bergamo,BG,45.625097,9.76164
Cazzano Sant'Andrea,cazzano sant'andrea,Lombardia,Bergamo,BG,45.812733,9.884704
Cenate Sopra,cenate sopra,Lombardia,Bergamo,BG,45.711865,9.823789
Cenate Sotto,cenate sotto,Lombardia,Bergamo,BG,45.698864,9.825711
Cene,cene,Lombardia,Bergamo,BG,45.78367,9.82546
Cerete,cerete,Lombardia,Bergamo,BG,45.854348,10.011019
Chignolo d'Isola,chignolo d'isola,Lombardia,Bergamo,BG,45.667579,9.527651
Chiuduno,chiuduno,Lombardia,Bergamo,BG,45.650819,9.848016
Cisano Bergamasco,cisano bergamasco,Lombardia,Bergamo,BG,45.74248,9.470248
Ciserano,ciserano,Lombardia,Bergamo,BG,45.585281,9.60085
Cividate al Piano,cividate al piano,Lombardia,Bergamo,BG,45.554879,9.83096
Clusone,clusone,Lombardia,Bergamo,BG,45.887088,9.949656
Colere,colere,Lombardia,Bergamo,BG,45.974292,10.082757
Cologno al Serio,cologno al serio,Lombardia,Bergamo,BG,45.579772,9.707725
Colzate,colzate,Lombardia,Bergamo,BG,45.816027,9.855865
Comun Nuovo,comun nuovo,Lombardia,Bergamo,BG,45.622911,9.663127
Corna Imagna,corna imagna,Lombardia,Bergamo,BG,45.830683,9.544848
Cortenuova,cortenuova,Lombardia,Bergamo,BG,45.538978,9.787859
Costa di Mezzate,costa di mezzate,Lombardia,Bergamo,BG,45.661981,9.793957
Costa Valle Imagna,costa valle imagna,Lombardia,Bergamo,BG,45.80501,9.502141
Costa Volpino,costa volpino,Lombardia,Bergamo,BG,45.829888,10.098161
Covo,covo,Lombardia,Bergamo,BG,45.500322,9.770107
Credaro,credaro,Lombardia,Bergamo,BG,45.660582,9.93106
Curno,curno,Lombardia,Bergamo,BG,45.691514,9.610966
Cusio,cusio,Lombardia,Bergamo,BG,45.990888,9.601746
Dalmine,dalmine,Lombardia,Bergamo,BG,45.649279,9.603953
Dossena,dossena,Lombardia,Bergamo,BG,45.880286,9.696751
Endine Gaiano,endine gaiano,Lombardia,Bergamo,BG,45.792486,9.969058
Entratico,entratico,Lombardia,Bergamo,BG,45.705615,9.874626
Fara Gera d'Adda,fara gera d'adda,Lombardia,Bergamo,BG,45.555676,9.537853
Fara Olivana con Sola,fara olivana con sola,Lombardia,Bergamo,BG,45.49172,9.737362
Filago,filago,Lombardia,Bergamo,BG,45.637578,9.556352
Fino del Monte,fino del monte,Lombardia,Bergamo,BG,45.892689,9.994057
Fiorano al Serio,fiorano al serio,Lombardia,Bergamo,BG,45.799841,9.842294
Fontanella,fontanella,Lombardia,Bergamo,BG,45.469877,9.801961
Fonteno,fonteno,Lombardia,Bergamo,BG,45.757803,10.020207
Foppolo,foppolo,Lombardia,Bergamo,BG,46.04189,9.757449
Foresto Sparso,foresto sparso,Lombardia,Bergamo,BG,45.690883,9.920059
Fornovo San Giovanni,fornovo san giovanni,Lombardia,Bergamo,BG,45.497925,9.676906
Fuipiano Valle Imagna,fuipiano valle imagna,Lombardia,Bergamo,BG,45.854284,9.528447
Gandellino,gandellino,Lombardia,Bergamo,BG,45.99155,9.946597
Gandino,gandino,Lombardia,Bergamo,BG,45.811533,9.903118
Gandosso,gandosso,Lombardia,Bergamo,BG,45.658882,9.888859
Gaverina Terme,gaverina terme,Lombardia,Bergamo,BG,45.755784,9.886657
Gazzaniga,gazzaniga,Lombardia,Bergamo,BG,45.796642,9.834955
Ghisalba,ghisalba,Lombardia,Bergamo,BG,45.594193,9.753914
Gorlago,gorlago,Lombardia,Bergamo,BG,45.676703,9.827054
Gorle,gorle,Lombardia,Bergamo,BG,45.703735,9.719022
Gorno,gorno,Lombardia,Bergamo,BG,45.862895,9.843416
Grassobbio,grassobbio,Lombardia,Bergamo,BG,45.65723,9.723107
Gromo,gromo,Lombardia,Bergamo,BG,45.96399,9.927054
Grone,grone,Lombardia,Bergamo,BG,45.727504,9.911202
Grumello del Monte,grumello del monte,Lombardia,Bergamo,BG,45.637181,9.876759
Isola di Fondra,isola di fondra,Lombardia,Bergamo,BG,45.978491,9.746387
Isso,isso,Lombardia,Bergamo,BG,45.476787,9.758419
Lallio,lallio,Lombardia,Bergamo,BG,45.66638,9.630053
Leffe,leffe,Lombardia,Bergamo,BG,45.800686,9.885456
Lenna,lenna,Lombardia,Bergamo,BG,45.943983,9.678696
Levate,levate,Lombardia,Bergamo,BG,45.625179,9.624154
Locatello,locatello,Lombardia,Bergamo,BG,45.834502,9.53326
Lovere,lovere,Lombardia,Bergamo,BG,45.816882,10.075214
Lurano,lurano,Lombardia,Bergamo,BG,45.565677,9.640155
Luzzana,luzzana,Lombardia,Bergamo,BG,45.716393,9.880496
Madone,madone,Lombardia,Bergamo,BG,45.649957,9.547963
Mapello,mapello,Lombardia,Bergamo,BG,45.708965,9.547513
Martinengo,martinengo,Lombardia,Bergamo,BG,45.570368,9.767376
Mezzoldo,mezzoldo,Lombardia,Bergamo,BG,46.012403,9.664874
Misano di Gera d'Adda,misano di gera d'adda,Lombardia,Bergamo,BG,45.468775,9.621057
Moio de' Calvi,moio de' calvi,Lombardia,Bergamo,BG,45.952003,9.700212
Monasterolo del Castello,monasterolo del castello,Lombardia,Bergamo,BG,45.763185,9.931658
Montello,montello,Lombardia,Bergamo,BG,45.672082,9.805657
Morengo,morengo,Lombardia,Bergamo,BG,45.533604,9.705278
Mornico al Serio,mornico al serio,Lombardia,Bergamo,BG,45.59138,9.809259
Mozzanica,mozzanica,Lombardia,Bergamo,BG,45.476076,9.689258
Mozzo,mozzo,Lombardia,Bergamo,BG,45.69868,9.608652
Nembro,nembro,Lombardia,Bergamo,BG,45.743974,9.759275
Olmo al Brembo,olmo al brembo,Lombardia,Bergamo,BG,45.969676,9.648649
Oltre il Colle,oltre il colle,Lombardia,Bergamo,BG,45.889487,9.769252
Oltressenda Alta,oltressenda alta,Lombardia,Bergamo,BG,45.916699,9.944232
Oneta,oneta,Lombardia,Bergamo,BG,45.871487,9.819354
Onore,onore,Lombardia,Bergamo,BG,45.891169,10.009936
Orio al Serio,orio al serio,Lombardia,Bergamo,BG,45.676227,9.692956
Ornica,ornica,Lombardia,Bergamo,BG,45.988971,9.579479
Osio Sopra,osio sopra,Lombardia,Bergamo,BG,45.630787,9.591063
Osio Sotto,osio sotto,Lombardia,Bergamo,BG,45.616078,9.589053
Pagazzano,pagazzano,Lombardia,Bergamo,BG,45.534277,9.671157
Paladina,paladina,Lombardia,Bergamo,BG,45.730674,9.607994
Palazzago,palazzago,Lombardia,Bergamo,BG,45.752115,9.535027
Palosco,palosco,Lombardia,Bergamo,BG,45.587549,9.835698
Parre,parre,Lombardia,Bergamo,BG,45.874587,9.890855
Parzanica,parzanica,Lombardia,Bergamo,BG,45.738026,10.034515
Pedrengo,pedrengo,Lombardia,Bergamo,BG,45.695982,9.734955
Peia,peia,Lombardia,Bergamo,BG,45.799761,9.900355
Pianico,pianico,Lombardia,Bergamo,BG,45.809887,10.04306
Piario,piario,Lombardia,Bergamo,BG,45.896488,9.927255
Piazza Brembana,piazza brembana,Lombardia,Bergamo,BG,45.947786,9.675623
Piazzatorre,piazzatorre,Lombardia,Bergamo,BG,45.989717,9.683798
Piazzolo,piazzolo,Lombardia,Bergamo,BG,45.979783,9.67197
Pognano,pognano,Lombardia,Bergamo,BG,45.586378,9.639955
Ponte Nossa,ponte nossa,Lombardia,Bergamo,BG,45.866062,9.882974
Ponteranica,ponteranica,Lombardia,Bergamo,BG,45.732077,9.651987
Ponte San Pietro,ponte san pietro,Lombardia,Bergamo,BG,45.697819,9.587857
Pontida,pontida,Lombardia,Bergamo,BG,45.732311,9.498642
Pontirolo Nuovo,pontirolo nuovo,Lombardia,Bergamo,BG,45.569175,9.569345
Pradalunga,pradalunga,Lombardia,Bergamo,BG,45.746733,9.783129
Predore,predore,Lombardia,Bergamo,BG,45.680784,10.014361
Premolo,premolo,Lombardia,Bergamo,BG,45.870187,9.874655
Presezzo,presezzo,Lombardia,Bergamo,BG,45.69208,9.570351
Pumenengo,pumenengo,Lombardia,Bergamo,BG,45.479947,9.870128
Ranica,ranica,Lombardia,Bergamo,BG,45.726338,9.714663
Ranzanico,ranzanico,Lombardia,Bergamo,BG,45.789229,9.935725
Riva di Solto,riva di solto,Lombardia,Bergamo,BG,45.77357,10.039343
Rogno,rogno,Lombardia,Bergamo,BG,45.857665,10.133545
Romano di Lombardia,romano di lombardia,Lombardia,Bergamo,BG,45.518376,9.755087
Roncobello,roncobello,Lombardia,Bergamo,BG,45.955688,9.75235
Roncola,roncola,Lombardia,Bergamo,BG,45.768007,9.561298
Rota d'Imagna,rota d'imagna,Lombardia,Bergamo,BG,45.830854,9.512792
Rovetta,rovetta,Lombardia,Bergamo,BG,45.892989,9.983457
San Giovanni Bianco,san giovanni bianco,Lombardia,Bergamo,BG,45.874075,9.653022
San Paolo d'Argon,san paolo d'argon,Lombardia,Bergamo,BG,45.688557,9.804066
San Pellegrino Terme,san pellegrino terme,Lombardia,Bergamo,BG,45.838631,9.664731
Santa Brigida,santa brigida,Lombardia,Bergamo,BG,45.984547,9.621791
Sarnico,sarnico,Lombardia,Bergamo,BG,45.670143,9.963513
Scanzorosciate,scanzorosciate,Lombardia,Bergamo,BG,45.710782,9.735055
Schilpario,schilpario,Lombardia,Bergamo,BG,46.008793,10.157759
Sedrina,sedrina,Lombardia,Bergamo,BG,45.781783,9.624051
Selvino,selvino,Lombardia,Bergamo,BG,45.781144,9.751675
Seriate,seriate,Lombardia,Bergamo,BG,45.684371,9.717998
Serina,serina,Lombardia,Bergamo,BG,45.871941,9.729336
Solto Collina,solto collina,Lombardia,Bergamo,BG,45.781784,10.025203
Songavazzo,songavazzo,Lombardia,Bergamo,BG,45.879525,9.989516
Sorisole,sorisole,Lombardia,Bergamo,BG,45.744579,9.661195
Sotto il Monte Giovanni XXIII,sotto il monte giovanni xxiii,Lombardia,Bergamo,BG,45.705467,9.503737
Sovere,sovere,Lombardia,Bergamo,BG,45.820724,10.023098
Spinone al Lago,spinone al lago,Lombardia,Bergamo,BG,45.767485,9.924158
Spirano,spirano,Lombardia,Bergamo,BG,45.582078,9.668856
Stezzano,stezzano,Lombardia,Bergamo,BG,45.65138,9.65351
Strozza,strozza,Lombardia,Bergamo,BG,45.773082,9.57745
Suisio,suisio,Lombardia,Bergamo,BG,45.655902,9.500154
Taleggio,taleggio,Lombardia,Bergamo,BG,45.894385,9.562672
Tavernola Bergamasca,tavernola bergamasca,Lombardia,Bergamo,BG,45.709385,10.046262
Telgate,telgate,Lombardia,Bergamo,BG,45.628881,9.851659
Terno d'Isola,terno d'isola,Lombardia,Bergamo,BG,45.685479,9.530951
Torre Boldone,torre boldone,Lombardia,Bergamo,BG,45.716272,9.708189
Torre de' Busi,torre de' busi,Lombardia,Bergamo,BG,45.774566,9.480377
Torre de' Roveri,torre de' roveri,Lombardia,Bergamo,BG,45.700822,9.773514
Torre Pallavicina,torre pallavicina,Lombardia,Bergamo,BG,45.446377,9.877063
Trescore Balneario,trescore balneario,Lombardia,Bergamo,BG,45.696483,9.842557
Treviglio,treviglio,Lombardia,Bergamo,BG,45.521724,9.593148
Treviolo,treviolo,Lombardia,Bergamo,BG,45.671543,9.611742
Ubiale Clanezzo,ubiale clanezzo,Lombardia,Bergamo,BG,45.780936,9.605822
Urgnano,urgnano,Lombardia,Bergamo,BG,45.597197,9.694856
Valbondione,valbondione,Lombardia,Bergamo,BG,46.034193,10.005855
Valbrembo,valbrembo,Lombardia,Bergamo,BG,45.717833,9.607536
Valgoglio,valgoglio,Lombardia,Bergamo,BG,45.97489,9.913554
Valleve,valleve,Lombardia,Bergamo,BG,46.02819,9.743749
Valnegra,valnegra,Lombardia,Bergamo,BG,45.94941,9.690018
Valtorta,valtorta,Lombardia,Bergamo,BG,45.977787,9.534945
Vedeseta,vedeseta,Lombardia,Bergamo,BG,45.89087,9.540057
Verdellino,verdellino,Lombardia,Bergamo,BG,45.603136,9.61561
Verdello,verdello,Lombardia,Bergamo,BG,45.604778,9.628954
Vertova,vertova,Lombardia,Bergamo,BG,45.810219,9.853507
Viadanica,viadanica,Lombardia,Bergamo,BG,45.684342,9.962284
Vigano San Martino,vigano san martino,Lombardia,Bergamo,BG,45.726531,9.89399
Vigolo,vigolo,Lombardia,Bergamo,BG,45.715775,10.022717
Villa d'Adda,villa d'adda,Lombardia,Bergamo,BG,45.71398,9.461649
Villa d'Almè,villa d'alme,Lombardia,Bergamo,BG,45.749682,9.614451
Villa di Serio,villa di serio,Lombardia,Bergamo,BG,45.722665,9.732378
Villa d'Ogna,villa d'ogna,Lombardia,Bergamo,BG,45.904689,9.930855
Villongo,villongo,Lombardia,Bergamo,BG,45.673042,9.933834
Vilminore di Scalve,vilminore di scalve,Lombardia,Bergamo,BG,45.997675,10.09248
Zandobbio,zandobbio,Lombardia,Bergamo,BG,45.687882,9.853358
Zanica,zanica,Lombardia,Bergamo,BG,45.63946,9.684126
Zogno,zogno,Lombardia,Bergamo,BG,45.793706,9.666203
Costa Serina,costa serina,Lombardia,Bergamo,BG,45.83242,9.741937
Algua,algua,Lombardia,Bergamo,BG,45.826185,9.722152
Cornalba,cornalba,Lombardia,Bergamo,BG,45.851729,9.743234
Medolago,medolago,Lombardia,Bergamo,BG,45.668579,9.49565
Solza,solza,Lombardia,Bergamo,BG,45.677143,9.488937
Sant'Omobono Terme,sant'omobono terme,Lombardia,Bergamo,BG,45.811687,9.535963
Val Brembilla,val brembilla,Lombardia,Bergamo,BG,45.824643,9.601566
Acquafredda,acquafredda,Lombardia,Brescia,BS,45.307378,10.414677
Adro,adro,Lombardia,Brescia,BS,45.622402,9.961376
Agnosine,agnosine,Lombardia,Brescia,BS,45.650676,10.353335
Alfianello,alfianello,Lombardia,Brescia,BS,45.266975,10.148172
Anfo,anfo,Lombardia,Brescia,BS,45.76639,10.493771
Angolo Terme,angolo terme,Lombardia,Brescia,BS,45.891036,10.146099
Artogne,artogne,Lombardia,Brescia,BS,45.848982,10.164556
Azzano Mella,azzano mella,Lombardia,Brescia,BS,45.454722,10.116823
Bagnolo Mella,bagnolo mella,Lombardia,Brescia,BS,45.429079,10.18437
Bagolino,bagolino,Lombardia,Brescia,BS,45.823561,10.462731
Barbariga,barbariga,Lombardia,Brescia,BS,45.405077,10.054367
Barghe,barghe,Lombardia,Brescia,BS,45.681887,10.41217
Bassano Bresciano,bassano bresciano,Lombardia,Brescia,BS,45.327176,10.12837
Bedizzole,bedizzole,Lombardia,Brescia,BS,45.510571,10.423032
Berlingo,berlingo,Lombardia,Brescia,BS,45.50298,10.043665
Berzo Demo,berzo demo,Lombardia,Brescia,BS,46.093418,10.336266
Berzo Inferiore,berzo inferiore,Lombardia,Brescia,BS,45.931693,10.280587
Bienno,bienno,Lombardia,Brescia,BS,45.935562,10.294791
Bione,bione,Lombardia,Brescia,BS,45.672786,10.338869
Borgo San Giacomo,borgo san giacomo,Lombardia,Brescia,BS,45.346975,9.968467
Borgosatollo,borgosatollo,Lombardia,Brescia,BS,45.477262,10.240811
Borno,borno,Lombardia,Brescia,BS,45.94733,10.206404
Botticino,botticino,Lombardia,Brescia,BS,45.543262,10.323184
Bovegno,bovegno,Lombardia,Brescia,BS,45.793307,10.273756
Bovezzo,bovezzo,Lombardia,Brescia,BS,45.593137,10.24348
Brandico,brandico,Lombardia,Brescia,BS,45.454178,10.052666
Braone,braone,Lombardia,Brescia,BS,45.990034,10.34319
Breno,breno,Lombardia,Brescia,BS,45.956324,10.30404
Brescia,brescia,Lombardia,Brescia,BS,45.77958,10.425873
Brione,brione,Lombardia,Brescia,BS,45.642923,10.146156
Caino,caino,Lombardia,Brescia,BS,45.612677,10.315085
Calcinato,calcinato,Lombardia,Brescia,BS,45.457182,10.413574
Calvagese della Riviera,calvagese della riviera,Lombardia,Brescia,BS,45.54004,10.445833
Calvisano,calvisano,Lombardia,Brescia,BS,45.348052,10.345921
Capo di Ponte,capo di ponte,Lombardia,Brescia,BS,46.030996,10.345862
Capovalle,capovalle,Lombardia,Brescia,BS,45.754435,10.54469
Capriano del Colle,capriano del colle,Lombardia,Brescia,BS,45.454869,10.130348
Capriolo,capriolo,Lombardia,Brescia,BS,45.637256,9.933605
Carpenedolo,carpenedolo,Lombardia,Brescia,BS,45.364606,10.429385
Castegnato,castegnato,Lombardia,Brescia,BS,45.560714,10.115309
Castelcovati,castelcovati,Lombardia,Brescia,BS,45.498413,9.943282
Castel Mella,castel mella,Lombardia,Brescia,BS,45.499592,10.145008
Castenedolo,castenedolo,Lombardia,Brescia,BS,45.471576,10.29831
Casto,casto,Lombardia,Brescia,BS,45.69455,10.321243
Castrezzato,castrezzato,Lombardia,Brescia,BS,45.512505,9.977855
Cazzago San Martino,cazzago san martino,Lombardia,Brescia,BS,45.580508,10.026215
Cedegolo,cedegolo,Lombardia,Brescia,BS,46.076646,10.350068
Cellatica,cellatica,Lombardia,Brescia,BS,45.584106,10.180245
Cerveno,cerveno,Lombardia,Brescia,BS,46.002509,10.325791
Ceto,ceto,Lombardia,Brescia,BS,46.002595,10.351963
Cevo,cevo,Lombardia,Brescia,BS,46.081397,10.368562
Chiari,chiari,Lombardia,Brescia,BS,45.536462,9.928846
Cigole,cigole,Lombardia,Brescia,BS,45.308636,10.189375
Cimbergo,cimbergo,Lombardia,Brescia,BS,46.024096,10.365663
Cividate Camuno,cividate camuno,Lombardia,Brescia,BS,45.942493,10.277462
Coccaglio,coccaglio,Lombardia,Brescia,BS,45.563448,9.978272
Collebeato,collebeato,Lombardia,Brescia,BS,45.581315,10.210271
Collio,collio,Lombardia,Brescia,BS,45.809312,10.332872
Cologne,cologne,Lombardia,Brescia,BS,45.58152,9.941172
Comezzano-Cizzago,comezzano-cizzago,Lombardia,Brescia,BS,45.471278,9.950064
Concesio,concesio,Lombardia,Brescia,BS,45.605184,10.216967
Corte Franca,corte franca,Lombardia,Brescia,BS,45.637417,10.006468
Corteno Golgi,corteno golgi,Lombardia,Brescia,BS,46.166198,10.243457
Corzano,corzano,Lombardia,Brescia,BS,45.443778,10.007366
Darfo Boario Terme,darfo boario terme,Lombardia,Brescia,BS,45.883486,10.180707
Dello,dello,Lombardia,Brescia,BS,45.41811,10.075203
Desenzano del Garda,desenzano del garda,Lombardia,Brescia,BS,45.469485,10.538947
Edolo,edolo,Lombardia,Brescia,BS,46.179375,10.330757
Erbusco,erbusco,Lombardia,Brescia,BS,45.5985,9.972216
Esine,esine,Lombardia,Brescia,BS,45.925692,10.250862
Fiesse,fiesse,Lombardia,Brescia,BS,45.231475,10.324177
Flero,flero,Lombardia,Brescia,BS,45.482887,10.175008
Gambara,gambara,Lombardia,Brescia,BS,45.255246,10.293411
Gardone Riviera,gardone riviera,Lombardia,Brescia,BS,45.618785,10.559101
Gardone Val Trompia,gardone val trompia,Lombardia,Brescia,BS,45.687914,10.183724
Gargnano,gargnano,Lombardia,Brescia,BS,45.688138,10.663501
Gavardo,gavardo,Lombardia,Brescia,BS,45.584627,10.438237
Ghedi,ghedi,Lombardia,Brescia,BS,45.401081,10.279276
Gianico,gianico,Lombardia,Brescia,BS,45.86453,10.183653
Gottolengo,gottolengo,Lombardia,Brescia,BS,45.291033,10.269829
Gussago,gussago,Lombardia,Brescia,BS,45.592664,10.15345
Idro,idro,Lombardia,Brescia,BS,45.737745,10.478326
Incudine,incudine,Lombardia,Brescia,BS,46.2203,10.358759
Irma,irma,Lombardia,Brescia,BS,45.771317,10.284168
Iseo,iseo,Lombardia,Brescia,BS,45.659555,10.051049
Isorella,isorella,Lombardia,Brescia,BS,45.309153,10.322164
Lavenone,lavenone,Lombardia,Brescia,BS,45.739689,10.43907
Leno,leno,Lombardia,Brescia,BS,45.367012,10.218452
Limone sul Garda,limone sul garda,Lombardia,Brescia,BS,45.814119,10.791579
Lodrino,lodrino,Lombardia,Brescia,BS,45.719687,10.277667
Lograto,lograto,Lombardia,Brescia,BS,45.484238,10.053276
Lonato del Garda,lonato del garda,Lombardia,Brescia,BS,45.461039,10.484535
Longhena,longhena,Lombardia,Brescia,BS,45.437678,10.059667
Losine,losine,Lombardia,Brescia,BS,45.983494,10.316163
Lozio,lozio,Lombardia,Brescia,BS,45.986103,10.26036
Lumezzane,lumezzane,Lombardia,Brescia,BS,45.648258,10.264546
Maclodio,maclodio,Lombardia,Brescia,BS,45.476998,10.042715
Magasa,magasa,Lombardia,Brescia,BS,45.781392,10.615973
Mairano,mairano,Lombardia,Brescia,BS,45.449179,10.079567
Malegno,malegno,Lombardia,Brescia,BS,45.950602,10.273339
Malonno,malonno,Lombardia,Brescia,BS,46.122581,10.319212
Manerba del Garda,manerba del garda,Lombardia,Brescia,BS,45.556043,10.562593
Manerbio,manerbio,Lombardia,Brescia,BS,45.355777,10.13517
Marcheno,marcheno,Lombardia,Brescia,BS,45.709374,10.215326
Marmentino,marmentino,Lombardia,Brescia,BS,45.75545,10.287315
Marone,marone,Lombardia,Brescia,BS,45.736086,10.093762
Mazzano,mazzano,Lombardia,Brescia,BS,45.518804,10.354162
Milzano,milzano,Lombardia,Brescia,BS,45.273575,10.199273
Moniga del Garda,moniga del garda,Lombardia,Brescia,BS,45.528523,10.537573
Monno,monno,Lombardia,Brescia,BS,46.211571,10.339878
Monte Isola,monte isola,Lombardia,Brescia,BS,45.716536,10.080176
Monticelli Brusati,monticelli brusati,Lombardia,Brescia,BS,45.63219,10.09857
Montichiari,montichiari,Lombardia,Brescia,BS,45.415181,10.390675
Montirone,montirone,Lombardia,Brescia,BS,45.44638,10.228771
Mura,mura,Lombardia,Brescia,BS,45.71398,10.34365
Muscoline,muscoline,Lombardia,Brescia,BS,45.562485,10.461874
Nave,nave,Lombardia,Brescia,BS,45.587727,10.289235
Niardo,niardo,Lombardia,Brescia,BS,45.975994,10.333263
Nuvolento,nuvolento,Lombardia,Brescia,BS,45.545784,10.386772
Nuvolera,nuvolera,Lombardia,Brescia,BS,45.532183,10.369172
Odolo,odolo,Lombardia,Brescia,BS,45.64685,10.388448
Offlaga,offlaga,Lombardia,Brescia,BS,45.386133,10.117457
Ome,ome,Lombardia,Brescia,BS,45.627283,10.121365
Ono San Pietro,ono san pietro,Lombardia,Brescia,BS,46.016895,10.328362
Orzinuovi,orzinuovi,Lombardia,Brescia,BS,45.403976,9.921564
Orzivecchi,orzivecchi,Lombardia,Brescia,BS,45.42066,9.961729
Ospitaletto,ospitaletto,Lombardia,Brescia,BS,45.555222,10.073946
Ossimo,ossimo,Lombardia,Brescia,BS,45.946192,10.230561
Padenghe sul Garda,padenghe sul garda,Lombardia,Brescia,BS,45.509584,10.506376
Paderno Franciacorta,paderno franciacorta,Lombardia,Brescia,BS,45.589187,10.076411
Paisco Loveno,paisco loveno,Lombardia,Brescia,BS,46.078305,10.290733
Paitone,paitone,Lombardia,Brescia,BS,45.553076,10.401255
Palazzolo sull'Oglio,palazzolo sull'oglio,Lombardia,Brescia,BS,45.599069,9.884966
Paratico,paratico,Lombardia,Brescia,BS,45.659876,9.95507
Paspardo,paspardo,Lombardia,Brescia,BS,46.030996,10.370963
Passirano,passirano,Lombardia,Brescia,BS,45.599487,10.064918
Pavone del Mella,pavone del mella,Lombardia,Brescia,BS,45.301256,10.208401
San Paolo,san paolo,Lombardia,Brescia,BS,45.370576,10.026767
Pertica Alta,pertica alta,Lombardia,Brescia,BS,45.744402,10.343936
Pertica Bassa,pertica bassa,Lombardia,Brescia,BS,45.754489,10.37467
Pezzaze,pezzaze,Lombardia,Brescia,BS,45.774127,10.237377
Pian Camuno,pian camuno,Lombardia,Brescia,BS,45.843752,10.157887
Pisogne,pisogne,Lombardia,Brescia,BS,45.805731,10.10819
Polaveno,polaveno,Lombardia,Brescia,BS,45.661484,10.123964
Polpenazze del Garda,polpenazze del garda,Lombardia,Brescia,BS,45.551185,10.504875
Pompiano,pompiano,Lombardia,Brescia,BS,45.431977,9.989265
Poncarale,poncarale,Lombardia,Brescia,BS,45.460663,10.173909
Ponte di Legno,ponte di legno,Lombardia,Brescia,BS,46.258603,10.508662
Pontevico,pontevico,Lombardia,Brescia,BS,45.274374,10.092471
Pontoglio,pontoglio,Lombardia,Brescia,BS,45.56938,9.85346
Pozzolengo,pozzolengo,Lombardia,Brescia,BS,45.40597,10.631373
Pralboino,pralboino,Lombardia,Brescia,BS,45.267999,10.217413
Preseglie,preseglie,Lombardia,Brescia,BS,45.668287,10.39677
Prevalle,prevalle,Lombardia,Brescia,BS,45.551482,10.421857
Provaglio d'Iseo,provaglio d'iseo,Lombardia,Brescia,BS,45.635971,10.044167
Provaglio Val Sabbia,provaglio val sabbia,Lombardia,Brescia,BS,45.684864,10.436601
Puegnago del Garda,puegnago del garda,Lombardia,Brescia,BS,45.565692,10.51147
Quinzano d'Oglio,quinzano d'oglio,Lombardia,Brescia,BS,45.310875,10.008568
Remedello,remedello,Lombardia,Brescia,BS,45.279498,10.371743
Rezzato,rezzato,Lombardia,Brescia,BS,45.514182,10.316671
Roccafranca,roccafranca,Lombardia,Brescia,BS,45.4643,9.914056
Rodengo Saiano,rodengo saiano,Lombardia,Brescia,BS,45.597646,10.109468
Roè Volciano,roe volciano,Lombardia,Brescia,BS,45.616764,10.49587
Roncadelle,roncadelle,Lombardia,Brescia,BS,45.527608,10.149701
Rovato,rovato,Lombardia,Brescia,BS,45.567038,9.998601
Rudiano,rudiano,Lombardia,Brescia,BS,45.488578,9.887062
Sabbio Chiese,sabbio chiese,Lombardia,Brescia,BS,45.658587,10.420571
Sale Marasino,sale marasino,Lombardia,Brescia,BS,45.715453,10.111139
Salò,salo,Lombardia,Brescia,BS,45.605678,10.520069
San Felice del Benaco,san felice del benaco,Lombardia,Brescia,BS,45.589546,10.551733
San Gervasio Bresciano,san gervasio bresciano,Lombardia,Brescia,BS,45.307376,10.148671
San Zeno Naviglio,san zeno naviglio,Lombardia,Brescia,BS,45.491572,10.217058
Sarezzo,sarezzo,Lombardia,Brescia,BS,45.66187,10.195876
Saviore dell'Adamello,saviore dell'adamello,Lombardia,Brescia,BS,46.080497,10.399663
Sellero,sellero,Lombardia,Brescia,BS,46.055989,10.34399
Seniga,seniga,Lombardia,Brescia,BS,45.242674,10.177973
Serle,serle,Lombardia,Brescia,BS,45.570284,10.366071
Sirmione,sirmione,Lombardia,Brescia,BS,45.468849,10.607824
Soiano del Lago,soiano del lago,Lombardia,Brescia,BS,45.527784,10.512675
Sonico,sonico,Lombardia,Brescia,BS,46.165499,10.35286
Sulzano,sulzano,Lombardia,Brescia,BS,45.690385,10.100963
Tavernole sul Mella,tavernole sul mella,Lombardia,Brescia,BS,45.746987,10.240565
Temù,temu,Lombardia,Brescia,BS,46.249214,10.46805
Tignale,tignale,Lombardia,Brescia,BS,45.739781,10.721765
Torbole Casaglia,torbole casaglia,Lombardia,Brescia,BS,45.50531,10.102464
Toscolano-Maderno,toscolano-maderno,Lombardia,Brescia,BS,45.63453,10.609521
Travagliato,travagliato,Lombardia,Brescia,BS,45.523906,10.079783
Tremosine sul Garda,tremosine sul garda,Lombardia,Brescia,BS,45.771079,10.760773
Trenzano,trenzano,Lombardia,Brescia,BS,45.477279,10.010665
Treviso Bresciano,treviso bresciano,Lombardia,Brescia,BS,45.713126,10.463664
Urago d'Oglio,urago d'oglio,Lombardia,Brescia,BS,45.515978,9.869661
Vallio Terme,vallio terme,Lombardia,Brescia,BS,45.610193,10.390175
Valvestino,valvestino,Lombardia,Brescia,BS,45.762092,10.594646
Verolanuova,verolanuova,Lombardia,Brescia,BS,45.328581,10.076086
Verolavecchia,verolavecchia,Lombardia,Brescia,BS,45.327012,10.057256
Vestone,vestone,Lombardia,Brescia,BS,45.710641,10.403471
Vezza d'Oglio,vezza d'oglio,Lombardia,Brescia,BS,46.240213,10.399732
Villa Carcina,villa carcina,Lombardia,Brescia,BS,45.632214,10.194442
Villachiara,villachiara,Lombardia,Brescia,BS,45.355375,9.930966
Villanuova sul Clisi,villanuova sul clisi,Lombardia,Brescia,BS,45.60168,10.453872
Vione,vione,Lombardia,Brescia,BS,46.248402,10.447161
Visano,visano,Lombardia,Brescia,BS,45.318378,10.372376
Vobarno,vobarno,Lombardia,Brescia,BS,45.643643,10.499454
Zone,zone,Lombardia,Brescia,BS,45.763445,10.115882
Piancogno,piancogno,Lombardia,Brescia,BS,45.919692,10.225262
Alagna,alagna,Lombardia,Pavia,PV,45.169861,8.889846
Albaredo Arnaboldi,albaredo arnaboldi,Lombardia,Pavia,PV,45.115325,9.247959
Albonese,albonese,Lombardia,Pavia,PV,45.294438,8.706322
Albuzzano,albuzzano,Lombardia,Pavia,PV,45.186626,9.27504
Arena Po,arena po,Lombardia,Pavia,PV,45.096606,9.362846
Badia Pavese,badia pavese,Lombardia,Pavia,PV,45.120328,9.468797
Bagnaria,bagnaria,Lombardia,Pavia,PV,44.827262,9.122605
Barbianello,barbianello,Lombardia,Pavia,PV,45.076662,9.205155
Bascapè,bascape,Lombardia,Pavia,PV,45.308268,9.313453
Bastida Pancarana,bastida pancarana,Lombardia,Pavia,PV,45.086061,9.085152
Battuda,battuda,Lombardia,Pavia,PV,45.274665,9.078048
Belgioioso,belgioioso,Lombardia,Pavia,PV,45.158565,9.313756
Bereguardo,bereguardo,Lombardia,Pavia,PV,45.257378,9.027957
Borgarello,borgarello,Lombardia,Pavia,PV,45.240665,9.14055
Borgo Priolo,borgo priolo,Lombardia,Pavia,PV,44.966449,9.148504
Borgoratto Mormorolo,borgoratto mormorolo,Lombardia,Pavia,PV,44.930658,9.193257
Borgo San Siro,borgo san siro,Lombardia,Pavia,PV,45.234969,8.913361
Bornasco,bornasco,Lombardia,Pavia,PV,45.266566,9.217951
Bosnasco,bosnasco,Lombardia,Pavia,PV,45.064363,9.358477
Brallo di Pregola,brallo di pregola,Lombardia,Pavia,PV,44.738186,9.28137
Breme,breme,Lombardia,Pavia,PV,45.126922,8.623567
Bressana Bottarone,bressana bottarone,Lombardia,Pavia,PV,45.083601,9.122253
Broni,broni,Lombardia,Pavia,PV,45.062162,9.261191
Calvignano,calvignano,Lombardia,Pavia,PV,44.982744,9.168163
Campospinoso,campospinoso,Lombardia,Pavia,PV,45.094424,9.244955
Candia Lomellina,candia lomellina,Lombardia,Pavia,PV,45.178758,8.59484
Canneto Pavese,canneto pavese,Lombardia,Pavia,PV,45.050462,9.278757
Carbonara al Ticino,carbonara al ticino,Lombardia,Pavia,PV,45.165422,9.061957
Casanova Lonati,casanova lonati,Lombardia,Pavia,PV,45.094464,9.213452
Casatisma,casatisma,Lombardia,Pavia,PV,45.04906,9.131954
Casei Gerola,casei gerola,Lombardia,Pavia,PV,45.006146,8.926989
Casorate Primo,casorate primo,Lombardia,Pavia,PV,45.312366,9.016846
Cassolnovo,cassolnovo,Lombardia,Pavia,PV,45.36556,8.810088
Castana,castana,Lombardia,Pavia,PV,45.026761,9.272457
Casteggio,casteggio,Lombardia,Pavia,PV,45.014114,9.123578
Castelletto di Branduzzo,castelletto di branduzzo,Lombardia,Pavia,PV,45.071839,9.090044
Castello d'Agogna,castello d'agogna,Lombardia,Pavia,PV,45.234561,8.68714
Castelnovetto,castelnovetto,Lombardia,Pavia,PV,45.25476,8.611838
Cava Manara,cava manara,Lombardia,Pavia,PV,45.140173,9.10686
Cecima,cecima,Lombardia,Pavia,PV,44.850969,9.080238
Ceranova,ceranova,Lombardia,Pavia,PV,45.260266,9.243152
Ceretto Lomellina,ceretto lomellina,Lombardia,Pavia,PV,45.244961,8.67244
Cergnago,cergnago,Lombardia,Pavia,PV,45.198201,8.772843
Certosa di Pavia,certosa di pavia,Lombardia,Pavia,PV,45.257015,9.148114
Cervesina,cervesina,Lombardia,Pavia,PV,45.061259,9.016151
Chignolo Po,chignolo po,Lombardia,Pavia,PV,45.148166,9.481559
Cigognola,cigognola,Lombardia,Pavia,PV,45.032761,9.244856
Cilavegna,cilavegna,Lombardia,Pavia,PV,45.309752,8.743348
Codevilla,codevilla,Lombardia,Pavia,PV,44.963288,9.057385
Confienza,confienza,Lombardia,Pavia,PV,45.332162,8.556336
Copiano,copiano,Lombardia,Pavia,PV,45.196266,9.322455
Corana,corana,Lombardia,Pavia,PV,45.061659,8.96835
Corvino San Quirico,corvino san quirico,Lombardia,Pavia,PV,45.010186,9.162397
Costa de' Nobili,costa de' nobili,Lombardia,Pavia,PV,45.132054,9.378904
Cozzo,cozzo,Lombardia,Pavia,PV,45.192659,8.61104
Cura Carpignano,cura carpignano,Lombardia,Pavia,PV,45.212072,9.255463
Dorno,dorno,Lombardia,Pavia,PV,45.155085,8.951882
Ferrera Erbognone,ferrera erbognone,Lombardia,Pavia,PV,45.115059,8.864347
Filighera,filighera,Lombardia,Pavia,PV,45.177065,9.315955
Fortunago,fortunago,Lombardia,Pavia,PV,44.921176,9.183875
Frascarolo,frascarolo,Lombardia,Pavia,PV,45.046656,8.682044
Galliavola,galliavola,Lombardia,Pavia,PV,45.097559,8.818846
Gambarana,gambarana,Lombardia,Pavia,PV,45.028959,8.762538
Gambolò,gambolo,Lombardia,Pavia,PV,45.25903,8.85906
Garlasco,garlasco,Lombardia,Pavia,PV,45.197362,8.923746
Gerenzago,gerenzago,Lombardia,Pavia,PV,45.206566,9.359656
Giussago,giussago,Lombardia,Pavia,PV,45.284766,9.140749
Godiasco Salice Terme,godiasco salice terme,Lombardia,Pavia,PV,44.890183,9.065673
Golferenzo,golferenzo,Lombardia,Pavia,PV,44.962021,9.306952
Gravellona Lomellina,gravellona lomellina,Lombardia,Pavia,PV,45.327664,8.76414
Gropello Cairoli,gropello cairoli,Lombardia,Pavia,PV,45.178609,8.994031
Inverno e Monteleone,inverno e monteleone,Lombardia,Pavia,PV,45.197866,9.385256
Landriano,landriano,Lombardia,Pavia,PV,45.311968,9.260052
Langosco,langosco,Lombardia,Pavia,PV,45.214367,8.56373
Lardirago,lardirago,Lombardia,Pavia,PV,45.235341,9.233213
Linarolo,linarolo,Lombardia,Pavia,PV,45.160981,9.27091
Lirio,lirio,Lombardia,Pavia,PV,44.993982,9.255568
Lomello,lomello,Lombardia,Pavia,PV,45.121059,8.796245
Lungavilla,lungavilla,Lombardia,Pavia,PV,45.04066,9.081353
Magherno,magherno,Lombardia,Pavia,PV,45.223566,9.329355
Marcignago,marcignago,Lombardia,Pavia,PV,45.253065,9.079349
Marzano,marzano,Lombardia,Pavia,PV,45.247967,9.295054
Mede,mede,Lombardia,Pavia,PV,45.097858,8.735944
Menconico,menconico,Lombardia,Pavia,PV,44.796364,9.27928
Mezzana Bigli,mezzana bigli,Lombardia,Pavia,PV,45.059858,8.848447
Mezzana Rabattone,mezzana rabattone,Lombardia,Pavia,PV,45.094863,9.031254
Mezzanino,mezzanino,Lombardia,Pavia,PV,45.124654,9.205338
Miradolo Terme,miradolo terme,Lombardia,Pavia,PV,45.171966,9.445558
Montalto Pavese,montalto pavese,Lombardia,Pavia,PV,44.979273,9.209761
Montebello della Battaglia,montebello della battaglia,Lombardia,Pavia,PV,45.000959,9.103454
Montecalvo Versiggia,montecalvo versiggia,Lombardia,Pavia,PV,44.971268,9.285541
Montescano,montescano,Lombardia,Pavia,PV,45.032644,9.296167
Montesegale,montesegale,Lombardia,Pavia,PV,44.906251,9.127073
Monticelli Pavese,monticelli pavese,Lombardia,Pavia,PV,45.110731,9.515049
Montù Beccaria,montu beccaria,Lombardia,Pavia,PV,45.036946,9.315538
Mornico Losana,mornico losana,Lombardia,Pavia,PV,45.010331,9.205113
Mortara,mortara,Lombardia,Pavia,PV,45.247922,8.736385
Nicorvo,nicorvo,Lombardia,Pavia,PV,45.285662,8.667939
Olevano di Lomellina,olevano di lomellina,Lombardia,Pavia,PV,45.21296,8.717269
Oliva Gessi,oliva gessi,Lombardia,Pavia,PV,45.00356,9.179355
Ottobiano,ottobiano,Lombardia,Pavia,PV,45.152816,8.829209
Palestro,palestro,Lombardia,Pavia,PV,45.301761,8.533436
Pancarana,pancarana,Lombardia,Pavia,PV,45.074928,9.05079
Parona,parona,Lombardia,Pavia,PV,45.282602,8.750845
Pavia,pavia,Lombardia,Pavia,PV,45.036855,9.137825
Pietra de' Giorgi,pietra de' giorgi,Lombardia,Pavia,PV,45.020704,9.230576
Pieve Albignola,pieve albignola,Lombardia,Pavia,PV,45.113111,8.9588
Pieve del Cairo,pieve del cairo,Lombardia,Pavia,PV,45.049957,8.804146
Pieve Porto Morone,pieve porto morone,Lombardia,Pavia,PV,45.109364,9.435759
Pinarolo Po,pinarolo po,Lombardia,Pavia,PV,45.069861,9.167254
Pizzale,pizzale,Lombardia,Pavia,PV,45.036505,9.048212
Ponte Nizza,ponte nizza,Lombardia,Pavia,PV,44.851548,9.097243
Portalbera,portalbera,Lombardia,Pavia,PV,45.097563,9.318857
Rea,rea,Lombardia,Pavia,PV,45.113365,9.154658
Redavalle,redavalle,Lombardia,Pavia,PV,45.037446,9.203918
Retorbido,retorbido,Lombardia,Pavia,PV,44.9493,9.036174
Rivanazzano Terme,rivanazzano terme,Lombardia,Pavia,PV,44.930767,9.014159
Robbio,robbio,Lombardia,Pavia,PV,45.289971,8.593278
Robecco Pavese,robecco pavese,Lombardia,Pavia,PV,45.048364,9.15016
Rocca de' Giorgi,rocca de' giorgi,Lombardia,Pavia,PV,44.951562,9.253644
Rocca Susella,rocca susella,Lombardia,Pavia,PV,44.919153,9.094131
Rognano,rognano,Lombardia,Pavia,PV,45.288466,9.090248
Romagnese,romagnese,Lombardia,Pavia,PV,44.83948,9.330068
Roncaro,roncaro,Lombardia,Pavia,PV,45.228166,9.275453
Rosasco,rosasco,Lombardia,Pavia,PV,45.25106,8.578938
Rovescala,rovescala,Lombardia,Pavia,PV,45.011421,9.348753
San Cipriano Po,san cipriano po,Lombardia,Pavia,PV,45.108679,9.282905
San Damiano al Colle,san damiano al colle,Lombardia,Pavia,PV,45.024862,9.346559
San Genesio ed Uniti,san genesio ed uniti,Lombardia,Pavia,PV,45.234765,9.178551
San Giorgio di Lomellina,san giorgio di lomellina,Lombardia,Pavia,PV,45.174413,8.790098
San Martino Siccomario,san martino siccomario,Lombardia,Pavia,PV,45.160963,9.135952
Sannazzaro de' Burgondi,sannazzaro de' burgondi,Lombardia,Pavia,PV,45.102259,8.906348
Santa Cristina e Bissone,santa cristina e bissone,Lombardia,Pavia,PV,45.154392,9.418996
Santa Giuletta,santa giuletta,Lombardia,Pavia,PV,45.033836,9.181503
Sant'Alessio con Vialone,sant'alessio con vialone,Lombardia,Pavia,PV,45.224687,9.229855
Santa Margherita di Staffora,santa margherita di staffora,Lombardia,Pavia,PV,44.76484,9.254617
Santa Maria della Versa,santa maria della versa,Lombardia,Pavia,PV,44.986177,9.300198
Sant'Angelo Lomellina,sant'angelo lomellina,Lombardia,Pavia,PV,45.247061,8.644439
San Zenone al Po,san zenone al po,Lombardia,Pavia,PV,45.108564,9.361758
Sartirana Lomellina,sartirana lomellina,Lombardia,Pavia,PV,45.113845,8.664244
Scaldasole,scaldasole,Lombardia,Pavia,PV,45.124984,8.909653
Semiana,semiana,Lombardia,Pavia,PV,45.137475,8.729267
Silvano Pietra,silvano pietra,Lombardia,Pavia,PV,45.04037,8.947606
Siziano,siziano,Lombardia,Pavia,PV,45.314367,9.20315
Sommo,sommo,Lombardia,Pavia,PV,45.13065,9.083384
Spessa,spessa,Lombardia,Pavia,PV,45.112728,9.34943
Stradella,stradella,Lombardia,Pavia,PV,45.077356,9.295017
Suardi,suardi,Lombardia,Pavia,PV,45.034656,8.742945
Torrazza Coste,torrazza coste,Lombardia,Pavia,PV,44.975948,9.087823
Torre Beretti e Castellaro,torre beretti e castellaro,Lombardia,Pavia,PV,45.075614,8.690528
Torre d'Arese,torre d'arese,Lombardia,Pavia,PV,45.242767,9.317354
Torre de' Negri,torre de' negri,Lombardia,Pavia,PV,45.149665,9.334556
Torre d'Isola,torre d'isola,Lombardia,Pavia,PV,45.217464,9.076149
Torrevecchia Pia,torrevecchia pia,Lombardia,Pavia,PV,45.283242,9.29665
Torricella Verzate,torricella verzate,Lombardia,Pavia,PV,45.017926,9.175582
Travacò Siccomario,travaco siccomario,Lombardia,Pavia,PV,45.149067,9.159647
Trivolzio,trivolzio,Lombardia,Pavia,PV,45.258464,9.042748
Tromello,tromello,Lombardia,Pavia,PV,45.20913,8.871731
Trovo,trovo,Lombardia,Pavia,PV,45.282965,9.035447
Val di Nizza,val di nizza,Lombardia,Pavia,PV,44.870977,9.175823
Valeggio,valeggio,Lombardia,Pavia,PV,45.15066,8.859946
Valle Lomellina,valle lomellina,Lombardia,Pavia,PV,45.153058,8.668542
Valle Salimbene,valle salimbene,Lombardia,Pavia,PV,45.171612,9.234493
Varzi,varzi,Lombardia,Pavia,PV,44.82354,9.196904
Velezzo Lomellina,velezzo lomellina,Lombardia,Pavia,PV,45.163359,8.737243
Vellezzo Bellini,vellezzo bellini,Lombardia,Pavia,PV,45.270665,9.099249
Verretto,verretto,Lombardia,Pavia,PV,45.039234,9.108476
Verrua Po,verrua po,Lombardia,Pavia,PV,45.109649,9.17556
Vidigulfo,vidigulfo,Lombardia,Pavia,PV,45.292267,9.236651
Vigevano,vigevano,Lombardia,Pavia,PV,45.317094,8.858603
Villa Biscossi,villa biscossi,Lombardia,Pavia,PV,45.090658,8.787145
Villanova d'Ardenghi,villanova d'ardenghi,Lombardia,Pavia,PV,45.171662,9.042349
Villanterio,villanterio,Lombardia,Pavia,PV,45.219467,9.364356
Vistarino,vistarino,Lombardia,Pavia,PV,45.210766,9.308254
Voghera,voghera,Lombardia,Pavia,PV,44.99284,9.008593
Volpara,volpara,Lombardia,Pavia,PV,44.953036,9.297097
Zavattarello,zavattarello,Lombardia,Pavia,PV,44.868476,9.26523
Zeccone,zeccone,Lombardia,Pavia,PV,45.257869,9.201144
Zeme,zeme,Lombardia,Pavia,PV,45.197302,8.66592
Zenevredo,zenevredo,Lombardia,Pavia,PV,45.054262,9.325658
Zerbo,zerbo,Lombardia,Pavia,PV,45.110464,9.396058
Zerbolò,zerbolo,Lombardia,Pavia,PV,45.207166,9.012955
Zinasco,zinasco,Lombardia,Pavia,PV,45.112799,9.003176
Cornale e Bastida,cornale e bastida,Lombardia,Pavia,PV,45.045405,8.912614
Corteolona e Genzone,corteolona e genzone,Lombardia,Pavia,PV,45.166777,9.364813
Colli Verdi,colli verdi,Lombardia,Pavia,PV,44.916917,9.24869
Acquanegra Cremonese,acquanegra cremonese,Lombardia,Cremona,CR,45.168436,9.890147
Agnadello,agnadello,Lombardia,Cremona,CR,45.444374,9.557056
Annicco,annicco,Lombardia,Cremona,CR,45.244572,9.879466
Azzanello,azzanello,Lombardia,Cremona,CR,45.312869,9.921597
Bagnolo Cremasco,bagnolo cremasco,Lombardia,Cremona,CR,45.361172,9.612958
Bonemerse,bonemerse,Lombardia,Cremona,CR,45.11367,10.077473
Bordolano,bordolano,Lombardia,Cremona,CR,45.293985,9.98671
Calvatone,calvatone,Lombardia,Cremona,CR,45.128574,10.441281
Camisano,camisano,Lombardia,Cremona,CR,45.443275,9.74576
Campagnola Cremasca,campagnola cremasca,Lombardia,Cremona,CR,45.398474,9.669459
Capergnanica,capergnanica,Lombardia,Cremona,CR,45.337572,9.64336
Cappella Cantone,cappella cantone,Lombardia,Cremona,CR,45.246858,9.838366
Cappella de' Picenardi,cappella de' picenardi,Lombardia,Cremona,CR,45.158573,10.229976
Capralba,capralba,Lombardia,Cremona,CR,45.444075,9.643258
Casalbuttano ed Uniti,casalbuttano ed uniti,Lombardia,Cremona,CR,45.245645,9.973919
Casale Cremasco-Vidolasco,casale cremasco-vidolasco,Lombardia,Cremona,CR,45.436968,9.720895
Casaletto Ceredano,casaletto ceredano,Lombardia,Cremona,CR,45.318071,9.617559
Casaletto di Sopra,casaletto di sopra,Lombardia,Cremona,CR,45.419175,9.782561
Casaletto Vaprio,casaletto vaprio,Lombardia,Cremona,CR,45.408174,9.628758
Casalmaggiore,casalmaggiore,Lombardia,Cremona,CR,44.986386,10.41535
Casalmorano,casalmorano,Lombardia,Cremona,CR,45.286373,9.899666
Casteldidone,casteldidone,Lombardia,Cremona,CR,45.069472,10.406281
Castel Gabbiano,castel gabbiano,Lombardia,Cremona,CR,45.468276,9.716459
Castelleone,castelleone,Lombardia,Cremona,CR,45.293813,9.764302
Castelverde,castelverde,Lombardia,Cremona,CR,45.188771,9.99557
Castelvisconti,castelvisconti,Lombardia,Cremona,CR,45.305374,9.941067
Cella Dati,cella dati,Lombardia,Cremona,CR,45.095271,10.221477
Chieve,chieve,Lombardia,Cremona,CR,45.340472,9.616459
Cicognolo,cicognolo,Lombardia,Cremona,CR,45.164573,10.194575
Cingia de' Botti,cingia de' botti,Lombardia,Cremona,CR,45.085071,10.275478
Corte de' Cortesi con Cignone,corte de' cortesi con cignone,Lombardia,Cremona,CR,45.267444,10.003095
Corte de' Frati,corte de' frati,Lombardia,Cremona,CR,45.220029,10.096684
Credera Rubbiano,credera rubbiano,Lombardia,Cremona,CR,45.296063,9.650529
Crema,crema,Lombardia,Cremona,CR,45.362828,9.687457
Cremona,cremona,Lombardia,Cremona,CR,45.220864,10.037038
Cremosano,cremosano,Lombardia,Cremona,CR,45.394917,9.639553
Crotta d'Adda,crotta d'adda,Lombardia,Cremona,CR,45.158491,9.854158
Cumignano sul Naviglio,cumignano sul naviglio,Lombardia,Cremona,CR,45.355503,9.835562
Derovere,derovere,Lombardia,Cremona,CR,45.109972,10.247977
Dovera,dovera,Lombardia,Cremona,CR,45.365153,9.541688
Fiesco,fiesco,Lombardia,Cremona,CR,45.336361,9.77761
Formigara,formigara,Lombardia,Cremona,CR,45.223221,9.771767
Gabbioneta-Binanuova,gabbioneta-binanuova,Lombardia,Cremona,CR,45.218437,10.207747
Gadesco-Pieve Delmona,gadesco-pieve delmona,Lombardia,Cremona,CR,45.167703,10.114948
Genivolta,genivolta,Lombardia,Cremona,CR,45.332574,9.877265
Gerre de' Caprioli,gerre de' caprioli,Lombardia,Cremona,CR,45.090209,10.051407
Gombito,gombito,Lombardia,Cremona,CR,45.261556,9728.0
Grontardo,grontardo,Lombardia,Cremona,CR,45.201873,10.150773
Grumello Cremonese ed Uniti,grumello cremonese ed uniti,Lombardia,Cremona,CR,45.20073,9.866095
Gussola,gussola,Lombardia,Cremona,CR,45.011263,10.350137
Isola Dovarese,isola dovarese,Lombardia,Cremona,CR,45.176269,10.312957
Izano,izano,Lombardia,Cremona,CR,45.355385,9.750043
Madignano,madignano,Lombardia,Cremona,CR,45.3443,9.726703
Malagnino,malagnino,Lombardia,Cremona,CR,45.134771,10.114774
Martignana di Po,martignana di po,Lombardia,Cremona,CR,45.011112,10.379751
Monte Cremasco,monte cremasco,Lombardia,Cremona,CR,45.373482,9.572766
Montodine,montodine,Lombardia,Cremona,CR,45.285171,9.707262
Moscazzano,moscazzano,Lombardia,Cremona,CR,45.292271,9.683461
Motta Baluffi,motta baluffi,Lombardia,Cremona,CR,45.055097,10.259247
Offanengo,offanengo,Lombardia,Cremona,CR,45.378874,9.742361
Olmeneta,olmeneta,Lombardia,Cremona,CR,45.235873,10.02227
Ostiano,ostiano,Lombardia,Cremona,CR,45.220775,10.252075
Paderno Ponchielli,paderno ponchielli,Lombardia,Cremona,CR,45.238872,9.930268
Palazzo Pignano,palazzo pignano,Lombardia,Cremona,CR,45.390073,9.569557
Pandino,pandino,Lombardia,Cremona,CR,45.407073,9.553456
Persico Dosimo,persico dosimo,Lombardia,Cremona,CR,45.181365,10.076639
Pescarolo ed Uniti,pescarolo ed uniti,Lombardia,Cremona,CR,45.195148,10.187717
Pessina Cremonese,pessina cremonese,Lombardia,Cremona,CR,45.185474,10.248676
Pianengo,pianengo,Lombardia,Cremona,CR,45.402174,9.694759
Pieranica,pieranica,Lombardia,Cremona,CR,45.425794,9.610376
Pieve d'Olmi,pieve d'olmi,Lombardia,Cremona,CR,45.08957,10.123675
Pieve San Giacomo,pieve san giacomo,Lombardia,Cremona,CR,45.130272,10.186275
Pizzighettone,pizzighettone,Lombardia,Cremona,CR,45.18907,9.789865
Pozzaglio ed Uniti,pozzaglio ed uniti,Lombardia,Cremona,CR,45.211016,10.0462
Quintano,quintano,Lombardia,Cremona,CR,45.420474,9.618557
Ricengo,ricengo,Lombardia,Cremona,CR,45.405674,9.72396
Ripalta Arpina,ripalta arpina,Lombardia,Cremona,CR,45.301872,9.728962
Ripalta Cremasca,ripalta cremasca,Lombardia,Cremona,CR,45.32856,9.679244
Ripalta Guerina,ripalta guerina,Lombardia,Cremona,CR,45.306008,9.70514
Rivarolo del Re ed Uniti,rivarolo del re ed uniti,Lombardia,Cremona,CR,45.027972,10.469783
Rivolta d'Adda,rivolta d'adda,Lombardia,Cremona,CR,45.470659,9.512551
Robecco d'Oglio,robecco d'oglio,Lombardia,Cremona,CR,45.259374,10.076571
Romanengo,romanengo,Lombardia,Cremona,CR,45.377177,9.784985
Salvirola,salvirola,Lombardia,Cremona,CR,45.355543,9.780243
San Bassano,san bassano,Lombardia,Cremona,CR,45.243546,9.807876
San Daniele Po,san daniele po,Lombardia,Cremona,CR,45.06377,10.182276
San Giovanni in Croce,san giovanni in croce,Lombardia,Cremona,CR,45.078872,10.37518
San Martino del Lago,san martino del lago,Lombardia,Cremona,CR,45.073248,10.31686
Scandolara Ravara,scandolara ravara,Lombardia,Cremona,CR,45.05312,10.3017
Scandolara Ripa d'Oglio,scandolara ripa d'oglio,Lombardia,Cremona,CR,45.221074,10.159773
Sergnano,sergnano,Lombardia,Cremona,CR,45.428875,9.701659
Sesto ed Uniti,sesto ed uniti,Lombardia,Cremona,CR,45.186436,9.935128
Solarolo Rainerio,solarolo rainerio,Lombardia,Cremona,CR,45.081572,10.35628
Soncino,soncino,Lombardia,Cremona,CR,45.398975,9.874424
Soresina,soresina,Lombardia,Cremona,CR,45.286473,9.856965
Sospiro,sospiro,Lombardia,Cremona,CR,45.108571,10.157675
Spinadesco,spinadesco,Lombardia,Cremona,CR,45.148751,9.929672
Spineda,spineda,Lombardia,Cremona,CR,45.060301,10.513381
Spino d'Adda,spino d'adda,Lombardia,Cremona,CR,45.398872,9.492255
Stagno Lombardo,stagno lombardo,Lombardia,Cremona,CR,45.073157,10.089205
Ticengo,ticengo,Lombardia,Cremona,CR,45.369274,9.827663
Torlino Vimercati,torlino vimercati,Lombardia,Cremona,CR,45.417962,9.594702
Tornata,tornata,Lombardia,Cremona,CR,45.104373,10.430781
Torre de' Picenardi,torre de' picenardi,Lombardia,Cremona,CR,45.143573,10.286877
Torricella del Pizzo,torricella del pizzo,Lombardia,Cremona,CR,45.019602,10.292653
Trescore Cremasco,trescore cremasco,Lombardia,Cremona,CR,45.401573,9.624958
Trigolo,trigolo,Lombardia,Cremona,CR,45.329394,9.816401
Vaiano Cremasco,vaiano cremasco,Lombardia,Cremona,CR,45.371972,9.587158
Vailate,vailate,Lombardia,Cremona,CR,45.46331,9.602816
Vescovato,vescovato,Lombardia,Cremona,CR,45.175073,10.164574
Volongo,volongo,Lombardia,Cremona,CR,45.212247,10.301874
Voltido,voltido,Lombardia,Cremona,CR,45.111973,10.332979
Piadena Drizzona,piadena drizzona,Lombardia,Cremona,CR,45.135779,10.358068
Acquanegra sul Chiese,acquanegra sul chiese,Lombardia,Mantova,MN,45.162475,10.43468
Asola,asola,Lombardia,Mantova,MN,45.22112,10.413065
Bagnolo San Vito,bagnolo san vito,Lombardia,Mantova,MN,45.092253,10.880429
Bozzolo,bozzolo,Lombardia,Mantova,MN,45.102474,10.483982
Canneto sull'Oglio,canneto sull'oglio,Lombardia,Mantova,MN,45.149405,10.379736
Casalmoro,casalmoro,Lombardia,Mantova,MN,45.259577,10.404478
Casaloldo,casaloldo,Lombardia,Mantova,MN,45.254777,10.474379
Casalromano,casalromano,Lombardia,Mantova,MN,45.200675,10.369378
Castelbelforte,castelbelforte,Lombardia,Mantova,MN,45.214712,10.892761
Castel d'Ario,castel d'ario,Lombardia,Mantova,MN,45.189008,10.97513
Castel Goffredo,castel goffredo,Lombardia,Mantova,MN,45.295278,10.472982
Castellucchio,castellucchio,Lombardia,Mantova,MN,45.147276,10.648485
Castiglione delle Stiviere,castiglione delle stiviere,Lombardia,Mantova,MN,45.389677,10.488874
Cavriana,cavriana,Lombardia,Mantova,MN,45.347559,10.598522
Ceresara,ceresara,Lombardia,Mantova,MN,45.26513,10.567035
Commessaggio,commessaggio,Lombardia,Mantova,MN,45.034443,10.545345
Curtatone,curtatone,Lombardia,Mantova,MN,45.109553,10.715842
Dosolo,dosolo,Lombardia,Mantova,MN,44.953372,10.637588
Gazoldo degli Ippoliti,gazoldo degli ippoliti,Lombardia,Mantova,MN,45.200277,10.579383
Gazzuolo,gazzuolo,Lombardia,Mantova,MN,45.069175,10.583113
Goito,goito,Lombardia,Mantova,MN,45.254507,10.672941
Gonzaga,gonzaga,Lombardia,Mantova,MN,44.952488,10.822623
Guidizzolo,guidizzolo,Lombardia,Mantova,MN,45.32068,10.580481
Magnacavallo,magnacavallo,Lombardia,Mantova,MN,45.005578,11.1811
Mantova,mantova,Lombardia,Mantova,MN,45.169362,10.670616
Marcaria,marcaria,Lombardia,Mantova,MN,45.120575,10.532783
Mariana Mantovana,mariana mantovana,Lombardia,Mantova,MN,45.192876,10.486881
Marmirolo,marmirolo,Lombardia,Mantova,MN,45.220563,10.756393
Medole,medole,Lombardia,Mantova,MN,45.324254,10.514405
Moglia,moglia,Lombardia,Mantova,MN,44.937174,10.913395
Monzambano,monzambano,Lombardia,Mantova,MN,45.386139,10.692404
Motteggiana,motteggiana,Lombardia,Mantova,MN,45.03494,10.764023
Ostiglia,ostiglia,Lombardia,Mantova,MN,45.07039,11.13641
Pegognaga,pegognaga,Lombardia,Mantova,MN,44.995988,10.858772
Piubega,piubega,Lombardia,Mantova,MN,45.227309,10.534508
Poggio Rusco,poggio rusco,Lombardia,Mantova,MN,44.975558,11.114649
Pomponesco,pomponesco,Lombardia,Mantova,MN,44.928756,10.591879
Ponti sul Mincio,ponti sul mincio,Lombardia,Mantova,MN,45.412515,10.687221
Porto Mantovano,porto mantovano,Lombardia,Mantova,MN,45.192526,10.755221
Quingentole,quingentole,Lombardia,Mantova,MN,45.039077,11.045796
Quistello,quistello,Lombardia,Mantova,MN,45.006579,10.98046
Redondesco,redondesco,Lombardia,Mantova,MN,45.166376,10.512282
Rivarolo Mantovano,rivarolo mantovano,Lombardia,Mantova,MN,45.070309,10.432104
Rodigo,rodigo,Lombardia,Mantova,MN,45.199577,10.624984
Roncoferraro,roncoferraro,Lombardia,Mantova,MN,45.135929,10.951354
Roverbella,roverbella,Lombardia,Mantova,MN,45.26578,10.767527
Sabbioneta,sabbioneta,Lombardia,Mantova,MN,44.998436,10.488587
San Benedetto Po,san benedetto po,Lombardia,Mantova,MN,45.041924,10.928295
San Giacomo delle Segnate,san giacomo delle segnate,Lombardia,Mantova,MN,44.972575,11.033097
San Giorgio Bigarello,san giorgio bigarello,Lombardia,Mantova,MN,45.18053,10.871789
San Giovanni del Dosso,san giovanni del dosso,Lombardia,Mantova,MN,44.966893,11.081617
San Martino dall'Argine,san martino dall'argine,Lombardia,Mantova,MN,45.099056,10.518348
Schivenoglia,schivenoglia,Lombardia,Mantova,MN,44.995094,11.072981
Sermide e Felonica,sermide e felonica,Lombardia,Mantova,MN,44.97833,11.29043
Serravalle a Po,serravalle a po,Lombardia,Mantova,MN,45.072885,11.100535
Solferino,solferino,Lombardia,Mantova,MN,45.368581,10.566679
Sustinente,sustinente,Lombardia,Mantova,MN,45.069272,11.019604
Suzzara,suzzara,Lombardia,Mantova,MN,44.991873,10.74309
Viadana,viadana,Lombardia,Mantova,MN,44.926786,10.520223
Villimpenta,villimpenta,Lombardia,Mantova,MN,45.144747,11.030232
Volta Mantovana,volta mantovana,Lombardia,Mantova,MN,45.321302,10.659224
Borgo Virgilio,borgo virgilio,Lombardia,Mantova,MN,45.088107,10.785801
Borgo Mantovano,borgo mantovano,Lombardia,Mantova,MN,45.026484,11.121971
Borgocarbonara,borgocarbonara,Lombardia,Mantova,MN,45.034383,11.214786
Abbadia Lariana,abbadia lariana,Lombardia,Lecco,LC,45.900045,9.334056
Airuno,airuno,Lombardia,Lecco,LC,45.75388,9.424247
Annone di Brianza,annone di brianza,Lombardia,Lecco,LC,45.807621,9.332414
Ballabio,ballabio,Lombardia,Lecco,LC,45.898184,9.423444
Barzago,barzago,Lombardia,Lecco,LC,45.755479,9.314244
Barzanò,barzano,Lombardia,Lecco,LC,45.733474,9.312813
Barzio,barzio,Lombardia,Lecco,LC,45.946095,9.468765
Bellano,bellano,Lombardia,Lecco,LC,46.042957,9.304032
Bosisio Parini,bosisio parini,Lombardia,Lecco,LC,45.80228,9.290743
Brivio,brivio,Lombardia,Lecco,LC,45.741969,9.444142
Bulciago,bulciago,Lombardia,Lecco,LC,45.754703,9.291047
Calco,calco,Lombardia,Lecco,LC,45.724868,9.415905
Calolziocorte,calolziocorte,Lombardia,Lecco,LC,45.801472,9.432979
Carenno,carenno,Lombardia,Lecco,LC,45.803482,9.462047
Casargo,casargo,Lombardia,Lecco,LC,46.03952,9.388244
Casatenovo,casatenovo,Lombardia,Lecco,LC,45.696378,9.311646
Cassago Brianza,cassago brianza,Lombardia,Lecco,LC,45.738206,9.291088
Cassina Valsassina,cassina valsassina,Lombardia,Lecco,LC,45.932085,9.478945
Castello di Brianza,castello di brianza,Lombardia,Lecco,LC,45.756471,9.345355
Cernusco Lombardone,cernusco lombardone,Lombardia,Lecco,LC,45.69286,9.400698
Cesana Brianza,cesana brianza,Lombardia,Lecco,LC,45.816781,9.299543
Civate,civate,Lombardia,Lecco,LC,45.828081,9.342944
Colico,colico,Lombardia,Lecco,LC,46.116215,9.314998
Colle Brianza,colle brianza,Lombardia,Lecco,LC,45.761661,9.362425
Cortenova,cortenova,Lombardia,Lecco,LC,45.999922,9.383165
Costa Masnaga,costa masnaga,Lombardia,Lecco,LC,45.767002,9.278316
Crandola Valsassina,crandola valsassina,Lombardia,Lecco,LC,46.022892,9.378763
Cremella,cremella,Lombardia,Lecco,LC,45.74168,9.299885
Cremeno,cremeno,Lombardia,Lecco,LC,45.93485,9.473729
Dervio,dervio,Lombardia,Lecco,LC,46.076574,9.304528
Dolzago,dolzago,Lombardia,Lecco,LC,45.76698,9.339345
Dorio,dorio,Lombardia,Lecco,LC,46.101812,9.31927
Ello,ello,Lombardia,Lecco,LC,45.78568,9.365345
Erve,erve,Lombardia,Lecco,LC,45.821582,9.452846
Esino Lario,esino lario,Lombardia,Lecco,LC,45.993939,9.3332
Galbiate,galbiate,Lombardia,Lecco,LC,45.817534,9.375015
Garbagnate Monastero,garbagnate monastero,Lombardia,Lecco,LC,45.772926,9.302566
Garlate,garlate,Lombardia,Lecco,LC,45.80604,9.40197
Imbersago,imbersago,Lombardia,Lecco,LC,45.705873,9.444549
Introbio,introbio,Lombardia,Lecco,LC,45.972641,9.45307
Lecco,lecco,Lombardia,Lecco,LC,45.900548,9.412025
Lierna,lierna,Lombardia,Lecco,LC,45.959202,9.302478
Lomagna,lomagna,Lombardia,Lecco,LC,45.667978,9.376047
Malgrate,malgrate,Lombardia,Lecco,LC,45.8526,9.375298
Mandello del Lario,mandello del lario,Lombardia,Lecco,LC,45.919183,9.319341
Margno,margno,Lombardia,Lecco,LC,46.030987,9.381641
Merate,merate,Lombardia,Lecco,LC,45.698679,9.411648
Missaglia,missaglia,Lombardia,Lecco,LC,45.708717,9.335754
Moggio,moggio,Lombardia,Lecco,LC,45.932266,9.487907
Molteno,molteno,Lombardia,Lecco,LC,45.78038,9.307444
Monte Marenzo,monte marenzo,Lombardia,Lecco,LC,45.770781,9.454647
Montevecchia,montevecchia,Lombardia,Lecco,LC,45.705744,9.375436
Monticello Brianza,monticello brianza,Lombardia,Lecco,LC,45.70878,9.314141
Morterone,morterone,Lombardia,Lecco,LC,45.879515,9.486227
Nibionno,nibionno,Lombardia,Lecco,LC,45.746479,9.268944
Oggiono,oggiono,Lombardia,Lecco,LC,45.79188,9.346745
Olgiate Molgora,olgiate molgora,Lombardia,Lecco,LC,45.730279,9.403347
Olginate,olginate,Lombardia,Lecco,LC,45.800938,9.413279
Oliveto Lario,oliveto lario,Lombardia,Lecco,LC,45.929247,9.285912
Osnago,osnago,Lombardia,Lecco,LC,45.675678,9.391148
Paderno d'Adda,paderno d'adda,Lombardia,Lecco,LC,45.681458,9.44456
Pagnona,pagnona,Lombardia,Lecco,LC,46.059741,9.402893
Parlasco,parlasco,Lombardia,Lecco,LC,46.017886,9.34494
Pasturo,pasturo,Lombardia,Lecco,LC,45.951783,9.442169
Perledo,perledo,Lombardia,Lecco,LC,46.012835,9.29632
Pescate,pescate,Lombardia,Lecco,LC,45.833482,9.393945
Premana,premana,Lombardia,Lecco,LC,46.05173,9.423463
Primaluna,primaluna,Lombardia,Lecco,LC,45.986971,9.429608
Robbiate,robbiate,Lombardia,Lecco,LC,45.691134,9.441322
Rogeno,rogeno,Lombardia,Lecco,LC,45.782379,9.274043
Santa Maria Hoè,santa maria hoe,Lombardia,Lecco,LC,45.744389,9.375011
Sirone,sirone,Lombardia,Lecco,LC,45.77268,9.322144
Sirtori,sirtori,Lombardia,Lecco,LC,45.736579,9.330845
Sueglio,sueglio,Lombardia,Lecco,LC,46.086061,9.33236
Suello,suello,Lombardia,Lecco,LC,45.816781,9.311543
Taceno,taceno,Lombardia,Lecco,LC,46.024486,9.36394
Valgreghentino,valgreghentino,Lombardia,Lecco,LC,45.769871,9.412168
Valmadrera,valmadrera,Lombardia,Lecco,LC,45.846282,9.358244
Varenna,varenna,Lombardia,Lecco,LC,46.009978,9.283159
Vercurago,vercurago,Lombardia,Lecco,LC,45.812946,9.424433
Viganò,vigano,Lombardia,Lecco,LC,45.724635,9.32456
Verderio,verderio,Lombardia,Lecco,LC,45.665698,9.43761
La Valletta Brianza,la valletta brianza,Lombardia,Lecco,LC,45.728714,9.3692
Valvarrone,valvarrone,Lombardia,Lecco,LC,46.08489,9.361448
Abbadia Cerreto,abbadia cerreto,Lombardia,Lodi,LO,45.311912,9.594212
Bertonico,bertonico,Lombardia,Lodi,LO,45.23307,9.668062
Boffalora d'Adda,boffalora d'adda,Lombardia,Lodi,LO,45.359771,9.494156
Borghetto Lodigiano,borghetto lodigiano,Lombardia,Lodi,LO,45.213268,9.499683
Borgo San Giovanni,borgo san giovanni,Lombardia,Lodi,LO,45.278042,9.435836
Brembio,brembio,Lombardia,Lodi,LO,45.214568,9.57146
Casaletto Lodigiano,casaletto lodigiano,Lombardia,Lodi,LO,45.293568,9.361954
Casalmaiocco,casalmaiocco,Lombardia,Lodi,LO,45.35387,9.374353
Casalpusterlengo,casalpusterlengo,Lombardia,Lodi,LO,45.179329,9.648396
Caselle Landi,caselle landi,Lombardia,Lodi,LO,45.102568,9.795567
Caselle Lurani,caselle lurani,Lombardia,Lodi,LO,45.280388,9.360225
Castelnuovo Bocca d'Adda,castelnuovo bocca d'adda,Lombardia,Lodi,LO,45.112842,9.867959
Castiglione d'Adda,castiglione d'adda,Lombardia,Lodi,LO,45.218912,9.694111
Castiraga Vidardo,castiraga vidardo,Lombardia,Lodi,LO,45.264809,9.392875
Cavenago d'Adda,cavenago d'adda,Lombardia,Lodi,LO,45.28401,9.601442
Cervignano d'Adda,cervignano d'adda,Lombardia,Lodi,LO,45.373871,9.424054
Codogno,codogno,Lombardia,Lodi,LO,45.160066,9.70437
Comazzo,comazzo,Lombardia,Lodi,LO,45.440973,9.464654
Cornegliano Laudense,cornegliano laudense,Lombardia,Lodi,LO,45.286169,9.487957
Corno Giovine,corno giovine,Lombardia,Lodi,LO,45.133291,9.758512
Cornovecchio,cornovecchio,Lombardia,Lodi,LO,45.136668,9.799367
Corte Palasio,corte palasio,Lombardia,Lodi,LO,45.30961,9.564308
Crespiatica,crespiatica,Lombardia,Lodi,LO,45.356672,9.575158
Fombio,fombio,Lombardia,Lodi,LO,45.136629,9.684479
Galgagnano,galgagnano,Lombardia,Lodi,LO,45.357971,9.445355
Graffignana,graffignana,Lombardia,Lodi,LO,45.209188,9.452577
Guardamiglio,guardamiglio,Lombardia,Lodi,LO,45.109902,9.679791
Livraga,livraga,Lombardia,Lodi,LO,45.192268,9.54646
Lodi,lodi,Lombardia,Lodi,LO,45.26131,9.491678
Lodi Vecchio,lodi vecchio,Lombardia,Lodi,LO,45.301075,9.416599
Maccastorna,maccastorna,Lombardia,Lodi,LO,45.14433,9.855215
Mairago,mairago,Lombardia,Lodi,LO,45.251769,9.57836
Maleo,maleo,Lombardia,Lodi,LO,45.168938,9.7635
Marudo,marudo,Lombardia,Lodi,LO,45.252967,9.377155
Massalengo,massalengo,Lombardia,Lodi,LO,45.26472,9.490245
Meleti,meleti,Lombardia,Lodi,LO,45.118868,9.836968
Merlino,merlino,Lombardia,Lodi,LO,45.433372,9.429853
Montanaso Lombardo,montanaso lombardo,Lombardia,Lodi,LO,45.33577,9.468656
Mulazzano,mulazzano,Lombardia,Lodi,LO,45.373492,9.397993
Orio Litta,orio litta,Lombardia,Lodi,LO,45.160313,9.554207
Ospedaletto Lodigiano,ospedaletto lodigiano,Lombardia,Lodi,LO,45.168767,9.578661
Ossago Lodigiano,ossago lodigiano,Lombardia,Lodi,LO,45.245669,9.537059
Pieve Fissiraga,pieve fissiraga,Lombardia,Lodi,LO,45.263268,9.458357
Salerano sul Lambro,salerano sul lambro,Lombardia,Lodi,LO,45.296569,9.385155
San Fiorano,san fiorano,Lombardia,Lodi,LO,45.136368,9.722165
San Martino in Strada,san martino in strada,Lombardia,Lodi,LO,45.271532,9.528032
San Rocco al Porto,san rocco al porto,Lombardia,Lodi,LO,45.081966,9.697165
Sant'Angelo Lodigiano,sant'angelo lodigiano,Lombardia,Lodi,LO,45.238067,9.408656
Santo Stefano Lodigiano,santo stefano lodigiano,Lombardia,Lodi,LO,45.120066,9.735614
Secugnago,secugnago,Lombardia,Lodi,LO,45.232869,9.59346
Senna Lodigiana,senna lodigiana,Lombardia,Lodi,LO,45.151667,9.593862
Somaglia,somaglia,Lombardia,Lodi,LO,45.14672,9.637931
Sordio,sordio,Lombardia,Lodi,LO,45.341143,9.365693
Tavazzano con Villavesco,tavazzano con villavesco,Lombardia,Lodi,LO,45.334092,9.403652
Terranova dei Passerini,terranova dei passerini,Lombardia,Lodi,LO,45.19832,9.677121
Turano Lodigiano,turano lodigiano,Lombardia,Lodi,LO,45.24887,9.621461
Valera Fratta,valera fratta,Lombardia,Lodi,LO,45.256932,9.336008
Villanova del Sillaro,villanova del sillaro,Lombardia,Lodi,LO,45.237968,9.481858
Zelo Buon Persico,zelo buon persico,Lombardia,Lodi,LO,45.41106,9.431757
Castelgerundo,castelgerundo,Lombardia,Lodi,LO,45.200297,9.743802
Agrate Brianza,agrate brianza,Lombardia,Monza e della Brianza,MB,45.576173,9.350948
Aicurzio,aicurzio,Lombardia,Monza e della Brianza,MB,45.639977,9.414949
Albiate,albiate,Lombardia,Monza e della Brianza,MB,45.65899,9.255796
Arcore,arcore,Lombardia,Monza e della Brianza,MB,45.626556,9.321465
Barlassina,barlassina,Lombardia,Monza e della Brianza,MB,45.656416,9.130101
Bellusco,bellusco,Lombardia,Monza e della Brianza,MB,45.618748,9.418633
Bernareggio,bernareggio,Lombardia,Monza e della Brianza,MB,45.647508,9.406138
Besana in Brianza,besana in brianza,Lombardia,Monza e della Brianza,MB,45.701804,9.288298
Biassono,biassono,Lombardia,Monza e della Brianza,MB,45.630987,9.27512
Bovisio-Masciago,bovisio-masciago,Lombardia,Monza e della Brianza,MB,45.6109,9.151857
Briosco,briosco,Lombardia,Monza e della Brianza,MB,45.710077,9.240644
Brugherio,brugherio,Lombardia,Monza e della Brianza,MB,45.550749,9.301222
Burago di Molgora,burago di molgora,Lombardia,Monza e della Brianza,MB,45.59666,9.377706
Camparada,camparada,Lombardia,Monza e della Brianza,MB,45.655977,9.319646
Carate Brianza,carate brianza,Lombardia,Monza e della Brianza,MB,45.676549,9.237162
Carnate,carnate,Lombardia,Monza e della Brianza,MB,45.647281,9.379087
Cavenago di Brianza,cavenago di brianza,Lombardia,Monza e della Brianza,MB,45.584917,9.416059
Ceriano Laghetto,ceriano laghetto,Lombardia,Monza e della Brianza,MB,45.628349,9.080797
Cesano Maderno,cesano maderno,Lombardia,Monza e della Brianza,MB,45.628189,9.14624
Cogliate,cogliate,Lombardia,Monza e della Brianza,MB,45.64548,9.080732
Concorezzo,concorezzo,Lombardia,Monza e della Brianza,MB,45.589675,9.335948
Correzzana,correzzana,Lombardia,Monza e della Brianza,MB,45.665689,9.303626
Desio,desio,Lombardia,Monza e della Brianza,MB,45.61831,9.208124
Giussano,giussano,Lombardia,Monza e della Brianza,MB,45.699381,9.209729
Lazzate,lazzate,Lombardia,Monza e della Brianza,MB,45.672326,9.08522
Lesmo,lesmo,Lombardia,Monza e della Brianza,MB,45.648974,9.305652
Limbiate,limbiate,Lombardia,Monza e della Brianza,MB,45.598605,9.119731
Lissone,lissone,Lombardia,Monza e della Brianza,MB,45.61077,9.240841
Macherio,macherio,Lombardia,Monza e della Brianza,MB,45.640116,9.269371
Meda,meda,Lombardia,Monza e della Brianza,MB,45.662505,9.156753
Mezzago,mezzago,Lombardia,Monza e della Brianza,MB,45.628977,9.44485
Misinto,misinto,Lombardia,Monza e della Brianza,MB,45.662375,9.083941
Monza,monza,Lombardia,Monza e della Brianza,MB,45.583442,9.273526
Muggiò,muggio,Lombardia,Monza e della Brianza,MB,45.593195,9.227138
Nova Milanese,nova milanese,Lombardia,Monza e della Brianza,MB,45.58929,9.20034
Ornago,ornago,Lombardia,Monza e della Brianza,MB,45.598404,9.422214
Renate,renate,Lombardia,Monza e della Brianza,MB,45.724378,9.279944
Ronco Briantino,ronco briantino,Lombardia,Monza e della Brianza,MB,45.667563,9.400698
Seregno,seregno,Lombardia,Monza e della Brianza,MB,45.649723,9.205392
Seveso,seveso,Lombardia,Monza e della Brianza,MB,45.643466,9.137379
Sovico,sovico,Lombardia,Monza e della Brianza,MB,45.648556,9.264837
Sulbiate,sulbiate,Lombardia,Monza e della Brianza,MB,45.633999,9.420684
Triuggio,triuggio,Lombardia,Monza e della Brianza,MB,45.661364,9.267441
Usmate Velate,usmate velate,Lombardia,Monza e della Brianza,MB,45.652458,9.354342
Varedo,varedo,Lombardia,Monza e della Brianza,MB,45.597444,9.156293
Vedano al Lambro,vedano al lambro,Lombardia,Monza e della Brianza,MB,45.611508,9.275072
Veduggio con Colzano,veduggio con colzano,Lombardia,Monza e della Brianza,MB,45.73363,9.262513
Verano Brianza,verano brianza,Lombardia,Monza e della Brianza,MB,45.688186,9.230477
Villasanta,villasanta,Lombardia,Monza e della Brianza,MB,45.603981,9.300571
Vimercate,vimercate,Lombardia,Monza e della Brianza,MB,45.613963,9.37006
Busnago,busnago,Lombardia,Monza e della Brianza,MB,45.616184,9.46567
Caponago,caponago,Lombardia,Monza e della Brianza,MB,45.565438,9.375441
Cornate d'Adda,cornate d'adda,Lombardia,Monza e della Brianza,MB,45.646699,9.465939
Lentate sul Seveso,lentate sul seveso,Lombardia,Monza e della Brianza,MB,45.678405,9.11817
Roncello,roncello,Lombardia,Monza e della Brianza,MB,45.602443,9.457611
Aldino,aldino,Trentino-Alto Adige/Südtirol,Bolzano/Bozen,BZ,46.368675,11.354324
Andriano,andriano,Trentino-Alto Adige/Südtirol,Bolzano/Bozen,BZ,46.517616,11.231373
Anterivo,anterivo,Trentino-Alto Adige/Südtirol,Bolzano/Bozen,BZ,46.279747,11.367961
Appiano sulla strada del vino,appiano sulla strada del vino,Trentino-Alto Adige/Südtirol,Bolzano/Bozen,BZ,46.461908,11.260867
Avelengo,avelengo,Trentino-Alto Adige/Südtirol,Bolzano/Bozen,BZ,46.644615,11.224384
Badia,badia,Trentino-Alto Adige/Südtirol,Bolzano/Bozen,BZ,46.610124,11.893487
Barbiano,barbiano,Trentino-Alto Adige/Südtirol,Bolzano/Bozen,BZ,46.603257,11.519816
Bolzano,bolzano,Trentino-Alto Adige/Südtirol,Bolzano/Bozen,BZ,46.655942,11.229637
Braies,braies,Trentino-Alto Adige/Südtirol,Bolzano/Bozen,BZ,46.688625,12.103757
Brennero,brennero,Trentino-Alto Adige/Südtirol,Bolzano/Bozen,BZ,47.00378,11.504557
Bressanone,bressanone,Trentino-Alto Adige/Südtirol,Bolzano/Bozen,BZ,46.716549,11.657851
Bronzolo,bronzolo,Trentino-Alto Adige/Südtirol,Bolzano/Bozen,BZ,46.404262,11.320055
Brunico,brunico,Trentino-Alto Adige/Südtirol,Bolzano/Bozen,BZ,46.796319,11.935512
Caines,caines,Trentino-Alto Adige/Südtirol,Bolzano/Bozen,BZ,46.69948,11.169487
Caldaro sulla strada del vino,caldaro sulla strada del vino,Trentino-Alto Adige/Südtirol,Bolzano/Bozen,BZ,46.413259,11.246202
Campo di Trens,campo di trens,Trentino-Alto Adige/Südtirol,Bolzano/Bozen,BZ,46.857187,11.508955
Campo Tures,campo tures,Trentino-Alto Adige/Südtirol,Bolzano/Bozen,BZ,46.919236,11.955182
Castelbello-Ciardes,castelbello-ciardes,Trentino-Alto Adige/Südtirol,Bolzano/Bozen,BZ,46.622161,10.923999
Castelrotto,castelrotto,Trentino-Alto Adige/Südtirol,Bolzano/Bozen,BZ,46.547539,11.608297
Cermes,cermes,Trentino-Alto Adige/Südtirol,Bolzano/Bozen,BZ,46.634619,11.146564
Chienes,chienes,Trentino-Alto Adige/Südtirol,Bolzano/Bozen,BZ,46.809381,11.840872
Chiusa,chiusa,Trentino-Alto Adige/Südtirol,Bolzano/Bozen,BZ,46.639687,11.566643
Cornedo all'Isarco,cornedo all'isarco,Trentino-Alto Adige/Südtirol,Bolzano/Bozen,BZ,46.489912,11.408388
Cortaccia sulla strada del vino,cortaccia sulla strada del vino,Trentino-Alto Adige/Südtirol,Bolzano/Bozen,BZ,46.313473,11.223501
Cortina sulla strada del vino,cortina sulla strada del vino,Trentino-Alto Adige/Südtirol,Bolzano/Bozen,BZ,46.268702,11.222685
Corvara in Badia,corvara in badia,Trentino-Alto Adige/Südtirol,Bolzano/Bozen,BZ,46.549574,11.874034
Curon Venosta,curon venosta,Trentino-Alto Adige/Südtirol,Bolzano/Bozen,BZ,46.803738,10.555045
Dobbiaco,dobbiaco,Trentino-Alto Adige/Südtirol,Bolzano/Bozen,BZ,46.735636,12.223958
Egna,egna,Trentino-Alto Adige/Südtirol,Bolzano/Bozen,BZ,46.316916,11.27257
Falzes,falzes,Trentino-Alto Adige/Südtirol,Bolzano/Bozen,BZ,46.81198,11.884006
Fiè allo Sciliar,fie allo sciliar,Trentino-Alto Adige/Südtirol,Bolzano/Bozen,BZ,46.517598,11.502614
Fortezza,fortezza,Trentino-Alto Adige/Südtirol,Bolzano/Bozen,BZ,46.789626,11.609977
Funes,funes,Trentino-Alto Adige/Südtirol,Bolzano/Bozen,BZ,46.6451,11.696841
Gais,gais,Trentino-Alto Adige/Südtirol,Bolzano/Bozen,BZ,46.833156,11.947484
Gargazzone,gargazzone,Trentino-Alto Adige/Südtirol,Bolzano/Bozen,BZ,46.584781,11.20273
Glorenza,glorenza,Trentino-Alto Adige/Südtirol,Bolzano/Bozen,BZ,46.671492,10.553913
Laces,laces,Trentino-Alto Adige/Südtirol,Bolzano/Bozen,BZ,46.617344,10.859539
Lagundo,lagundo,Trentino-Alto Adige/Südtirol,Bolzano/Bozen,BZ,46.682519,11.123069
Laion,laion,Trentino-Alto Adige/Südtirol,Bolzano/Bozen,BZ,46.609229,11.564263
Laives,laives,Trentino-Alto Adige/Südtirol,Bolzano/Bozen,BZ,46.422819,11.334771
Lana,lana,Trentino-Alto Adige/Südtirol,Bolzano/Bozen,BZ,46.616019,11.144859
Lasa,lasa,Trentino-Alto Adige/Südtirol,Bolzano/Bozen,BZ,46.616614,10.700159
Lauregno,lauregno,Trentino-Alto Adige/Südtirol,Bolzano/Bozen,BZ,46.454414,11.062015
Luson,luson,Trentino-Alto Adige/Südtirol,Bolzano/Bozen,BZ,46.746466,11.761084
Magrè sulla strada del vino,magre sulla strada del vino,Trentino-Alto Adige/Südtirol,Bolzano/Bozen,BZ,46.287388,11.209846
Malles Venosta,malles venosta,Trentino-Alto Adige/Südtirol,Bolzano/Bozen,BZ,46.687919,10.546549
Marebbe,marebbe,Trentino-Alto Adige/Südtirol,Bolzano/Bozen,BZ,46.648879,12.026938
Marlengo,marlengo,Trentino-Alto Adige/Südtirol,Bolzano/Bozen,BZ,46.655561,11.140291
Martello,martello,Trentino-Alto Adige/Südtirol,Bolzano/Bozen,BZ,46.515319,10.721431
Meltina,meltina,Trentino-Alto Adige/Südtirol,Bolzano/Bozen,BZ,46.586392,11.256156
Merano,merano,Trentino-Alto Adige/Südtirol,Bolzano/Bozen,BZ,46.669555,11.159418
Monguelfo-Tesido,monguelfo-tesido,Trentino-Alto Adige/Südtirol,Bolzano/Bozen,BZ,46.781145,12.118922
Montagna,montagna,Trentino-Alto Adige/Südtirol,Bolzano/Bozen,BZ,46.330836,11.304634
Moso in Passiria,moso in passiria,Trentino-Alto Adige/Südtirol,Bolzano/Bozen,BZ,46.831832,11.167293
Nalles,nalles,Trentino-Alto Adige/Südtirol,Bolzano/Bozen,BZ,46.543487,11.204627
Naturno,naturno,Trentino-Alto Adige/Südtirol,Bolzano/Bozen,BZ,46.649886,11.004195
Naz-Sciaves,naz-sciaves,Trentino-Alto Adige/Südtirol,Bolzano/Bozen,BZ,46.763074,11.677935
Nova Levante,nova levante,Trentino-Alto Adige/Südtirol,Bolzano/Bozen,BZ,46.430234,11.53895
Nova Ponente,nova ponente,Trentino-Alto Adige/Südtirol,Bolzano/Bozen,BZ,46.413993,11.425181
Ora,ora,Trentino-Alto Adige/Südtirol,Bolzano/Bozen,BZ,46.346595,11.298634
Ortisei,ortisei,Trentino-Alto Adige/Südtirol,Bolzano/Bozen,BZ,46.590462,11.684557
Parcines,parcines,Trentino-Alto Adige/Südtirol,Bolzano/Bozen,BZ,46.683848,11.07352
Perca,perca,Trentino-Alto Adige/Südtirol,Bolzano/Bozen,BZ,46.794307,11.982383
Plaus,plaus,Trentino-Alto Adige/Südtirol,Bolzano/Bozen,BZ,46.656575,11.041498
Ponte Gardena,ponte gardena,Trentino-Alto Adige/Südtirol,Bolzano/Bozen,BZ,46.598216,11.53251
Postal,postal,Trentino-Alto Adige/Südtirol,Bolzano/Bozen,BZ,46.607583,11.193324
Prato allo Stelvio,prato allo stelvio,Trentino-Alto Adige/Südtirol,Bolzano/Bozen,BZ,46.603767,10.581909
Predoi,predoi,Trentino-Alto Adige/Südtirol,Bolzano/Bozen,BZ,47.040741,12.105891
Proves,proves,Trentino-Alto Adige/Südtirol,Bolzano/Bozen,BZ,46.477426,11.022437
Racines,racines,Trentino-Alto Adige/Südtirol,Bolzano/Bozen,BZ,46.880128,11.376056
Rasun-Anterselva,rasun-anterselva,Trentino-Alto Adige/Südtirol,Bolzano/Bozen,BZ,46.839015,12.111611
Renon,renon,Trentino-Alto Adige/Südtirol,Bolzano/Bozen,BZ,46.562935,11.441435
Rifiano,rifiano,Trentino-Alto Adige/Südtirol,Bolzano/Bozen,BZ,46.70364,11.181443
Rio di Pusteria,rio di pusteria,Trentino-Alto Adige/Südtirol,Bolzano/Bozen,BZ,46.795946,11.666827
Rodengo,rodengo,Trentino-Alto Adige/Südtirol,Bolzano/Bozen,BZ,46.780775,11.689757
Salorno sulla strada del vino,salorno sulla strada del vino,Trentino-Alto Adige/Südtirol,Bolzano/Bozen,BZ,46.239608,11.211075
San Candido,san candido,Trentino-Alto Adige/Südtirol,Bolzano/Bozen,BZ,46.732863,12.282416
San Genesio Atesino,san genesio atesino,Trentino-Alto Adige/Südtirol,Bolzano/Bozen,BZ,46.535035,11.331384
San Leonardo in Passiria,san leonardo in passiria,Trentino-Alto Adige/Südtirol,Bolzano/Bozen,BZ,46.811893,11.247136
San Lorenzo di Sebato,san lorenzo di sebato,Trentino-Alto Adige/Südtirol,Bolzano/Bozen,BZ,46.783424,11.90264
San Martino in Badia,san martino in badia,Trentino-Alto Adige/Südtirol,Bolzano/Bozen,BZ,46.650928,11.841677
San Martino in Passiria,san martino in passiria,Trentino-Alto Adige/Südtirol,Bolzano/Bozen,BZ,46.783939,11.226799
San Pancrazio,san pancrazio,Trentino-Alto Adige/Südtirol,Bolzano/Bozen,BZ,46.586514,11.086361
Santa Cristina Valgardena,santa cristina valgardena,Trentino-Alto Adige/Südtirol,Bolzano/Bozen,BZ,46.558875,11.720036
Sarentino,sarentino,Trentino-Alto Adige/Südtirol,Bolzano/Bozen,BZ,46.695259,11.387379
Scena,scena,Trentino-Alto Adige/Südtirol,Bolzano/Bozen,BZ,46.690046,11.186563
Selva dei Molini,selva dei molini,Trentino-Alto Adige/Südtirol,Bolzano/Bozen,BZ,46.890747,11.85666
Selva di Val Gardena,selva di val gardena,Trentino-Alto Adige/Südtirol,Bolzano/Bozen,BZ,46.552588,11.766541
Senales,senales,Trentino-Alto Adige/Südtirol,Bolzano/Bozen,BZ,46.727724,10.862756
Sesto,sesto,Trentino-Alto Adige/Südtirol,Bolzano/Bozen,BZ,46.702743,12.350544
Silandro,silandro,Trentino-Alto Adige/Südtirol,Bolzano/Bozen,BZ,46.628069,10.773476
Sluderno,sluderno,Trentino-Alto Adige/Südtirol,Bolzano/Bozen,BZ,46.664538,10.584817
Stelvio,stelvio,Trentino-Alto Adige/Südtirol,Bolzano/Bozen,BZ,46.542439,10.557829
Terento,terento,Trentino-Alto Adige/Südtirol,Bolzano/Bozen,BZ,46.8288,11.776016
Terlano,terlano,Trentino-Alto Adige/Südtirol,Bolzano/Bozen,BZ,46.529301,11.248678
Termeno sulla strada del vino,termeno sulla strada del vino,Trentino-Alto Adige/Südtirol,Bolzano/Bozen,BZ,46.341512,11.242272
Tesimo,tesimo,Trentino-Alto Adige/Südtirol,Bolzano/Bozen,BZ,46.563898,11.169497
Tires,tires,Trentino-Alto Adige/Südtirol,Bolzano/Bozen,BZ,46.467348,11.52748
Tirolo,tirolo,Trentino-Alto Adige/Südtirol,Bolzano/Bozen,BZ,46.708518,11.142386
Trodena nel parco naturale,trodena nel parco naturale,Trentino-Alto Adige/Südtirol,Bolzano/Bozen,BZ,46.322143,11.349812
Tubre,tubre,Trentino-Alto Adige/Südtirol,Bolzano/Bozen,BZ,46.645612,10.464153
Ultimo,ultimo,Trentino-Alto Adige/Südtirol,Bolzano/Bozen,BZ,46.511994,10.899493
Vadena,vadena,Trentino-Alto Adige/Südtirol,Bolzano/Bozen,BZ,46.413995,11.305077
Valdaora,valdaora,Trentino-Alto Adige/Südtirol,Bolzano/Bozen,BZ,46.759829,12.030987
Val di Vizze,val di vizze,Trentino-Alto Adige/Südtirol,Bolzano/Bozen,BZ,46.948993,11.577499
Valle Aurina,valle aurina,Trentino-Alto Adige/Südtirol,Bolzano/Bozen,BZ,46.988356,11.942898
Valle di Casies,valle di casies,Trentino-Alto Adige/Südtirol,Bolzano/Bozen,BZ,46.824096,12.232504
Vandoies,vandoies,Trentino-Alto Adige/Südtirol,Bolzano/Bozen,BZ,46.876036,11.720904
Varna,varna,Trentino-Alto Adige/Südtirol,Bolzano/Bozen,BZ,46.740386,11.634569
Verano,verano,Trentino-Alto Adige/Südtirol,Bolzano/Bozen,BZ,46.605366,11.226271
Villabassa,villabassa,Trentino-Alto Adige/Südtirol,Bolzano/Bozen,BZ,46.739482,12.170006
Villandro,villandro,Trentino-Alto Adige/Südtirol,Bolzano/Bozen,BZ,46.632934,11.540101
Vipiteno,vipiteno,Trentino-Alto Adige/Südtirol,Bolzano/Bozen,BZ,46.896324,11.43194
Velturno,velturno,Trentino-Alto Adige/Südtirol,Bolzano/Bozen,BZ,46.668674,11.598439
La Valle,la valle,Trentino-Alto Adige/Südtirol,Bolzano/Bozen,BZ,46.657719,11.924326
Senale-San Felice,senale-san felice,Trentino-Alto Adige/Südtirol,Bolzano/Bozen,BZ,46.509531,11.137327
Ala,ala,Trentino-Alto Adige/Südtirol,Trento,TN,45.757901,11.001818
Albiano,albiano,Trentino-Alto Adige/Südtirol,Trento,TN,46.144906,11.193479
Aldeno,aldeno,Trentino-Alto Adige/Südtirol,Trento,TN,45.97678,11.090857
Andalo,andalo,Trentino-Alto Adige/Südtirol,Trento,TN,46.166136,11.003402
Arco,arco,Trentino-Alto Adige/Südtirol,Trento,TN,45.918133,10.886095
Avio,avio,Trentino-Alto Adige/Südtirol,Trento,TN,45.733793,10.937181
Baselga di Pinè,baselga di pine,Trentino-Alto Adige/Südtirol,Trento,TN,46.131281,11.256837
Bedollo,bedollo,Trentino-Alto Adige/Südtirol,Trento,TN,46.167698,11.301589
Besenello,besenello,Trentino-Alto Adige/Südtirol,Trento,TN,45.941922,11.109544
Bieno,bieno,Trentino-Alto Adige/Südtirol,Trento,TN,46.080679,11.554041
Bleggio Superiore,bleggio superiore,Trentino-Alto Adige/Südtirol,Trento,TN,46.006942,10.789644
Bocenago,bocenago,Trentino-Alto Adige/Südtirol,Trento,TN,46.119103,10.758862
Bondone,bondone,Trentino-Alto Adige/Südtirol,Trento,TN,45.80623,10.551537
Borgo Valsugana,borgo valsugana,Trentino-Alto Adige/Südtirol,Trento,TN,46.053346,11.4566
Brentonico,brentonico,Trentino-Alto Adige/Südtirol,Trento,TN,45.818774,10.956013
Bresimo,bresimo,Trentino-Alto Adige/Südtirol,Trento,TN,46.423298,10.92869
Caderzone Terme,caderzone terme,Trentino-Alto Adige/Südtirol,Trento,TN,46.130202,10.75747
Calceranica al Lago,calceranica al lago,Trentino-Alto Adige/Südtirol,Trento,TN,46.004241,11.242883
Caldes,caldes,Trentino-Alto Adige/Südtirol,Trento,TN,46.365389,10.94258
Caldonazzo,caldonazzo,Trentino-Alto Adige/Südtirol,Trento,TN,45.991523,11.262133
Calliano,calliano,Trentino-Alto Adige/Südtirol,Trento,TN,45.933851,11.093758
Campitello di Fassa,campitello di fassa,Trentino-Alto Adige/Südtirol,Trento,TN,46.476168,11.741525
Campodenno,campodenno,Trentino-Alto Adige/Südtirol,Trento,TN,46.257827,11.0332
Canal San Bovo,canal san bovo,Trentino-Alto Adige/Südtirol,Trento,TN,46.154846,11.732955
Canazei,canazei,Trentino-Alto Adige/Südtirol,Trento,TN,46.476881,11.771075
Capriana,capriana,Trentino-Alto Adige/Südtirol,Trento,TN,46.261913,11.338584
Carisolo,carisolo,Trentino-Alto Adige/Südtirol,Trento,TN,46.168776,10.759159
Carzano,carzano,Trentino-Alto Adige/Südtirol,Trento,TN,46.070325,11.493343
Castel Condino,castel condino,Trentino-Alto Adige/Südtirol,Trento,TN,45.914395,10.60277
Castello-Molina di Fiemme,castello-molina di fiemme,Trentino-Alto Adige/Südtirol,Trento,TN,46.256056,11.404439
Castello Tesino,castello tesino,Trentino-Alto Adige/Südtirol,Trento,TN,46.064175,11.632171
Castelnuovo,castelnuovo,Trentino-Alto Adige/Südtirol,Trento,TN,46.052859,11.493282
Cavalese,cavalese,Trentino-Alto Adige/Südtirol,Trento,TN,46.291187,11.460468
Cavareno,cavareno,Trentino-Alto Adige/Südtirol,Trento,TN,46.408412,11.138073
Cavedago,cavedago,Trentino-Alto Adige/Südtirol,Trento,TN,46.184698,11.031416
Cavedine,cavedine,Trentino-Alto Adige/Südtirol,Trento,TN,45.9952,10.973577
Cavizzana,cavizzana,Trentino-Alto Adige/Südtirol,Trento,TN,46.367501,10.957923
Cimone,cimone,Trentino-Alto Adige/Südtirol,Trento,TN,45.97985,11.063017
Cinte Tesino,cinte tesino,Trentino-Alto Adige/Südtirol,Trento,TN,46.056768,11.614868
Cis,cis,Trentino-Alto Adige/Südtirol,Trento,TN,46.399187,11.00296
Civezzano,civezzano,Trentino-Alto Adige/Südtirol,Trento,TN,46.089367,11.180026
Cles,cles,Trentino-Alto Adige/Südtirol,Trento,TN,46.365262,11.033245
Commezzadura,commezzadura,Trentino-Alto Adige/Südtirol,Trento,TN,46.31299,10.832832
Croviana,croviana,Trentino-Alto Adige/Südtirol,Trento,TN,46.344779,10.903423
Dambel,dambel,Trentino-Alto Adige/Südtirol,Trento,TN,46.404712,11.093072
Denno,denno,Trentino-Alto Adige/Südtirol,Trento,TN,46.275008,11.049074
Drena,drena,Trentino-Alto Adige/Südtirol,Trento,TN,45.969299,10.944477
Dro,dro,Trentino-Alto Adige/Südtirol,Trento,TN,45.961471,10.91111
Fai della Paganella,fai della paganella,Trentino-Alto Adige/Südtirol,Trento,TN,46.179331,11.06893
Fiavè,fiave,Trentino-Alto Adige/Südtirol,Trento,TN,46.00458,10.842052
Fierozzo,fierozzo,Trentino-Alto Adige/Südtirol,Trento,TN,46.108087,11.34631
Folgaria,folgaria,Trentino-Alto Adige/Südtirol,Trento,TN,45.914973,11.173015
Fornace,fornace,Trentino-Alto Adige/Südtirol,Trento,TN,46.118196,11.206501
Frassilongo,frassilongo,Trentino-Alto Adige/Südtirol,Trento,TN,46.080854,11.319519
Garniga Terme,garniga terme,Trentino-Alto Adige/Südtirol,Trento,TN,46.002649,11.087054
Giovo,giovo,Trentino-Alto Adige/Südtirol,Trento,TN,46.185824,11.146814
Giustino,giustino,Trentino-Alto Adige/Südtirol,Trento,TN,46.14844,10.769479
Grigno,grigno,Trentino-Alto Adige/Südtirol,Trento,TN,46.017035,11.635942
Imer,imer,Trentino-Alto Adige/Südtirol,Trento,TN,46.15106,11.796303
Isera,isera,Trentino-Alto Adige/Südtirol,Trento,TN,45.88527,11.009311
Lavarone,lavarone,Trentino-Alto Adige/Südtirol,Trento,TN,45.941289,11.288638
Lavis,lavis,Trentino-Alto Adige/Südtirol,Trento,TN,46.139742,11.110227
Levico Terme,levico terme,Trentino-Alto Adige/Südtirol,Trento,TN,46.009126,11.301777
Livo,livo,Trentino-Alto Adige/Südtirol,Trento,TN,46.404711,11.019271
Lona-Lases,lona-lases,Trentino-Alto Adige/Südtirol,Trento,TN,46.149818,11.219168
Luserna,luserna,Trentino-Alto Adige/Südtirol,Trento,TN,45.921665,11.32429
Malé,male,Trentino-Alto Adige/Südtirol,Trento,TN,46.351607,10.912876
Massimeno,massimeno,Trentino-Alto Adige/Südtirol,Trento,TN,46.141756,10.773134
Mazzin,mazzin,Trentino-Alto Adige/Südtirol,Trento,TN,46.468805,11.700375
Mezzana,mezzana,Trentino-Alto Adige/Südtirol,Trento,TN,46.317316,10.801007
Mezzano,mezzano,Trentino-Alto Adige/Südtirol,Trento,TN,46.154712,11.807993
Mezzocorona,mezzocorona,Trentino-Alto Adige/Südtirol,Trento,TN,46.215436,11.120786
Mezzolombardo,mezzolombardo,Trentino-Alto Adige/Südtirol,Trento,TN,46.212094,11.093509
Moena,moena,Trentino-Alto Adige/Südtirol,Trento,TN,46.376943,11.659266
Molveno,molveno,Trentino-Alto Adige/Südtirol,Trento,TN,46.142106,10.963777
Mori,mori,Trentino-Alto Adige/Südtirol,Trento,TN,45.852444,10.978275
Nago-Torbole,nago-torbole,Trentino-Alto Adige/Südtirol,Trento,TN,45.851159,10.885079
Nogaredo,nogaredo,Trentino-Alto Adige/Südtirol,Trento,TN,45.912089,11.023046
Nomi,nomi,Trentino-Alto Adige/Südtirol,Trento,TN,45.928599,11.071881
Novaledo,novaledo,Trentino-Alto Adige/Südtirol,Trento,TN,46.022818,11.366434
Ospedaletto,ospedaletto,Trentino-Alto Adige/Südtirol,Trento,TN,46.043569,11.552958
Ossana,ossana,Trentino-Alto Adige/Südtirol,Trento,TN,46.306453,10.737701
Palù del Fersina,palu del fersina,Trentino-Alto Adige/Südtirol,Trento,TN,46.130737,11.366488
Panchià,panchia,Trentino-Alto Adige/Südtirol,Trento,TN,46.285653,11.542587
Ronzo-Chienis,ronzo-chienis,Trentino-Alto Adige/Südtirol,Trento,TN,45.889597,10.950079
Peio,peio,Trentino-Alto Adige/Südtirol,Trento,TN,46.362886,10.673244
Pellizzano,pellizzano,Trentino-Alto Adige/Südtirol,Trento,TN,46.309824,10.760451
Pelugo,pelugo,Trentino-Alto Adige/Südtirol,Trento,TN,46.0885,10.72387
Pergine Valsugana,pergine valsugana,Trentino-Alto Adige/Südtirol,Trento,TN,46.060529,11.240675
Pieve Tesino,pieve tesino,Trentino-Alto Adige/Südtirol,Trento,TN,46.069309,11.608091
Pinzolo,pinzolo,Trentino-Alto Adige/Südtirol,Trento,TN,46.161732,10.765004
Pomarolo,pomarolo,Trentino-Alto Adige/Südtirol,Trento,TN,45.928099,11.04308
Predazzo,predazzo,Trentino-Alto Adige/Südtirol,Trento,TN,46.312361,11.602694
Rabbi,rabbi,Trentino-Alto Adige/Südtirol,Trento,TN,46.400901,10.824948
Riva del Garda,riva del garda,Trentino-Alto Adige/Südtirol,Trento,TN,45.884771,10.839694
Romeno,romeno,Trentino-Alto Adige/Südtirol,Trento,TN,46.393997,11.120273
Roncegno Terme,roncegno terme,Trentino-Alto Adige/Südtirol,Trento,TN,46.051623,11.410302
Ronchi Valsugana,ronchi valsugana,Trentino-Alto Adige/Südtirol,Trento,TN,46.068406,11.435186
Ronzone,ronzone,Trentino-Alto Adige/Südtirol,Trento,TN,46.423073,11.148899
Roverè della Luna,rovere della luna,Trentino-Alto Adige/Südtirol,Trento,TN,46.249988,11.169348
Rovereto,rovereto,Trentino-Alto Adige/Südtirol,Trento,TN,45.886548,11.045237
Ruffrè-Mendola,ruffre-mendola,Trentino-Alto Adige/Südtirol,Trento,TN,46.42463,11.1941
Rumo,rumo,Trentino-Alto Adige/Südtirol,Trento,TN,46.461057,10.988246
Sagron Mis,sagron mis,Trentino-Alto Adige/Südtirol,Trento,TN,46.191396,11.933561
Samone,samone,Trentino-Alto Adige/Südtirol,Trento,TN,46.081607,11.522588
San Michele all'Adige,san michele all'adige,Trentino-Alto Adige/Südtirol,Trento,TN,46.192907,11.133577
Sant'Orsola Terme,sant'orsola terme,Trentino-Alto Adige/Südtirol,Trento,TN,46.108138,11.302706
Sanzeno,sanzeno,Trentino-Alto Adige/Südtirol,Trento,TN,46.379233,11.071511
Sarnonico,sarnonico,Trentino-Alto Adige/Südtirol,Trento,TN,46.418728,11.140792
Scurelle,scurelle,Trentino-Alto Adige/Südtirol,Trento,TN,46.064466,11.505931
Segonzano,segonzano,Trentino-Alto Adige/Südtirol,Trento,TN,46.192637,11.281873
Sfruz,sfruz,Trentino-Alto Adige/Südtirol,Trento,TN,46.337155,11.115757
Soraga di Fassa,soraga di fassa,Trentino-Alto Adige/Südtirol,Trento,TN,46.394607,11.666168
Sover,sover,Trentino-Alto Adige/Südtirol,Trento,TN,46.221709,11.315681
Spiazzo,spiazzo,Trentino-Alto Adige/Südtirol,Trento,TN,46.103601,10.73937
Spormaggiore,spormaggiore,Trentino-Alto Adige/Südtirol,Trento,TN,46.217752,11.048268
Sporminore,sporminore,Trentino-Alto Adige/Südtirol,Trento,TN,46.236807,11.030274
Stenico,stenico,Trentino-Alto Adige/Südtirol,Trento,TN,46.052168,10.854089
Storo,storo,Trentino-Alto Adige/Südtirol,Trento,TN,45.849075,10.579914
Strembo,strembo,Trentino-Alto Adige/Südtirol,Trento,TN,46.119912,10.751452
Telve,telve,Trentino-Alto Adige/Südtirol,Trento,TN,46.071328,11.479592
Telve di Sopra,telve di sopra,Trentino-Alto Adige/Südtirol,Trento,TN,46.071352,11.471672
Tenna,tenna,Trentino-Alto Adige/Südtirol,Trento,TN,46.015703,11.264283
Tenno,tenno,Trentino-Alto Adige/Südtirol,Trento,TN,45.918797,10.832775
Terragnolo,terragnolo,Trentino-Alto Adige/Südtirol,Trento,TN,45.865249,11.177422
Terzolas,terzolas,Trentino-Alto Adige/Südtirol,Trento,TN,46.361605,10.926088
Tesero,tesero,Trentino-Alto Adige/Südtirol,Trento,TN,46.290416,11.511977
Tione di Trento,tione di trento,Trentino-Alto Adige/Südtirol,Trento,TN,46.036304,10.726909
Ton,ton,Trentino-Alto Adige/Südtirol,Trento,TN,46.259156,11.101655
Torcegno,torcegno,Trentino-Alto Adige/Südtirol,Trento,TN,46.074307,11.449787
Trambileno,trambileno,Trentino-Alto Adige/Südtirol,Trento,TN,45.834845,11.139211
Trento,trento,Trentino-Alto Adige/Südtirol,Trento,TN,46.066423,11.12576
Valfloriana,valfloriana,Trentino-Alto Adige/Südtirol,Trento,TN,46.246883,11.348673
Vallarsa,vallarsa,Trentino-Alto Adige/Südtirol,Trento,TN,45.803355,11.10511
Vermiglio,vermiglio,Trentino-Alto Adige/Südtirol,Trento,TN,46.296905,10.691365
Vignola-Falesina,vignola-falesina,Trentino-Alto Adige/Südtirol,Trento,TN,46.05522,11.281637
Villa Lagarina,villa lagarina,Trentino-Alto Adige/Südtirol,Trento,TN,45.91499,11.033002
Volano,volano,Trentino-Alto Adige/Südtirol,Trento,TN,45.917179,11.060803
Ziano di Fiemme,ziano di fiemme,Trentino-Alto Adige/Südtirol,Trento,TN,46.286517,11.565976
Comano Terme,comano terme,Trentino-Alto Adige/Südtirol,Trento,TN,46.009118,10.883621
Ledro,ledro,Trentino-Alto Adige/Südtirol,Trento,TN,45.886414,10.715385
Predaia,predaia,Trentino-Alto Adige/Südtirol,Trento,TN,46.335273,11.0897
San Lorenzo Dorsino,san lorenzo dorsino,Trentino-Alto Adige/Südtirol,Trento,TN,46.112129,10.900078
Valdaone,valdaone,Trentino-Alto Adige/Südtirol,Trento,TN,46.024913,10.52513
Dimaro Folgarida,dimaro folgarida,Trentino-Alto Adige/Südtirol,Trento,TN,46.302192,10.886908
Pieve di Bono-Prezzo,pieve di bono-prezzo,Trentino-Alto Adige/Südtirol,Trento,TN,45.9452,10.673201
Altavalle,altavalle,Trentino-Alto Adige/Südtirol,Trento,TN,46.216653,11.25295
Altopiano della Vigolana,altopiano della vigolana,Trentino-Alto Adige/Südtirol,Trento,TN,45.984533,11.199754
Amblar-Don,amblar-don,Trentino-Alto Adige/Südtirol,Trento,TN,46.385024,11.172159
Borgo Chiese,borgo chiese,Trentino-Alto Adige/Südtirol,Trento,TN,45.892362,10.561974
Borgo Lares,borgo lares,Trentino-Alto Adige/Südtirol,Trento,TN,46.00461,10.72732
Castel Ivano,castel ivano,Trentino-Alto Adige/Südtirol,Trento,TN,46.063059,11.541825
Cembra Lisignago,cembra lisignago,Trentino-Alto Adige/Südtirol,Trento,TN,46.180668,11.200776
Contà,conta,Trentino-Alto Adige/Südtirol,Trento,TN,46.295114,11.018913
Madruzzo,madruzzo,Trentino-Alto Adige/Südtirol,Trento,TN,46.032884,11.003484
Porte di Rendena,porte di rendena,Trentino-Alto Adige/Südtirol,Trento,TN,46.073237,10.673098
Primiero San Martino di Castrozza,primiero san martino di castrozza,Trentino-Alto Adige/Südtirol,Trento,TN,46.243723,11.836028
Sella Giudicarie,sella giudicarie,Trentino-Alto Adige/Südtirol,Trento,TN,46.022676,10.633704
Tre Ville,tre ville,Trentino-Alto Adige/Südtirol,Trento,TN,46.074324,10.7711
Vallelaghi,vallelaghi,Trentino-Alto Adige/Südtirol,Trento,TN,46.099827,11.016219
Ville d'Anaunia,ville d'anaunia,Trentino-Alto Adige/Südtirol,Trento,TN,46.273817,10.940222
San Giovanni di Fassa,san giovanni di fassa,Trentino-Alto Adige/Südtirol,Trento,TN,46.422876,11.72076
Terre d'Adige,terre d'adige,Trentino-Alto Adige/Südtirol,Trento,TN,46.163901,11.06924
Borgo d'Anaunia,borgo d'anaunia,Trentino-Alto Adige/Südtirol,Trento,TN,46.463185,11.149124
Novella,novella,Trentino-Alto Adige/Südtirol,Trento,TN,46.436999,11.078127
Ville di Fiemme,ville di fiemme,Trentino-Alto Adige/Südtirol,Trento,TN,46.31643,11.445446
Affi,affi,Veneto,Verona,VR,45.554091,10.776424
Albaredo d'Adige,albaredo d'adige,Veneto,Verona,VR,45.317046,11.274488
Angiari,angiari,Veneto,Verona,VR,45.218142,11.283908
Arcole,arcole,Veneto,Verona,VR,45.358211,11.286092
Badia Calavena,badia calavena,Veneto,Verona,VR,45.566086,11.152393
Bardolino,bardolino,Veneto,Verona,VR,45.54756,10.724214
Belfiore,belfiore,Veneto,Verona,VR,45.379623,11.208976
Bevilacqua,bevilacqua,Veneto,Verona,VR,45.231785,11.3925
Bonavigo,bonavigo,Veneto,Verona,VR,45.257573,11.279332
Boschi Sant'Anna,boschi sant'anna,Veneto,Verona,VR,45.21891,11.358328
Bosco Chiesanuova,bosco chiesanuova,Veneto,Verona,VR,45.622102,11.029517
Bovolone,bovolone,Veneto,Verona,VR,45.25781,11.120366
Brentino Belluno,brentino belluno,Veneto,Verona,VR,45.667941,10.881419
Brenzone sul Garda,brenzone sul garda,Veneto,Verona,VR,45.692861,10.772012
Bussolengo,bussolengo,Veneto,Verona,VR,45.474131,10.846248
Buttapietra,buttapietra,Veneto,Verona,VR,45.34209,10.99859
Caldiero,caldiero,Veneto,Verona,VR,45.414388,11.177392
Caprino Veronese,caprino veronese,Veneto,Verona,VR,45.605938,10.795132
Casaleone,casaleone,Veneto,Verona,VR,45.170669,11.199365
Castagnaro,castagnaro,Veneto,Verona,VR,45.120755,11.41075
Castel d'Azzano,castel d'azzano,Veneto,Verona,VR,45.355884,10.952988
Castelnuovo del Garda,castelnuovo del garda,Veneto,Verona,VR,45.4384,10.760479
Cavaion Veronese,cavaion veronese,Veneto,Verona,VR,45.540293,10.770187
Cazzano di Tramigna,cazzano di tramigna,Veneto,Verona,VR,45.473089,11.202892
Cerea,cerea,Veneto,Verona,VR,45.192043,11.212924
Cerro Veronese,cerro veronese,Veneto,Verona,VR,45.575292,11.041086
Cologna Veneta,cologna veneta,Veneto,Verona,VR,45.310287,11.384399
Colognola ai Colli,colognola ai colli,Veneto,Verona,VR,45.434631,11.186701
Concamarise,concamarise,Veneto,Verona,VR,45.207283,11.138501
Costermano sul Garda,costermano sul garda,Veneto,Verona,VR,45.585664,10.739974
Dolcè,dolce,Veneto,Verona,VR,45.600689,10.852482
Erbè,erbe,Veneto,Verona,VR,45.240929,10.968485
Erbezzo,erbezzo,Veneto,Verona,VR,45.639788,11.00141
Ferrara di Monte Baldo,ferrara di monte baldo,Veneto,Verona,VR,45.676916,10.85434
Fumane,fumane,Veneto,Verona,VR,45.542953,10.883974
Garda,garda,Veneto,Verona,VR,45.575651,10.70853
Gazzo Veronese,gazzo veronese,Veneto,Verona,VR,45.130336,11.096079
Grezzana,grezzana,Veneto,Verona,VR,45.518531,11.016159
Illasi,illasi,Veneto,Verona,VR,45.465933,11.180021
Isola della Scala,isola della scala,Veneto,Verona,VR,45.273105,11.006889
Isola Rizza,isola rizza,Veneto,Verona,VR,45.291198,11.19818
Lavagno,lavagno,Veneto,Verona,VR,45.447398,11.134941
Lazise,lazise,Veneto,Verona,VR,45.5052,10.733024
Legnago,legnago,Veneto,Verona,VR,45.192498,11.311127
Malcesine,malcesine,Veneto,Verona,VR,45.764344,10.81006
Marano di Valpolicella,marano di valpolicella,Veneto,Verona,VR,45.556047,10.915684
Mezzane di Sotto,mezzane di sotto,Veneto,Verona,VR,45.482006,11.128153
Minerbe,minerbe,Veneto,Verona,VR,45.240862,11.334839
Montecchia di Crosara,montecchia di crosara,Veneto,Verona,VR,45.484518,11.253425
Monteforte d'Alpone,monteforte d'alpone,Veneto,Verona,VR,45.417254,11.283666
Mozzecane,mozzecane,Veneto,Verona,VR,45.309983,10.818531
Negrar di Valpolicella,negrar di valpolicella,Veneto,Verona,VR,45.529671,10.940022
Nogara,nogara,Veneto,Verona,VR,45.179012,11.063733
Nogarole Rocca,nogarole rocca,Veneto,Verona,VR,45.291882,10.883788
Oppeano,oppeano,Veneto,Verona,VR,45.306214,11.18234
Palù,palu,Veneto,Verona,VR,45.325834,11.155173
Pastrengo,pastrengo,Veneto,Verona,VR,45.492457,10.799713
Pescantina,pescantina,Veneto,Verona,VR,45.483372,10.869101
Peschiera del Garda,peschiera del garda,Veneto,Verona,VR,45.438945,10.692017
Povegliano Veronese,povegliano veronese,Veneto,Verona,VR,45.348398,10.882438
Pressana,pressana,Veneto,Verona,VR,45.284749,11.40209
Rivoli Veronese,rivoli veronese,Veneto,Verona,VR,45.571982,10.811761
Roncà,ronca,Veneto,Verona,VR,45.478892,11.288918
Ronco all'Adige,ronco all'adige,Veneto,Verona,VR,45.337766,11.242452
Roverchiara,roverchiara,Veneto,Verona,VR,45.272316,11.2478
Roveredo di Guà,roveredo di gua,Veneto,Verona,VR,45.273751,11.444988
Roverè Veronese,rovere veronese,Veneto,Verona,VR,45.593326,11.065709
Salizzole,salizzole,Veneto,Verona,VR,45.24279,11.084444
San Bonifacio,san bonifacio,Veneto,Verona,VR,45.395642,11.270082
San Giovanni Ilarione,san giovanni ilarione,Veneto,Verona,VR,45.524054,11.234894
San Giovanni Lupatoto,san giovanni lupatoto,Veneto,Verona,VR,45.381968,11.044886
Sanguinetto,sanguinetto,Veneto,Verona,VR,45.184501,11.151136
San Martino Buon Albergo,san martino buon albergo,Veneto,Verona,VR,45.421687,11.09689
San Mauro di Saline,san mauro di saline,Veneto,Verona,VR,45.565796,11.114376
San Pietro di Morubio,san pietro di morubio,Veneto,Verona,VR,45.242986,11.228187
San Pietro in Cariano,san pietro in cariano,Veneto,Verona,VR,45.520913,10.886377
Sant'Ambrogio di Valpolicella,sant'ambrogio di valpolicella,Veneto,Verona,VR,45.522113,10.834443
Sant'Anna d'Alfaedo,sant'anna d'alfaedo,Veneto,Verona,VR,45.627457,10.95155
San Zeno di Montagna,san zeno di montagna,Veneto,Verona,VR,45.631445,10.725449
Selva di Progno,selva di progno,Veneto,Verona,VR,45.61139,11.138603
Soave,soave,Veneto,Verona,VR,45.42023,11.247722
Sommacampagna,sommacampagna,Veneto,Verona,VR,45.407784,10.840853
Sona,sona,Veneto,Verona,VR,45.433438,10.832737
Sorgà,sorga,Veneto,Verona,VR,45.2134,10.979362
Terrazzo,terrazzo,Veneto,Verona,VR,45.173309,11.398613
Torri del Benaco,torri del benaco,Veneto,Verona,VR,45.609449,10.687387
Tregnago,tregnago,Veneto,Verona,VR,45.513977,11.165641
Trevenzuolo,trevenzuolo,Veneto,Verona,VR,45.268649,10.932184
Valeggio sul Mincio,valeggio sul mincio,Veneto,Verona,VR,45.353751,10.734546
Velo Veronese,velo veronese,Veneto,Verona,VR,45.60515,11.095691
Verona,verona,Veneto,Verona,VR,45.438496,10.992412
Veronella,veronella,Veneto,Verona,VR,45.324969,11.322261
Vestenanova,vestenanova,Veneto,Verona,VR,45.573467,11.227722
Vigasio,vigasio,Veneto,Verona,VR,45.31703,10.942198
Villa Bartolomea,villa bartolomea,Veneto,Verona,VR,45.158717,11.353377
Villafranca di Verona,villafranca di verona,Veneto,Verona,VR,45.350928,10.845996
Zevio,zevio,Veneto,Verona,VR,45.375131,11.135882
Zimella,zimella,Veneto,Verona,VR,45.343627,11.352305
Agugliaro,agugliaro,Veneto,Vicenza,VI,45.325389,11.584203
Albettone,albettone,Veneto,Vicenza,VI,45.35815,11.581474
Alonte,alonte,Veneto,Vicenza,VI,45.365037,11.427363
Altavilla Vicentina,altavilla vicentina,Veneto,Vicenza,VI,45.508429,11.470686
Altissimo,altissimo,Veneto,Vicenza,VI,45.614739,11.251258
Arcugnano,arcugnano,Veneto,Vicenza,VI,45.500472,11.535699
Arsiero,arsiero,Veneto,Vicenza,VI,45.803517,11.350404
Arzignano,arzignano,Veneto,Vicenza,VI,45.519292,11.338594
Asiago,asiago,Veneto,Vicenza,VI,45.875377,11.5107
Asigliano Veneto,asigliano veneto,Veneto,Vicenza,VI,45.304512,11.446266
Bassano del Grappa,bassano del grappa,Veneto,Vicenza,VI,45.766911,11.734347
Bolzano Vicentino,bolzano vicentino,Veneto,Vicenza,VI,45.60071,11.622101
Breganze,breganze,Veneto,Vicenza,VI,45.708144,11.564767
Brendola,brendola,Veneto,Vicenza,VI,45.472122,11.44697
Bressanvido,bressanvido,Veneto,Vicenza,VI,45.645976,11.632999
Brogliano,brogliano,Veneto,Vicenza,VI,45.588786,11.364543
Caldogno,caldogno,Veneto,Vicenza,VI,45.611836,11.50758
Caltrano,caltrano,Veneto,Vicenza,VI,45.770615,11.460801
Calvene,calvene,Veneto,Vicenza,VI,45.766846,11.513017
Camisano Vicentino,camisano vicentino,Veneto,Vicenza,VI,45.522021,11.713344
Campiglia dei Berici,campiglia dei berici,Veneto,Vicenza,VI,45.336242,11.539489
Carrè,carre,Veneto,Vicenza,VI,45.748384,11.459298
Cartigliano,cartigliano,Veneto,Vicenza,VI,45.713054,11.694064
Cassola,cassola,Veneto,Vicenza,VI,45.732407,11.794256
Castegnero,castegnero,Veneto,Vicenza,VI,45.442475,11.584448
Castelgomberto,castelgomberto,Veneto,Vicenza,VI,45.585285,11.394497
Chiampo,chiampo,Veneto,Vicenza,VI,45.544573,11.280896
Chiuppano,chiuppano,Veneto,Vicenza,VI,45.762173,11.465076
Cogollo del Cengio,cogollo del cengio,Veneto,Vicenza,VI,45.785221,11.426095
Cornedo Vicentino,cornedo vicentino,Veneto,Vicenza,VI,45.611106,11.343405
Costabissara,costabissara,Veneto,Vicenza,VI,45.585542,11.487744
Creazzo,creazzo,Veneto,Vicenza,VI,45.532053,11.478581
Crespadoro,crespadoro,Veneto,Vicenza,VI,45.620193,11.22589
Dueville,dueville,Veneto,Vicenza,VI,45.635517,11.548598
Enego,enego,Veneto,Vicenza,VI,45.940493,11.709612
Fara Vicentino,fara vicentino,Veneto,Vicenza,VI,45.739593,11.548287
Foza,foza,Veneto,Vicenza,VI,45.896266,11.630726
Gallio,gallio,Veneto,Vicenza,VI,45.892626,11.547102
Gambellara,gambellara,Veneto,Vicenza,VI,45.462509,11.33984
Gambugliano,gambugliano,Veneto,Vicenza,VI,45.588874,11.440015
Grisignano di Zocco,grisignano di zocco,Veneto,Vicenza,VI,45.47534,11.69895
Grumolo delle Abbadesse,grumolo delle abbadesse,Veneto,Vicenza,VI,45.516264,11.658742
Isola Vicentina,isola vicentina,Veneto,Vicenza,VI,45.628668,11.443148
Laghi,laghi,Veneto,Vicenza,VI,45.824387,11.272312
Lastebasse,lastebasse,Veneto,Vicenza,VI,45.915101,11.273886
Longare,longare,Veneto,Vicenza,VI,45.474634,11.611049
Lonigo,lonigo,Veneto,Vicenza,VI,45.388116,11.38799
Lugo di Vicenza,lugo di vicenza,Veneto,Vicenza,VI,45.751391,11.522901
Malo,malo,Veneto,Vicenza,VI,45.660296,11.407493
Marano Vicentino,marano vicentino,Veneto,Vicenza,VI,45.692549,11.428756
Marostica,marostica,Veneto,Vicenza,VI,45.745392,11.656894
Montebello Vicentino,montebello vicentino,Veneto,Vicenza,VI,45.457216,11.385366
Montecchio Maggiore,montecchio maggiore,Veneto,Vicenza,VI,45.505079,11.408445
Montecchio Precalcino,montecchio precalcino,Veneto,Vicenza,VI,45.665781,11.563302
Monte di Malo,monte di malo,Veneto,Vicenza,VI,45.660464,11.362566
Montegalda,montegalda,Veneto,Vicenza,VI,45.443775,11.673211
Montegaldella,montegaldella,Veneto,Vicenza,VI,45.436355,11.670826
Monteviale,monteviale,Veneto,Vicenza,VI,45.560525,11.458072
Monticello Conte Otto,monticello conte otto,Veneto,Vicenza,VI,45.59518,11.580579
Montorso Vicentino,montorso vicentino,Veneto,Vicenza,VI,45.489834,11.362271
Mussolente,mussolente,Veneto,Vicenza,VI,45.778952,11.801272
Nanto,nanto,Veneto,Vicenza,VI,45.421995,11.605006
Nogarole Vicentino,nogarole vicentino,Veneto,Vicenza,VI,45.55936,11.28843
Nove,nove,Veneto,Vicenza,VI,45.725675,11.680058
Noventa Vicentina,noventa vicentina,Veneto,Vicenza,VI,45.290628,11.539884
Orgiano,orgiano,Veneto,Vicenza,VI,45.351043,11.466029
Pedemonte,pedemonte,Veneto,Vicenza,VI,45.503234,10.91872
Pianezze,pianezze,Veneto,Vicenza,VI,45.739997,11.626747
Piovene Rocchette,piovene rocchette,Veneto,Vicenza,VI,45.758826,11.430127
Pojana Maggiore,pojana maggiore,Veneto,Vicenza,VI,45.291381,11.501347
Posina,posina,Veneto,Vicenza,VI,45.791088,11.262517
Pove del Grappa,pove del grappa,Veneto,Vicenza,VI,45.799117,11.729102
Pozzoleone,pozzoleone,Veneto,Vicenza,VI,45.648956,11.67909
Quinto Vicentino,quinto vicentino,Veneto,Vicenza,VI,45.573798,11.627719
Recoaro Terme,recoaro terme,Veneto,Vicenza,VI,45.705171,11.224935
Roana,roana,Veneto,Vicenza,VI,45.875619,11.462687
Romano d'Ezzelino,romano d'ezzelino,Veneto,Vicenza,VI,45.796237,11.758391
Rosà,rosa,Veneto,Vicenza,VI,45.724416,11.762686
Rossano Veneto,rossano veneto,Veneto,Vicenza,VI,45.705273,11.799787
Rotzo,rotzo,Veneto,Vicenza,VI,45.863467,11.399382
Salcedo,salcedo,Veneto,Vicenza,VI,45.75878,11.564978
Sandrigo,sandrigo,Veneto,Vicenza,VI,45.660608,11.602928
San Pietro Mussolino,san pietro mussolino,Veneto,Vicenza,VI,45.586304,11.256077
Santorso,santorso,Veneto,Vicenza,VI,45.737299,11.390321
San Vito di Leguzzano,san vito di leguzzano,Veneto,Vicenza,VI,45.681552,11.37629
Sarcedo,sarcedo,Veneto,Vicenza,VI,45.707921,11.526038
Sarego,sarego,Veneto,Vicenza,VI,45.408121,11.405559
Schiavon,schiavon,Veneto,Vicenza,VI,45.697709,11.644283
Schio,schio,Veneto,Vicenza,VI,45.711351,11.355359
Solagna,solagna,Veneto,Vicenza,VI,45.816721,11.71817
Sossano,sossano,Veneto,Vicenza,VI,45.358777,11.510029
Sovizzo,sovizzo,Veneto,Vicenza,VI,45.528028,11.445634
Tezze sul Brenta,tezze sul brenta,Veneto,Vicenza,VI,45.686178,11.704184
Thiene,thiene,Veneto,Vicenza,VI,45.705767,11.480256
Tonezza del Cimone,tonezza del cimone,Veneto,Vicenza,VI,45.85719,11.346038
Torrebelvicino,torrebelvicino,Veneto,Vicenza,VI,45.718939,11.308834
Torri di Quartesolo,torri di quartesolo,Veneto,Vicenza,VI,45.519266,11.61712
Trissino,trissino,Veneto,Vicenza,VI,45.564041,11.374852
Valdagno,valdagno,Veneto,Vicenza,VI,45.641321,11.30406
Valdastico,valdastico,Veneto,Vicenza,VI,45.882447,11.344561
Valli del Pasubio,valli del pasubio,Veneto,Vicenza,VI,45.740774,11.262167
Velo d'Astico,velo d'astico,Veneto,Vicenza,VI,45.788399,11.36769
Vicenza,vicenza,Veneto,Vicenza,VI,45.634859,11.406354
Villaga,villaga,Veneto,Vicenza,VI,45.402477,11.53372
Villaverla,villaverla,Veneto,Vicenza,VI,45.65121,11.494074
Zanè,zane,Veneto,Vicenza,VI,45.720119,11.460827
Zermeghedo,zermeghedo,Veneto,Vicenza,VI,45.474991,11.369496
Zovencedo,zovencedo,Veneto,Vicenza,VI,45.428491,11.503199
Zugliano,zugliano,Veneto,Vicenza,VI,45.733953,11.524736
Val Liona,val liona,Veneto,Vicenza,VI,45.410202,11.472079
Barbarano Mossano,barbarano mossano,Veneto,Vicenza,VI,45.408342,11.567659
Valbrenta,valbrenta,Veneto,Vicenza,VI,45.881372,11.701764
Colceresa,colceresa,Veneto,Vicenza,VI,45.718116,11.607036
Lusiana Conco,lusiana conco,Veneto,Vicenza,VI,45.808073,11.587935
Agordo,agordo,Veneto,Belluno,BL,46.282147,12.034981
Alano di Piave,alano di piave,Veneto,Belluno,BL,45.907803,11.908195
Alleghe,alleghe,Veneto,Belluno,BL,46.406637,12.021464
Arsiè,arsie,Veneto,Belluno,BL,45.983519,11.75778
Auronzo di Cadore,auronzo di cadore,Veneto,Belluno,BL,46.551169,12.443206
Belluno,belluno,Veneto,Belluno,BL,46.280541,12.078914
Borca di Cadore,borca di cadore,Veneto,Belluno,BL,46.436423,12.219598
Calalzo di Cadore,calalzo di cadore,Veneto,Belluno,BL,46.446715,12.380385
Cencenighe Agordino,cencenighe agordino,Veneto,Belluno,BL,46.352309,11.967348
Cesiomaggiore,cesiomaggiore,Veneto,Belluno,BL,46.088816,11.987639
Chies d'Alpago,chies d'alpago,Veneto,Belluno,BL,46.165328,12.392472
Cibiana di Cadore,cibiana di cadore,Veneto,Belluno,BL,46.391613,12.2908
Colle Santa Lucia,colle santa lucia,Veneto,Belluno,BL,46.447046,12.014025
Comelico Superiore,comelico superiore,Veneto,Belluno,BL,46.626931,12.469051
Cortina d'Ampezzo,cortina d'ampezzo,Veneto,Belluno,BL,46.538333,12.137351
Danta di Cadore,danta di cadore,Veneto,Belluno,BL,46.566029,12.517302
Domegge di Cadore,domegge di cadore,Veneto,Belluno,BL,46.460376,12.415824
Falcade,falcade,Veneto,Belluno,BL,46.358029,11.872136
Feltre,feltre,Veneto,Belluno,BL,46.016376,11.906254
Fonzaso,fonzaso,Veneto,Belluno,BL,46.017903,11.799754
Canale d'Agordo,canale d'agordo,Veneto,Belluno,BL,46.360668,11.914832
Gosaldo,gosaldo,Veneto,Belluno,BL,46.212841,11.974516
Lamon,lamon,Veneto,Belluno,BL,46.047151,11.748632
La Valle Agordina,la valle agordina,Veneto,Belluno,BL,46.282273,12.06951
Limana,limana,Veneto,Belluno,BL,46.102814,12.186303
Livinallongo del Col di Lana,livinallongo del col di lana,Veneto,Belluno,BL,46.506634,11.936812
Lorenzago di Cadore,lorenzago di cadore,Veneto,Belluno,BL,46.479626,12.459403
Lozzo di Cadore,lozzo di cadore,Veneto,Belluno,BL,46.484572,12.443341
Ospitale di Cadore,ospitale di cadore,Veneto,Belluno,BL,46.330524,12.322888
Pedavena,pedavena,Veneto,Belluno,BL,46.039624,11.880433
Perarolo di Cadore,perarolo di cadore,Veneto,Belluno,BL,46.397031,12.35555
Pieve di Cadore,pieve di cadore,Veneto,Belluno,BL,46.428709,12.375297
Ponte nelle Alpi,ponte nelle alpi,Veneto,Belluno,BL,46.16178,12.298805
Rivamonte Agordino,rivamonte agordino,Veneto,Belluno,BL,46.251887,12.023608
Rocca Pietore,rocca pietore,Veneto,Belluno,BL,46.433868,11.977162
San Gregorio nelle Alpi,san gregorio nelle alpi,Veneto,Belluno,BL,46.103065,12.025584
San Nicolò di Comelico,san nicolo di comelico,Veneto,Belluno,BL,46.582529,12.527302
San Pietro di Cadore,san pietro di cadore,Veneto,Belluno,BL,46.571176,12.586118
Santa Giustina,santa giustina,Veneto,Belluno,BL,46.083884,12.043238
San Tomaso Agordino,san tomaso agordino,Veneto,Belluno,BL,46.388481,11.972806
Santo Stefano di Cadore,santo stefano di cadore,Veneto,Belluno,BL,46.557938,12.549142
San Vito di Cadore,san vito di cadore,Veneto,Belluno,BL,46.458966,12.205742
Sedico,sedico,Veneto,Belluno,BL,46.11098,12.097154
Selva di Cadore,selva di cadore,Veneto,Belluno,BL,46.451386,12.034525
Seren del Grappa,seren del grappa,Veneto,Belluno,BL,45.989755,11.8449
Sospirolo,sospirolo,Veneto,Belluno,BL,46.142372,12.074176
Soverzene,soverzene,Veneto,Belluno,BL,46.203575,12.303055
Sovramonte,sovramonte,Veneto,Belluno,BL,46.056824,11.788162
Taibon Agordino,taibon agordino,Veneto,Belluno,BL,46.298782,12.012654
Tambre,tambre,Veneto,Belluno,BL,46.129473,12.422713
Vallada Agordina,vallada agordina,Veneto,Belluno,BL,46.375603,11.936955
Valle di Cadore,valle di cadore,Veneto,Belluno,BL,46.417356,12.331983
Vigo di Cadore,vigo di cadore,Veneto,Belluno,BL,46.500273,12.472522
Vodo Cadore,vodo cadore,Veneto,Belluno,BL,46.420006,12.246864
Voltago Agordino,voltago agordino,Veneto,Belluno,BL,46.272016,12.005196
Zoppè di Cadore,zoppe di cadore,Veneto,Belluno,BL,46.386081,12.17394
Quero Vas,quero vas,Veneto,Belluno,BL,45.954615,11.913206
Longarone,longarone,Veneto,Belluno,BL,46.265786,12.299937
Alpago,alpago,Veneto,Belluno,BL,46.130668,12.354894
Val di Zoldo,val di zoldo,Veneto,Belluno,BL,46.342294,12.156312
Borgo Valbelluna,borgo valbelluna,Veneto,Belluno,BL,46.061795,12.079349
Altivole,altivole,Veneto,Treviso,TV,45.754003,11.955362
Arcade,arcade,Veneto,Treviso,TV,45.785053,12.219408
Asolo,asolo,Veneto,Treviso,TV,45.800726,11.914244
Borso del Grappa,borso del grappa,Veneto,Treviso,TV,45.821025,11.799316
Breda di Piave,breda di piave,Veneto,Treviso,TV,45.723727,12.331235
Caerano di San Marco,caerano di san marco,Veneto,Treviso,TV,45.78591,12.001038
Cappella Maggiore,cappella maggiore,Veneto,Treviso,TV,45.96954,12.361669
Carbonera,carbonera,Veneto,Treviso,TV,45.684838,12.285944
Casale sul Sile,casale sul sile,Veneto,Treviso,TV,45.597766,12.325734
Casier,casier,Veneto,Treviso,TV,45.628336,12.26516
Castelcucco,castelcucco,Veneto,Treviso,TV,45.833324,11.883969
Castelfranco Veneto,castelfranco veneto,Veneto,Treviso,TV,45.672811,11.925245
Castello di Godego,castello di godego,Veneto,Treviso,TV,45.69238,11.881044
Cavaso del Tomba,cavaso del tomba,Veneto,Treviso,TV,45.8584,11.90898
Cessalto,cessalto,Veneto,Treviso,TV,45.712596,12.612314
Chiarano,chiarano,Veneto,Treviso,TV,45.730041,12.581279
Cimadolmo,cimadolmo,Veneto,Treviso,TV,45.787138,12.361633
Cison di Valmarino,cison di valmarino,Veneto,Treviso,TV,45.969987,12.143137
Codognè,codogne,Veneto,Treviso,TV,45.866795,12.433908
Colle Umberto,colle umberto,Veneto,Treviso,TV,45.940984,12.340972
Conegliano,conegliano,Veneto,Treviso,TV,45.886217,12.297757
Cordignano,cordignano,Veneto,Treviso,TV,45.94897,12.41602
Cornuda,cornuda,Veneto,Treviso,TV,45.831731,12.007666
Crocetta del Montello,crocetta del montello,Veneto,Treviso,TV,45.833996,12.032327
Farra di Soligo,farra di soligo,Veneto,Treviso,TV,45.905381,12.12543
Follina,follina,Veneto,Treviso,TV,45.953073,12.118137
Fontanelle,fontanelle,Veneto,Treviso,TV,45.831333,12.467546
Fonte,fonte,Veneto,Treviso,TV,45.787158,11.867507
Fregona,fregona,Veneto,Treviso,TV,46.000218,12.338962
Gaiarine,gaiarine,Veneto,Treviso,TV,45.880504,12.481591
Giavera del Montello,giavera del montello,Veneto,Treviso,TV,45.793974,12.169567
Godega di Sant'Urbano,godega di sant'urbano,Veneto,Treviso,TV,45.929848,12.39811
Gorgo al Monticano,gorgo al monticano,Veneto,Treviso,TV,45.786953,12.55042
Istrana,istrana,Veneto,Treviso,TV,45.678616,12.099794
Loria,loria,Veneto,Treviso,TV,45.728424,11.865585
Mansuè,mansue,Veneto,Treviso,TV,45.82239,12.537712
Mareno di Piave,mareno di piave,Veneto,Treviso,TV,45.840856,12.351255
Maser,maser,Veneto,Treviso,TV,45.807541,11.972487
Maserada sul Piave,maserada sul piave,Veneto,Treviso,TV,45.749411,12.319333
Meduna di Livenza,meduna di livenza,Veneto,Treviso,TV,45.806443,12.612685
Miane,miane,Veneto,Treviso,TV,45.944321,12.093856
Mogliano Veneto,mogliano veneto,Veneto,Treviso,TV,45.561289,12.237697
Monastier di Treviso,monastier di treviso,Veneto,Treviso,TV,45.650076,12.43377
Monfumo,monfumo,Veneto,Treviso,TV,45.830373,11.921118
Montebelluna,montebelluna,Veneto,Treviso,TV,45.775996,12.045065
Morgano,morgano,Veneto,Treviso,TV,45.643398,12.112628
Moriago della Battaglia,moriago della battaglia,Veneto,Treviso,TV,45.867358,12.103767
Motta di Livenza,motta di livenza,Veneto,Treviso,TV,45.77663,12.610548
Nervesa della Battaglia,nervesa della battaglia,Veneto,Treviso,TV,45.825368,12.209202
Oderzo,oderzo,Veneto,Treviso,TV,45.783371,12.493778
Ormelle,ormelle,Veneto,Treviso,TV,45.779103,12.420337
Orsago,orsago,Veneto,Treviso,TV,45.930861,12.423587
Paese,paese,Veneto,Treviso,TV,45.672731,12.153611
Pederobba,pederobba,Veneto,Treviso,TV,45.86952,11.969551
Pieve di Soligo,pieve di soligo,Veneto,Treviso,TV,45.899761,12.173081
Ponte di Piave,ponte di piave,Veneto,Treviso,TV,45.716153,12.465227
Ponzano Veneto,ponzano veneto,Veneto,Treviso,TV,45.723851,12.194218
Portobuffolè,portobuffole,Veneto,Treviso,TV,45.853838,12.538337
Possagno,possagno,Veneto,Treviso,TV,45.854879,11.88157
Povegliano,povegliano,Veneto,Treviso,TV,45.759192,12.2085
Preganziol,preganziol,Veneto,Treviso,TV,45.60253,12.235314
Quinto di Treviso,quinto di treviso,Veneto,Treviso,TV,45.64201,12.149845
Refrontolo,refrontolo,Veneto,Treviso,TV,45.924858,12.20783
Resana,resana,Veneto,Treviso,TV,45.634024,11.955293
Revine Lago,revine lago,Veneto,Treviso,TV,46.001033,12.225549
Riese Pio X,riese pio x,Veneto,Treviso,TV,45.729222,11.917005
Roncade,roncade,Veneto,Treviso,TV,45.627908,12.37478
Salgareda,salgareda,Veneto,Treviso,TV,45.704123,12.492587
San Biagio di Callalta,san biagio di callalta,Veneto,Treviso,TV,45.684872,12.377347
San Fior,san fior,Veneto,Treviso,TV,45.920753,12.358151
San Pietro di Feletto,san pietro di feletto,Veneto,Treviso,TV,45.908889,12.240595
San Polo di Piave,san polo di piave,Veneto,Treviso,TV,45.790108,12.394775
Santa Lucia di Piave,santa lucia di piave,Veneto,Treviso,TV,45.849186,12.284264
San Vendemiano,san vendemiano,Veneto,Treviso,TV,45.890746,12.333844
San Zenone degli Ezzelini,san zenone degli ezzelini,Veneto,Treviso,TV,45.778944,11.840513
Sarmede,sarmede,Veneto,Treviso,TV,45.978878,12.386088
Segusino,segusino,Veneto,Treviso,TV,45.916678,11.953895
Sernaglia della Battaglia,sernaglia della battaglia,Veneto,Treviso,TV,45.874731,12.133162
Silea,silea,Veneto,Treviso,TV,45.65335,12.296098
Spresiano,spresiano,Veneto,Treviso,TV,45.780391,12.259346
Susegana,susegana,Veneto,Treviso,TV,45.850913,12.250013
Tarzo,tarzo,Veneto,Treviso,TV,45.973522,12.23161
Trevignano,trevignano,Veneto,Treviso,TV,45.733501,12.094016
Treviso,treviso,Veneto,Treviso,TV,45.806691,12.206316
Valdobbiadene,valdobbiadene,Veneto,Treviso,TV,45.901413,11.995512
Vazzola,vazzola,Veneto,Treviso,TV,45.837767,12.384064
Vedelago,vedelago,Veneto,Treviso,TV,45.686695,12.018037
Vidor,vidor,Veneto,Treviso,TV,45.861641,12.038749
Villorba,villorba,Veneto,Treviso,TV,45.729249,12.256246
Vittorio Veneto,vittorio veneto,Veneto,Treviso,TV,45.989665,12.296436
Volpago del Montello,volpago del montello,Veneto,Treviso,TV,45.778058,12.119815
Zenson di Piave,zenson di piave,Veneto,Treviso,TV,45.678973,12.492099
Zero Branco,zero branco,Veneto,Treviso,TV,45.601701,12.165212
Pieve del Grappa,pieve del grappa,Veneto,Treviso,TV,45.827223,11.838844
Annone Veneto,annone veneto,Veneto,Venezia,VE,45.79551,12.68422
Campagna Lupia,campagna lupia,Veneto,Venezia,VE,45.354994,12.096814
Campolongo Maggiore,campolongo maggiore,Veneto,Venezia,VE,45.330536,12.048313
Camponogara,camponogara,Veneto,Venezia,VE,45.385068,12.072122
Caorle,caorle,Veneto,Venezia,VE,45.599004,12.888008
Cavarzere,cavarzere,Veneto,Venezia,VE,45.136099,12.081285
Ceggia,ceggia,Veneto,Venezia,VE,45.686437,12.637529
Chioggia,chioggia,Veneto,Venezia,VE,45.218894,12.27858
Cinto Caomaggiore,cinto caomaggiore,Veneto,Venezia,VE,45.825893,12.785572
Cona,cona,Veneto,Venezia,VE,45.180071,12.078695
Concordia Sagittaria,concordia sagittaria,Veneto,Venezia,VE,45.756104,12.844956
Dolo,dolo,Veneto,Venezia,VE,45.424996,12.076313
Eraclea,eraclea,Veneto,Venezia,VE,45.577034,12.673818
Fiesso d'Artico,fiesso d'artico,Veneto,Venezia,VE,45.417348,12.033181
Fossalta di Piave,fossalta di piave,Veneto,Venezia,VE,45.645747,12.513256
Fossalta di Portogruaro,fossalta di portogruaro,Veneto,Venezia,VE,45.791747,12.909023
Fossò,fosso,Veneto,Venezia,VE,45.38565,12.048577
Gruaro,gruaro,Veneto,Venezia,VE,45.833496,12.843709
Jesolo,jesolo,Veneto,Venezia,VE,45.536709,12.638334
Marcon,marcon,Veneto,Venezia,VE,45.554328,12.299382
Martellago,martellago,Veneto,Venezia,VE,45.546645,12.157678
Meolo,meolo,Veneto,Venezia,VE,45.619429,12.453057
Mira,mira,Veneto,Venezia,VE,45.437774,12.132805
Mirano,mirano,Veneto,Venezia,VE,45.49277,12.109877
Musile di Piave,musile di piave,Veneto,Venezia,VE,45.617359,12.561887
Noale,noale,Veneto,Venezia,VE,45.550123,12.072088
Noventa di Piave,noventa di piave,Veneto,Venezia,VE,45.661888,12.529942
Pianiga,pianiga,Veneto,Venezia,VE,45.456096,12.030173
Portogruaro,portogruaro,Veneto,Venezia,VE,45.775598,12.837457
Pramaggiore,pramaggiore,Veneto,Venezia,VE,45.814565,12.738813
Quarto d'Altino,quarto d'altino,Veneto,Venezia,VE,45.580451,12.3705
Salzano,salzano,Veneto,Venezia,VE,45.521344,12.10637
San Donà di Piave,san dona di piave,Veneto,Venezia,VE,45.629481,12.564106
San Michele al Tagliamento,san michele al tagliamento,Veneto,Venezia,VE,45.763918,12.995425
Santa Maria di Sala,santa maria di sala,Veneto,Venezia,VE,45.505036,12.033868
San Stino di Livenza,san stino di livenza,Veneto,Venezia,VE,45.731078,12.680008
Scorzè,scorze,Veneto,Venezia,VE,45.571354,12.108383
Spinea,spinea,Veneto,Venezia,VE,45.49116,12.165018
Stra,stra,Veneto,Venezia,VE,45.416845,12.002304
Teglio Veneto,teglio veneto,Veneto,Venezia,VE,45.817512,12.885024
Torre di Mosto,torre di mosto,Veneto,Venezia,VE,45.690543,12.71042
Venezia,venezia,Veneto,Venezia,VE,45.437191,12.33459
Vigonovo,vigonovo,Veneto,Venezia,VE,45.387011,12.007514
Cavallino-Treporti,cavallino-treporti,Veneto,Venezia,VE,45.479217,12.515257
Abano Terme,abano terme,Veneto,Padova,PD,45.360314,11.789783
Agna,agna,Veneto,Padova,PD,45.170164,11.960731
Albignasego,albignasego,Veneto,Padova,PD,45.347492,11.867209
Anguillara Veneta,anguillara veneta,Veneto,Padova,PD,45.139355,11.887746
Arquà Petrarca,arqua petrarca,Veneto,Padova,PD,45.270044,11.716515
Arre,arre,Veneto,Padova,PD,45.216319,11.930495
Arzergrande,arzergrande,Veneto,Padova,PD,45.27286,12.053944
Bagnoli di Sopra,bagnoli di sopra,Veneto,Padova,PD,45.184841,11.883486
Baone,baone,Veneto,Padova,PD,45.243863,11.687946
Barbona,barbona,Veneto,Padova,PD,45.111681,11.682407
Battaglia Terme,battaglia terme,Veneto,Padova,PD,45.288143,11.781834
Boara Pisani,boara pisani,Veneto,Padova,PD,45.108085,11.782711
Borgoricco,borgoricco,Veneto,Padova,PD,45.533561,11.965879
Bovolenta,bovolenta,Veneto,Padova,PD,45.270375,11.935086
Brugine,brugine,Veneto,Padova,PD,45.296592,11.995113
Cadoneghe,cadoneghe,Veneto,Padova,PD,45.458648,11.920175
Campodarsego,campodarsego,Veneto,Padova,PD,45.502855,11.907496
Campodoro,campodoro,Veneto,Padova,PD,45.490294,11.752004
Camposampiero,camposampiero,Veneto,Padova,PD,45.57176,11.931929
Campo San Martino,campo san martino,Veneto,Padova,PD,45.544396,11.810404
Candiana,candiana,Veneto,Padova,PD,45.22109,11.989114
Carceri,carceri,Veneto,Padova,PD,45.195001,11.620841
Carmignano di Brenta,carmignano di brenta,Veneto,Padova,PD,45.628771,11.699861
Cartura,cartura,Veneto,Padova,PD,45.26839,11.85681
Casale di Scodosia,casale di scodosia,Veneto,Padova,PD,45.187494,11.468636
Casalserugo,casalserugo,Veneto,Padova,PD,45.316226,11.913545
Castelbaldo,castelbaldo,Veneto,Padova,PD,45.121172,11.453502
Cervarese Santa Croce,cervarese santa croce,Veneto,Padova,PD,45.424392,11.687904
Cinto Euganeo,cinto euganeo,Veneto,Padova,PD,45.289467,11.672376
Cittadella,cittadella,Veneto,Padova,PD,45.648794,11.78358
Codevigo,codevigo,Veneto,Padova,PD,45.267352,12.101301
Conselve,conselve,Veneto,Padova,PD,45.233744,11.874013
Correzzola,correzzola,Veneto,Padova,PD,45.235382,12.067762
Curtarolo,curtarolo,Veneto,Padova,PD,45.522255,11.832017
Este,este,Veneto,Padova,PD,45.224007,11.659796
Fontaniva,fontaniva,Veneto,Padova,PD,45.637629,11.752198
Galliera Veneta,galliera veneta,Veneto,Padova,PD,45.66284,11.828488
Galzignano Terme,galzignano terme,Veneto,Padova,PD,45.306808,11.733968
Gazzo,gazzo,Veneto,Padova,PD,45581.0,11.706548
Grantorto,grantorto,Veneto,Padova,PD,45.600775,11.730956
Granze,granze,Veneto,Padova,PD,45.154289,11.713485
Legnaro,legnaro,Veneto,Padova,PD,45.345648,11.963935
Limena,limena,Veneto,Padova,PD,45.474376,11.844933
Loreggia,loreggia,Veneto,Padova,PD,45.594524,11.944612
Lozzo Atestino,lozzo atestino,Veneto,Padova,PD,45.290918,11.630411
Maserà di Padova,masera di padova,Veneto,Padova,PD,45.320711,11.870985
Masi,masi,Veneto,Padova,PD,45.108819,11.491912
Massanzago,massanzago,Veneto,Padova,PD,45.555512,12.007434
Megliadino San Vitale,megliadino san vitale,Veneto,Padova,PD,45.19214,11.524237
Merlara,merlara,Veneto,Padova,PD,45.167068,11.441878
Mestrino,mestrino,Veneto,Padova,PD,45.442758,11.758254
Monselice,monselice,Veneto,Padova,PD,45.241768,11.750853
Montagnana,montagnana,Veneto,Padova,PD,45.233321,11.465778
Montegrotto Terme,montegrotto terme,Veneto,Padova,PD,45.331491,11.791208
Noventa Padovana,noventa padovana,Veneto,Padova,PD,45.414232,11.9508
Ospedaletto Euganeo,ospedaletto euganeo,Veneto,Padova,PD,45.222695,11.610901
Padova,padova,Veneto,Padova,PD,45.407717,11.873446
Pernumia,pernumia,Veneto,Padova,PD,45.258989,11.787209
Piacenza d'Adige,piacenza d'adige,Veneto,Padova,PD,45.127462,11.547701
Piazzola sul Brenta,piazzola sul brenta,Veneto,Padova,PD,45.541496,11.784404
Piombino Dese,piombino dese,Veneto,Padova,PD,45.60752,11.999415
Piove di Sacco,piove di sacco,Veneto,Padova,PD,45.297692,12.036814
Polverara,polverara,Veneto,Padova,PD,45.309392,11.956012
Ponso,ponso,Veneto,Padova,PD,45.195057,11.588255
Pontelongo,pontelongo,Veneto,Padova,PD,45.245489,12.025183
Ponte San Nicolò,ponte san nicolo,Veneto,Padova,PD,45.365239,11.93727
Pozzonovo,pozzonovo,Veneto,Padova,PD,45.196597,11.79265
Rovolon,rovolon,Veneto,Padova,PD,45.378027,11.644403
Rubano,rubano,Veneto,Padova,PD,45.428729,11.788274
Saccolongo,saccolongo,Veneto,Padova,PD,45.403105,11.747553
San Giorgio delle Pertiche,san giorgio delle pertiche,Veneto,Padova,PD,45.54167,11.911237
San Giorgio in Bosco,san giorgio in bosco,Veneto,Padova,PD,45.591851,11.805959
San Martino di Lupari,san martino di lupari,Veneto,Padova,PD,45.648659,11.85698
San Pietro in Gu,san pietro in gu,Veneto,Padova,PD,45.614086,11.669394
San Pietro Viminario,san pietro viminario,Veneto,Padova,PD,45.245244,11.818641
Santa Giustina in Colle,santa giustina in colle,Veneto,Padova,PD,45.563698,11.906406
Sant'Angelo di Piove di Sacco,sant'angelo di piove di sacco,Veneto,Padova,PD,45.345315,12.007022
Sant'Elena,sant'elena,Veneto,Padova,PD,45.187341,11.71205
Sant'Urbano,sant'urbano,Veneto,Padova,PD,45.13305,11.635956
Saonara,saonara,Veneto,Padova,PD,45.370221,11.984066
Selvazzano Dentro,selvazzano dentro,Veneto,Padova,PD,45.38979,11.785892
Solesino,solesino,Veneto,Padova,PD,45.177332,11.743372
Stanghella,stanghella,Veneto,Padova,PD,45.134624,11.756048
Teolo,teolo,Veneto,Padova,PD,45.365421,11.688606
Terrassa Padovana,terrassa padovana,Veneto,Padova,PD,45.245268,11.903381
Tombolo,tombolo,Veneto,Padova,PD,45.647028,11.830422
Torreglia,torreglia,Veneto,Padova,PD,45.335667,11.73364
Trebaseleghe,trebaseleghe,Veneto,Padova,PD,45.591812,12.050999
Tribano,tribano,Veneto,Padova,PD,45.21001,11.832142
Urbana,urbana,Veneto,Padova,PD,45.194131,11.445349
Veggiano,veggiano,Veneto,Padova,PD,45.448322,11.710822
Vescovana,vescovana,Veneto,Padova,PD,45.134514,11.708435
Vighizzolo d'Este,vighizzolo d'este,Veneto,Padova,PD,45.177003,11.625568
Vigodarzere,vigodarzere,Veneto,Padova,PD,45.458193,11.882864
Vigonza,vigonza,Veneto,Padova,PD,45.442954,11.983149
Villa del Conte,villa del conte,Veneto,Padova,PD,45.586598,11.859005
Villa Estense,villa estense,Veneto,Padova,PD,45.172108,11.666979
Villafranca Padovana,villafranca padovana,Veneto,Padova,PD,45.494851,11.797524
Villanova di Camposampiero,villanova di camposampiero,Veneto,Padova,PD,45.490456,11.97302
Vo',vo',Veneto,Padova,PD,45.328899,11.641735
Due Carrare,due carrare,Veneto,Padova,PD,45.290505,11.821753
Borgo Veneto,borgo veneto,Veneto,Padova,PD,45.213452,11.541421
Adria,adria,Veneto,Rovigo,RO,45.053123,12.0572
Ariano nel Polesine,ariano nel polesine,Veneto,Rovigo,RO,44.946084,12.124922
Arquà Polesine,arqua polesine,Veneto,Rovigo,RO,45.010388,11.740941
Badia Polesine,badia polesine,Veneto,Rovigo,RO,45.094056,11.493462
Bagnolo di Po,bagnolo di po,Veneto,Rovigo,RO,45.016008,11.501192
Bergantino,bergantino,Veneto,Rovigo,RO,45.060169,11.2529
Bosaro,bosaro,Veneto,Rovigo,RO,45.0008,11.766536
Calto,calto,Veneto,Rovigo,RO,44.991498,11.356471
Canaro,canaro,Veneto,Rovigo,RO,44.935472,11.676738
Canda,canda,Veneto,Rovigo,RO,45.034356,11.505648
Castelguglielmo,castelguglielmo,Veneto,Rovigo,RO,45.025181,11.537334
Castelmassa,castelmassa,Veneto,Rovigo,RO,45.016852,11.310498
Castelnovo Bariano,castelnovo bariano,Veneto,Rovigo,RO,45.027827,11.287445
Ceneselli,ceneselli,Veneto,Rovigo,RO,45.013695,11.369156
Ceregnano,ceregnano,Veneto,Rovigo,RO,45.049471,11.870854
Corbola,corbola,Veneto,Rovigo,RO,45.005685,12.07852
Costa di Rovigo,costa di rovigo,Veneto,Rovigo,RO,45.048688,11.694531
Crespino,crespino,Veneto,Rovigo,RO,44.982558,11.886188
Ficarolo,ficarolo,Veneto,Rovigo,RO,44.953799,11.435729
Fiesso Umbertiano,fiesso umbertiano,Veneto,Rovigo,RO,44.961184,11.604642
Frassinelle Polesine,frassinelle polesine,Veneto,Rovigo,RO,44.995182,11.698811
Fratta Polesine,fratta polesine,Veneto,Rovigo,RO,45.029282,11.64501
Gaiba,gaiba,Veneto,Rovigo,RO,44.946179,11.480207
Gavello,gavello,Veneto,Rovigo,RO,45.021915,11.914413
Giacciano con Baruchella,giacciano con baruchella,Veneto,Rovigo,RO,45.060423,11.433427
Guarda Veneta,guarda veneta,Veneto,Rovigo,RO,44.980399,11.802852
Lendinara,lendinara,Veneto,Rovigo,RO,45.083259,11.604164
Loreo,loreo,Veneto,Rovigo,RO,45.061995,12.188925
Lusia,lusia,Veneto,Rovigo,RO,45.100535,11.66278
Melara,melara,Veneto,Rovigo,RO,45.063185,11.198458
Occhiobello,occhiobello,Veneto,Rovigo,RO,44.92125,11.5814
Papozze,papozze,Veneto,Rovigo,RO,44.988248,12.031812
Pettorazza Grimani,pettorazza grimani,Veneto,Rovigo,RO,45.136088,11.986816
Pincara,pincara,Veneto,Rovigo,RO,44.991381,11.608809
Polesella,polesella,Veneto,Rovigo,RO,44.964082,11.750177
Pontecchio Polesine,pontecchio polesine,Veneto,Rovigo,RO,45.019111,11.811926
Porto Tolle,porto tolle,Veneto,Rovigo,RO,44.917713,12.402186
Rosolina,rosolina,Veneto,Rovigo,RO,45.075572,12.246084
Rovigo,rovigo,Veneto,Rovigo,RO,44.977206,12.27419
Salara,salara,Veneto,Rovigo,RO,44.982537,11.427149
San Bellino,san bellino,Veneto,Rovigo,RO,45.029552,11.589812
San Martino di Venezze,san martino di venezze,Veneto,Rovigo,RO,45.131203,11.868523
Stienta,stienta,Veneto,Rovigo,RO,44.937837,11.544413
Taglio di Po,taglio di po,Veneto,Rovigo,RO,45.005777,12.210798
Trecenta,trecenta,Veneto,Rovigo,RO,45.030944,11.460521
Villadose,villadose,Veneto,Rovigo,RO,45.068916,11.893738
Villamarzana,villamarzana,Veneto,Rovigo,RO,45.014404,11.693308
Villanova del Ghebbo,villanova del ghebbo,Veneto,Rovigo,RO,45.059183,11.639009
Villanova Marchesana,villanova marchesana,Veneto,Rovigo,RO,44.992284,11.964718
Porto Viro,porto viro,Veneto,Rovigo,RO,45.025311,12.225237
Aiello del Friuli,aiello del friuli,Friuli-Venezia Giulia,Udine,UD,45.872922,13.363628
Amaro,amaro,Friuli-Venezia Giulia,Udine,UD,46.374031,13.09536
Ampezzo,ampezzo,Friuli-Venezia Giulia,Udine,UD,46.417086,12.790274
Aquileia,aquileia,Friuli-Venezia Giulia,Udine,UD,45.769614,13.369798
Arta Terme,arta terme,Friuli-Venezia Giulia,Udine,UD,46.47238,13.026675
Artegna,artegna,Friuli-Venezia Giulia,Udine,UD,46.239096,13.155651
Attimis,attimis,Friuli-Venezia Giulia,Udine,UD,46.189326,13.307128
Bagnaria Arsa,bagnaria arsa,Friuli-Venezia Giulia,Udine,UD,45.88359,13.284961
Basiliano,basiliano,Friuli-Venezia Giulia,Udine,UD,46.016319,13.107126
Bertiolo,bertiolo,Friuli-Venezia Giulia,Udine,UD,45.942667,13.04918
Bicinicco,bicinicco,Friuli-Venezia Giulia,Udine,UD,45.935713,13.251166
Bordano,bordano,Friuli-Venezia Giulia,Udine,UD,46.315327,13.104621
Buja,buja,Friuli-Venezia Giulia,Udine,UD,46.206677,13.118557
Buttrio,buttrio,Friuli-Venezia Giulia,Udine,UD,46.010421,13.333831
Camino al Tagliamento,camino al tagliamento,Friuli-Venezia Giulia,Udine,UD,45.927016,12.945124
Campoformido,campoformido,Friuli-Venezia Giulia,Udine,UD,46.01932,13.162427
Carlino,carlino,Friuli-Venezia Giulia,Udine,UD,45.80225,13.188223
Cassacco,cassacco,Friuli-Venezia Giulia,Udine,UD,46.173595,13.187934
Castions di Strada,castions di strada,Friuli-Venezia Giulia,Udine,UD,45.908309,13.185337
Cavazzo Carnico,cavazzo carnico,Friuli-Venezia Giulia,Udine,UD,46.36749,13.039965
Cercivento,cercivento,Friuli-Venezia Giulia,Udine,UD,46.52727,12.989234
Cervignano del Friuli,cervignano del friuli,Friuli-Venezia Giulia,Udine,UD,45.822834,13.336382
Chiopris-Viscone,chiopris-viscone,Friuli-Venezia Giulia,Udine,UD,45.931403,13.38111
Chiusaforte,chiusaforte,Friuli-Venezia Giulia,Udine,UD,46.408334,13.309025
Cividale del Friuli,cividale del friuli,Friuli-Venezia Giulia,Udine,UD,46.093623,13.430328
Codroipo,codroipo,Friuli-Venezia Giulia,Udine,UD,45.961117,12.978952
Colloredo di Monte Albano,colloredo di monte albano,Friuli-Venezia Giulia,Udine,UD,46.166405,13.139017
Comeglians,comeglians,Friuli-Venezia Giulia,Udine,UD,46.515234,12.867804
Corno di Rosazzo,corno di rosazzo,Friuli-Venezia Giulia,Udine,UD,45.997061,13.441595
Coseano,coseano,Friuli-Venezia Giulia,Udine,UD,46.097007,13.019388
Dignano,dignano,Friuli-Venezia Giulia,Udine,UD,46.085028,12.939294
Dogna,dogna,Friuli-Venezia Giulia,Udine,UD,46.447932,13.315023
Drenchia,drenchia,Friuli-Venezia Giulia,Udine,UD,46.174173,13.636537
Enemonzo,enemonzo,Friuli-Venezia Giulia,Udine,UD,46.410902,12.878716
Faedis,faedis,Friuli-Venezia Giulia,Udine,UD,46.150325,13.346429
Fagagna,fagagna,Friuli-Venezia Giulia,Udine,UD,46.11344,13.084572
Flaibano,flaibano,Friuli-Venezia Giulia,Udine,UD,46.058333,12.983642
Forni Avoltri,forni avoltri,Friuli-Venezia Giulia,Udine,UD,46.586831,12.776908
Forni di Sopra,forni di sopra,Friuli-Venezia Giulia,Udine,UD,46.420227,12.585596
Forni di Sotto,forni di sotto,Friuli-Venezia Giulia,Udine,UD,46.395045,12.670226
Gemona del Friuli,gemona del friuli,Friuli-Venezia Giulia,Udine,UD,46.277007,13.140105
Gonars,gonars,Friuli-Venezia Giulia,Udine,UD,45.895917,13.237131
Grimacco,grimacco,Friuli-Venezia Giulia,Udine,UD,46.167449,13.581181
Latisana,latisana,Friuli-Venezia Giulia,Udine,UD,45.778488,12.996219
Lauco,lauco,Friuli-Venezia Giulia,Udine,UD,46.424042,12.933029
Lestizza,lestizza,Friuli-Venezia Giulia,Udine,UD,45.954947,13.141735
Lignano Sabbiadoro,lignano sabbiadoro,Friuli-Venezia Giulia,Udine,UD,45.689368,13.138566
Lusevera,lusevera,Friuli-Venezia Giulia,Udine,UD,46.275828,13.269325
Magnano in Riviera,magnano in riviera,Friuli-Venezia Giulia,Udine,UD,46.23133,13.176769
Majano,majano,Friuli-Venezia Giulia,Udine,UD,46.185205,13.068214
Malborghetto Valbruna,malborghetto valbruna,Friuli-Venezia Giulia,Udine,UD,46.497849,13.43315
Manzano,manzano,Friuli-Venezia Giulia,Udine,UD,45.990512,13.381504
Marano Lagunare,marano lagunare,Friuli-Venezia Giulia,Udine,UD,45.764993,13.167501
Martignacco,martignacco,Friuli-Venezia Giulia,Udine,UD,46.097922,13.136825
Mereto di Tomba,mereto di tomba,Friuli-Venezia Giulia,Udine,UD,46.049752,13.042751
Moggio Udinese,moggio udinese,Friuli-Venezia Giulia,Udine,UD,46.409703,13.195142
Moimacco,moimacco,Friuli-Venezia Giulia,Udine,UD,46.091324,13.377031
Montenars,montenars,Friuli-Venezia Giulia,Udine,UD,46.255026,13.178824
Mortegliano,mortegliano,Friuli-Venezia Giulia,Udine,UD,45.945806,13.172796
Moruzzo,moruzzo,Friuli-Venezia Giulia,Udine,UD,46.120241,13.123152
Muzzana del Turgnano,muzzana del turgnano,Friuli-Venezia Giulia,Udine,UD,45.818109,13.129263
Nimis,nimis,Friuli-Venezia Giulia,Udine,UD,46.200671,13.266254
Osoppo,osoppo,Friuli-Venezia Giulia,Udine,UD,46.255978,13.08086
Ovaro,ovaro,Friuli-Venezia Giulia,Udine,UD,46.482943,12.865389
Pagnacco,pagnacco,Friuli-Venezia Giulia,Udine,UD,46.12428,13.186975
Palazzolo dello Stella,palazzolo dello stella,Friuli-Venezia Giulia,Udine,UD,45.804827,13.079579
Palmanova,palmanova,Friuli-Venezia Giulia,Udine,UD,45.905464,13.309932
Paluzza,paluzza,Friuli-Venezia Giulia,Udine,UD,46.530815,13.018206
Pasian di Prato,pasian di prato,Friuli-Venezia Giulia,Udine,UD,46.048513,13.187597
Paularo,paularo,Friuli-Venezia Giulia,Udine,UD,46.530346,13.11656
Pavia di Udine,pavia di udine,Friuli-Venezia Giulia,Udine,UD,45.996317,13.304137
Pocenia,pocenia,Friuli-Venezia Giulia,Udine,UD,45.835515,13.100829
Pontebba,pontebba,Friuli-Venezia Giulia,Udine,UD,46.506531,13.306426
Porpetto,porpetto,Friuli-Venezia Giulia,Udine,UD,45.858174,13.217853
Povoletto,povoletto,Friuli-Venezia Giulia,Udine,UD,46.118179,13.298797
Pozzuolo del Friuli,pozzuolo del friuli,Friuli-Venezia Giulia,Udine,UD,45.986019,13.195029
Pradamano,pradamano,Friuli-Venezia Giulia,Udine,UD,46.033822,13.30263
Prato Carnico,prato carnico,Friuli-Venezia Giulia,Udine,UD,46.520705,12.809361
Precenicco,precenicco,Friuli-Venezia Giulia,Udine,UD,45.788913,13.077429
Premariacco,premariacco,Friuli-Venezia Giulia,Udine,UD,46.060687,13.394778
Preone,preone,Friuli-Venezia Giulia,Udine,UD,46.393684,12.866201
Prepotto,prepotto,Friuli-Venezia Giulia,Udine,UD,46.045723,13.479434
Pulfero,pulfero,Friuli-Venezia Giulia,Udine,UD,46.179275,13.477993
Ragogna,ragogna,Friuli-Venezia Giulia,Udine,UD,46.173522,12.98242
Ravascletto,ravascletto,Friuli-Venezia Giulia,Udine,UD,46.522936,12.922115
Raveo,raveo,Friuli-Venezia Giulia,Udine,UD,46.434428,12.871113
Reana del Rojale,reana del rojale,Friuli-Venezia Giulia,Udine,UD,46.145736,13.23512
Remanzacco,remanzacco,Friuli-Venezia Giulia,Udine,UD,46.085584,13.324322
Resia,resia,Friuli-Venezia Giulia,Udine,UD,46.347373,13.336066
Resiutta,resiutta,Friuli-Venezia Giulia,Udine,UD,46.393086,13.218578
Rigolato,rigolato,Friuli-Venezia Giulia,Udine,UD,46.552831,12.85211
Rive d'Arcano,rive d'arcano,Friuli-Venezia Giulia,Udine,UD,46.126065,13.031579
Ronchis,ronchis,Friuli-Venezia Giulia,Udine,UD,45.80661,12.997825
Ruda,ruda,Friuli-Venezia Giulia,Udine,UD,45.838231,13.40193
San Daniele del Friuli,san daniele del friuli,Friuli-Venezia Giulia,Udine,UD,46.153241,13.009034
San Giorgio di Nogaro,san giorgio di nogaro,Friuli-Venezia Giulia,Udine,UD,45.832024,13.211145
San Giovanni al Natisone,san giovanni al natisone,Friuli-Venezia Giulia,Udine,UD,45.97792,13.401081
San Leonardo,san leonardo,Friuli-Venezia Giulia,Udine,UD,46.127459,13.538374
San Pietro al Natisone,san pietro al natisone,Friuli-Venezia Giulia,Udine,UD,46.126725,13.485233
Santa Maria la Longa,santa maria la longa,Friuli-Venezia Giulia,Udine,UD,45.933052,13.288023
San Vito al Torre,san vito al torre,Friuli-Venezia Giulia,Udine,UD,45.895798,13.370587
San Vito di Fagagna,san vito di fagagna,Friuli-Venezia Giulia,Udine,UD,46.090621,13.067024
Sauris,sauris,Friuli-Venezia Giulia,Udine,UD,46.465366,12.708717
Savogna,savogna,Friuli-Venezia Giulia,Udine,UD,46.180223,13.552163
Sedegliano,sedegliano,Friuli-Venezia Giulia,Udine,UD,46.014371,12.97743
Socchieve,socchieve,Friuli-Venezia Giulia,Udine,UD,46.39707,12.848054
Stregna,stregna,Friuli-Venezia Giulia,Udine,UD,46.131549,13.603598
Sutrio,sutrio,Friuli-Venezia Giulia,Udine,UD,46.512002,12.990757
Taipana,taipana,Friuli-Venezia Giulia,Udine,UD,46.258683,13.345916
Talmassons,talmassons,Friuli-Venezia Giulia,Udine,UD,45.929558,13.117064
Tarcento,tarcento,Friuli-Venezia Giulia,Udine,UD,46.215273,13.221658
Tarvisio,tarvisio,Friuli-Venezia Giulia,Udine,UD,46.505262,13.578373
Tavagnacco,tavagnacco,Friuli-Venezia Giulia,Udine,UD,46.127394,13.2141
Terzo d'Aquileia,terzo d'aquileia,Friuli-Venezia Giulia,Udine,UD,45.800855,13.345754
Tolmezzo,tolmezzo,Friuli-Venezia Giulia,Udine,UD,46.429503,13.056167
Torreano,torreano,Friuli-Venezia Giulia,Udine,UD,46.128525,13.431132
Torviscosa,torviscosa,Friuli-Venezia Giulia,Udine,UD,45.822216,13.276933
Trasaghis,trasaghis,Friuli-Venezia Giulia,Udine,UD,46.28218,13.075445
Treppo Grande,treppo grande,Friuli-Venezia Giulia,Udine,UD,46.190624,13.158124
Tricesimo,tricesimo,Friuli-Venezia Giulia,Udine,UD,46.160562,13.212536
Trivignano Udinese,trivignano udinese,Friuli-Venezia Giulia,Udine,UD,45.943415,13.340641
Udine,udine,Friuli-Venezia Giulia,Udine,UD,46.063463,13.235838
Varmo,varmo,Friuli-Venezia Giulia,Udine,UD,45.887015,12.987726
Venzone,venzone,Friuli-Venezia Giulia,Udine,UD,46.333676,13.1394
Verzegnis,verzegnis,Friuli-Venezia Giulia,Udine,UD,46.385147,12.987202
Villa Santina,villa santina,Friuli-Venezia Giulia,Udine,UD,46.414096,12.920748
Visco,visco,Friuli-Venezia Giulia,Udine,UD,45.892172,13.346861
Zuglio,zuglio,Friuli-Venezia Giulia,Udine,UD,46.461796,13.02604
Forgaria nel Friuli,forgaria nel friuli,Friuli-Venezia Giulia,Udine,UD,46.222822,12.973486
Campolongo Tapogliano,campolongo tapogliano,Friuli-Venezia Giulia,Udine,UD,45.86849,13.403755
Rivignano Teor,rivignano teor,Friuli-Venezia Giulia,Udine,UD,45.8613,13.047569
Sappada,sappada,Friuli-Venezia Giulia,Udine,UD,46.567794,12.68638
Fiumicello Villa Vicentina,fiumicello villa vicentina,Friuli-Venezia Giulia,Udine,UD,45.783608,13.413019
Treppo Ligosullo,treppo ligosullo,Friuli-Venezia Giulia,Udine,UD,46.544332,13.058904
Capriva del Friuli,capriva del friuli,Friuli-Venezia Giulia,Gorizia,GO,45.941416,13.513629
Cormons,cormons,Friuli-Venezia Giulia,Gorizia,GO,45.957791,13.470954
Doberdò del Lago,doberdo del lago,Friuli-Venezia Giulia,Gorizia,GO,45.84463,13.540142
Dolegna del Collio,dolegna del collio,Friuli-Venezia Giulia,Gorizia,GO,46.031323,13.479335
Farra d'Isonzo,farra d'isonzo,Friuli-Venezia Giulia,Gorizia,GO,45.90802,13.516538
Fogliano Redipuglia,fogliano redipuglia,Friuli-Venezia Giulia,Gorizia,GO,45.856486,13.492933
Gorizia,gorizia,Friuli-Venezia Giulia,Gorizia,GO,45.944128,13.625229
Gradisca d'Isonzo,gradisca d'isonzo,Friuli-Venezia Giulia,Gorizia,GO,45.889551,13.500329
Grado,grado,Friuli-Venezia Giulia,Gorizia,GO,45.677692,13.386443
Mariano del Friuli,mariano del friuli,Friuli-Venezia Giulia,Gorizia,GO,45.916061,13.458748
Medea,medea,Friuli-Venezia Giulia,Gorizia,GO,45.917715,13.422532
Monfalcone,monfalcone,Friuli-Venezia Giulia,Gorizia,GO,45.804945,13.533059
Moraro,moraro,Friuli-Venezia Giulia,Gorizia,GO,45.930571,13.49653
Mossa,mossa,Friuli-Venezia Giulia,Gorizia,GO,45.938593,13.54824
Romans d'Isonzo,romans d'isonzo,Friuli-Venezia Giulia,Gorizia,GO,45.890606,13.438219
Ronchi dei Legionari,ronchi dei legionari,Friuli-Venezia Giulia,Gorizia,GO,45.827808,13.501845
Sagrado,sagrado,Friuli-Venezia Giulia,Gorizia,GO,45.875843,13.485523
San Canzian d'Isonzo,san canzian d'isonzo,Friuli-Venezia Giulia,Gorizia,GO,45.798617,13.466138
San Floriano del Collio,san floriano del collio,Friuli-Venezia Giulia,Gorizia,GO,45.983108,13.587083
San Lorenzo Isontino,san lorenzo isontino,Friuli-Venezia Giulia,Gorizia,GO,45.931217,13.528549
San Pier d'Isonzo,san pier d'isonzo,Friuli-Venezia Giulia,Gorizia,GO,45.846918,13.460137
Savogna d'Isonzo,savogna d'isonzo,Friuli-Venezia Giulia,Gorizia,GO,45.905882,13.574864
Staranzano,staranzano,Friuli-Venezia Giulia,Gorizia,GO,45.805821,13.50026
Turriaco,turriaco,Friuli-Venezia Giulia,Gorizia,GO,45.819981,13.446686
Villesse,villesse,Friuli-Venezia Giulia,Gorizia,GO,45.863908,13.44023
Duino Aurisina,duino aurisina,Friuli-Venezia Giulia,Trieste,TS,45.770377,13.675305
Monrupino,monrupino,Friuli-Venezia Giulia,Trieste,TS,45.717812,13.797445
Muggia,muggia,Friuli-Venezia Giulia,Trieste,TS,45.595848,13.782856
San Dorligo della Valle,san dorligo della valle,Friuli-Venezia Giulia,Trieste,TS,45.612602,13.853506
Sgonico,sgonico,Friuli-Venezia Giulia,Trieste,TS,45.736024,13.748245
Trieste,trieste,Friuli-Venezia Giulia,Trieste,TS,45.650481,13.793126
Andreis,andreis,Friuli-Venezia Giulia,Pordenone,PN,46.2005,12.61367
Arba,arba,Friuli-Venezia Giulia,Pordenone,PN,46.14498,12.7914
Aviano,aviano,Friuli-Venezia Giulia,Pordenone,PN,46.068544,12.589114
Azzano Decimo,azzano decimo,Friuli-Venezia Giulia,Pordenone,PN,45.88142,12.714314
Barcis,barcis,Friuli-Venezia Giulia,Pordenone,PN,46.190251,12.55821
Brugnera,brugnera,Friuli-Venezia Giulia,Pordenone,PN,45.90351,12.525989
Budoia,budoia,Friuli-Venezia Giulia,Pordenone,PN,46.042962,12.532586
Caneva,caneva,Friuli-Venezia Giulia,Pordenone,PN,45.968662,12.448097
Casarsa della Delizia,casarsa della delizia,Friuli-Venezia Giulia,Pordenone,PN,45.955937,12.842693
Castelnovo del Friuli,castelnovo del friuli,Friuli-Venezia Giulia,Pordenone,PN,46.213832,12.883104
Cavasso Nuovo,cavasso nuovo,Friuli-Venezia Giulia,Pordenone,PN,46.196556,12.770308
Chions,chions,Friuli-Venezia Giulia,Pordenone,PN,45.847186,12.711062
Cimolais,cimolais,Friuli-Venezia Giulia,Pordenone,PN,46.287639,12.438053
Claut,claut,Friuli-Venezia Giulia,Pordenone,PN,46.266675,12.515709
Clauzetto,clauzetto,Friuli-Venezia Giulia,Pordenone,PN,46.229901,12.915554
Cordenons,cordenons,Friuli-Venezia Giulia,Pordenone,PN,46.003731,12.718653
Cordovado,cordovado,Friuli-Venezia Giulia,Pordenone,PN,45.845777,12.880665
Erto e Casso,erto e casso,Friuli-Venezia Giulia,Pordenone,PN,46.277092,12.359555
Fanna,fanna,Friuli-Venezia Giulia,Pordenone,PN,46.187118,12.753083
Fiume Veneto,fiume veneto,Friuli-Venezia Giulia,Pordenone,PN,45.927943,12.732176
Fontanafredda,fontanafredda,Friuli-Venezia Giulia,Pordenone,PN,45.973397,12.569123
Frisanco,frisanco,Friuli-Venezia Giulia,Pordenone,PN,46.212776,12.727062
Maniago,maniago,Friuli-Venezia Giulia,Pordenone,PN,46.170974,12.707399
Meduno,meduno,Friuli-Venezia Giulia,Pordenone,PN,46.216779,12.785867
Montereale Valcellina,montereale valcellina,Friuli-Venezia Giulia,Pordenone,PN,46.160509,12.662136
Morsano al Tagliamento,morsano al tagliamento,Friuli-Venezia Giulia,Pordenone,PN,45.858141,12.929336
Pasiano di Pordenone,pasiano di pordenone,Friuli-Venezia Giulia,Pordenone,PN,45.849754,12.626509
Pinzano al Tagliamento,pinzano al tagliamento,Friuli-Venezia Giulia,Pordenone,PN,46.183104,12.945448
Polcenigo,polcenigo,Friuli-Venezia Giulia,Pordenone,PN,46.0307,12.501626
Porcia,porcia,Friuli-Venezia Giulia,Pordenone,PN,45.946555,12.601781
Pordenone,pordenone,Friuli-Venezia Giulia,Pordenone,PN,45.95625,12.65972
Prata di Pordenone,prata di pordenone,Friuli-Venezia Giulia,Pordenone,PN,45.893311,12.596294
Pravisdomini,pravisdomini,Friuli-Venezia Giulia,Pordenone,PN,45.818909,12.694425
Roveredo in Piano,roveredo in piano,Friuli-Venezia Giulia,Pordenone,PN,46.011058,12.620291
Sacile,sacile,Friuli-Venezia Giulia,Pordenone,PN,45.95386,12.503368
San Giorgio della Richinvelda,san giorgio della richinvelda,Friuli-Venezia Giulia,Pordenone,PN,46.039508,12.882333
San Martino al Tagliamento,san martino al tagliamento,Friuli-Venezia Giulia,Pordenone,PN,46.020829,12.863761
San Quirino,san quirino,Friuli-Venezia Giulia,Pordenone,PN,46.036167,12.68004
San Vito al Tagliamento,san vito al tagliamento,Friuli-Venezia Giulia,Pordenone,PN,45.914504,12.856596
Sequals,sequals,Friuli-Venezia Giulia,Pordenone,PN,46.165522,12.828776
Sesto al Reghena,sesto al reghena,Friuli-Venezia Giulia,Pordenone,PN,45.847642,12.815531
Spilimbergo,spilimbergo,Friuli-Venezia Giulia,Pordenone,PN,46.111335,12.901629
Tramonti di Sopra,tramonti di sopra,Friuli-Venezia Giulia,Pordenone,PN,46.308862,12.788497
Tramonti di Sotto,tramonti di sotto,Friuli-Venezia Giulia,Pordenone,PN,46.28493,12.795646
Travesio,travesio,Friuli-Venezia Giulia,Pordenone,PN,46.196536,12.870994
Vito d'Asio,vito d'asio,Friuli-Venezia Giulia,Pordenone,PN,46.227815,12.938303
Vivaro,vivaro,Friuli-Venezia Giulia,Pordenone,PN,46.078002,12.775846
Zoppola,zoppola,Friuli-Venezia Giulia,Pordenone,PN,45.966254,12.771564
Vajont,vajont,Friuli-Venezia Giulia,Pordenone,PN,46.146136,12.697447
Valvasone Arzene,valvasone arzene,Friuli-Venezia Giulia,Pordenone,PN,45.995211,12.86631
Airole,airole,Liguria,Imperia,IM,43.871038,7.554181
Apricale,apricale,Liguria,Imperia,IM,43.880389,7.66021
Aquila d'Arroscia,aquila d'arroscia,Liguria,Imperia,IM,44.085927,8.005247
Armo,armo,Liguria,Imperia,IM,44.087965,7.914783
Aurigo,aurigo,Liguria,Imperia,IM,43.982724,7.922447
Badalucco,badalucco,Liguria,Imperia,IM,43.915557,7.847295
Bajardo,bajardo,Liguria,Imperia,IM,43.903197,7.716921
Bordighera,bordighera,Liguria,Imperia,IM,43.785051,7.659109
Borghetto d'Arroscia,borghetto d'arroscia,Liguria,Imperia,IM,44.057726,7.981747
Borgomaro,borgomaro,Liguria,Imperia,IM,43.974924,7.945147
Camporosso,camporosso,Liguria,Imperia,IM,43.815101,7.628418
Caravonica,caravonica,Liguria,Imperia,IM,43.993025,7.958047
Castellaro,castellaro,Liguria,Imperia,IM,43.865221,7.868748
Castel Vittorio,castel vittorio,Liguria,Imperia,IM,43.928557,7.674434
Ceriana,ceriana,Liguria,Imperia,IM,43.880703,7.774564
Cervo,cervo,Liguria,Imperia,IM,43.925858,8.113929
Cesio,cesio,Liguria,Imperia,IM,44.007296,7.973536
Chiusanico,chiusanico,Liguria,Imperia,IM,43.972565,7.99088
Chiusavecchia,chiusavecchia,Liguria,Imperia,IM,43.968424,7.983548
Cipressa,cipressa,Liguria,Imperia,IM,43.851016,7.93095
Civezza,civezza,Liguria,Imperia,IM,43.879822,7.951649
Cosio d'Arroscia,cosio d'arroscia,Liguria,Imperia,IM,44.077122,7.833008
Costarainera,costarainera,Liguria,Imperia,IM,43.855421,7.938749
Diano Arentino,diano arentino,Liguria,Imperia,IM,43.949625,8.04155
Diano Castello,diano castello,Liguria,Imperia,IM,43.923741,8.067186
Diano Marina,diano marina,Liguria,Imperia,IM,43.908014,8.066675
Diano San Pietro,diano san pietro,Liguria,Imperia,IM,43.931424,8.071651
Dolceacqua,dolceacqua,Liguria,Imperia,IM,43.851718,7.622643
Dolcedo,dolcedo,Liguria,Imperia,IM,43.907439,7.951098
Imperia,imperia,Liguria,Imperia,IM,43.958375,7.866743
Isolabona,isolabona,Liguria,Imperia,IM,43.878988,7.639846
Lucinasco,lucinasco,Liguria,Imperia,IM,43.968021,7.96398
Mendatica,mendatica,Liguria,Imperia,IM,44.076379,7.805641
Molini di Triora,molini di triora,Liguria,Imperia,IM,43.990607,7.774463
Montegrosso Pian Latte,montegrosso pian latte,Liguria,Imperia,IM,44.066889,7.817209
Olivetta San Michele,olivetta san michele,Liguria,Imperia,IM,43.869399,7.523978
Ospedaletti,ospedaletti,Liguria,Imperia,IM,43.80208,7.718166
Perinaldo,perinaldo,Liguria,Imperia,IM,43.86744,7.666548
Pietrabruna,pietrabruna,Liguria,Imperia,IM,43.889722,7.902948
Pieve di Teco,pieve di teco,Liguria,Imperia,IM,44.047026,7.914946
Pigna,pigna,Liguria,Imperia,IM,43.932268,7.662644
Pompeiana,pompeiana,Liguria,Imperia,IM,43.853721,7.889848
Pontedassio,pontedassio,Liguria,Imperia,IM,43.940324,8.01385
Pornassio,pornassio,Liguria,Imperia,IM,44.069878,7.871289
Prelà,prela,Liguria,Imperia,IM,43.926158,7.936869
Ranzo,ranzo,Liguria,Imperia,IM,44.059627,8.014947
Rezzo,rezzo,Liguria,Imperia,IM,44.021425,7.871445
Riva Ligure,riva ligure,Liguria,Imperia,IM,43.837921,7.879649
Rocchetta Nervina,rocchetta nervina,Liguria,Imperia,IM,43.890619,7.599642
San Bartolomeo al Mare,san bartolomeo al mare,Liguria,Imperia,IM,43.922924,8.101152
San Biagio della Cima,san biagio della cima,Liguria,Imperia,IM,43.818242,7.64882
San Lorenzo al Mare,san lorenzo al mare,Liguria,Imperia,IM,43.854711,7.963708
Sanremo,sanremo,Liguria,Imperia,IM,43.819825,7.774883
Santo Stefano al Mare,santo stefano al mare,Liguria,Imperia,IM,43.838321,7.893249
Seborga,seborga,Liguria,Imperia,IM,43.826419,7.694545
Soldano,soldano,Liguria,Imperia,IM,43.829118,7.654844
Taggia,taggia,Liguria,Imperia,IM,43.869607,7.836458
Terzorio,terzorio,Liguria,Imperia,IM,43.852321,7.898349
Triora,triora,Liguria,Imperia,IM,43.992523,7.766243
Vallebona,vallebona,Liguria,Imperia,IM,43.812718,7.666544
Vallecrosia,vallecrosia,Liguria,Imperia,IM,43.788827,7.643411
Vasia,vasia,Liguria,Imperia,IM,43.932023,7.952948
Ventimiglia,ventimiglia,Liguria,Imperia,IM,43.791762,7.603313
Vessalico,vessalico,Liguria,Imperia,IM,44.045937,7.960853
Villa Faraldi,villa faraldi,Liguria,Imperia,IM,43.968528,8.085229
Montalto Carpasio,montalto carpasio,Liguria,Imperia,IM,43.947721,7.861919
Alassio,alassio,Liguria,Savona,SV,44.008011,8.173027
Albenga,albenga,Liguria,Savona,SV,44.04925,8.213124
Albissola Marina,albissola marina,Liguria,Savona,SV,44.327279,8.503102
Albisola Superiore,albisola superiore,Liguria,Savona,SV,44.339838,8.509353
Altare,altare,Liguria,Savona,SV,44.335982,8.339931
Andora,andora,Liguria,Savona,SV,43.951929,8.145649
Arnasco,arnasco,Liguria,Savona,SV,44.078228,8.107449
Balestrino,balestrino,Liguria,Savona,SV,44.12513,8.17152
Bardineto,bardineto,Liguria,Savona,SV,44.193123,8.132452
Bergeggi,bergeggi,Liguria,Savona,SV,44.249735,8.443353
Boissano,boissano,Liguria,Savona,SV,44.135768,8.221754
Borghetto Santo Spirito,borghetto santo spirito,Liguria,Savona,SV,44.114446,8.235328
Borgio Verezzi,borgio verezzi,Liguria,Savona,SV,44.164968,8.306662
Bormida,bormida,Liguria,Savona,SV,44.278261,8.234199
Cairo Montenotte,cairo montenotte,Liguria,Savona,SV,44.399268,8.274561
Calice Ligure,calice ligure,Liguria,Savona,SV,44.204933,8.295351
Calizzano,calizzano,Liguria,Savona,SV,44.236881,8.11447
Carcare,carcare,Liguria,Savona,SV,44.357473,8.290162
Casanova Lerrone,casanova lerrone,Liguria,Savona,SV,44.032116,8.050223
Castelbianco,castelbianco,Liguria,Savona,SV,44.111817,8.070908
Castelvecchio di Rocca Barbena,castelvecchio di rocca barbena,Liguria,Savona,SV,44.129829,8.116648
Celle Ligure,celle ligure,Liguria,Savona,SV,44.346322,8.544321
Cengio,cengio,Liguria,Savona,SV,44.390259,8.207952
Ceriale,ceriale,Liguria,Savona,SV,44.091629,8.223251
Cisano sul Neva,cisano sul neva,Liguria,Savona,SV,44.086402,8.147418
Cosseria,cosseria,Liguria,Savona,SV,44.368314,8.234866
Dego,dego,Liguria,Savona,SV,44.443038,8.305947
Erli,erli,Liguria,Savona,SV,44.137529,8.103148
Finale Ligure,finale ligure,Liguria,Savona,SV,44.168905,8.343652
Garlenda,garlenda,Liguria,Savona,SV,44.034227,8.09565
Giustenice,giustenice,Liguria,Savona,SV,44.172551,8.247188
Giusvalla,giusvalla,Liguria,Savona,SV,44.447939,8.394149
Laigueglia,laigueglia,Liguria,Savona,SV,43.978826,8.157351
Loano,loano,Liguria,Savona,SV,44.128754,8.259371
Magliolo,magliolo,Liguria,Savona,SV,44.191486,8.250396
Mallare,mallare,Liguria,Savona,SV,44.290982,8.296649
Massimino,massimino,Liguria,Savona,SV,44.299575,8.07062
Millesimo,millesimo,Liguria,Savona,SV,44.367536,8.201746
Mioglia,mioglia,Liguria,Savona,SV,44.49046,8.412473
Murialdo,murialdo,Liguria,Savona,SV,44.31658,8.164297
Nasino,nasino,Liguria,Savona,SV,44.11375,8.031713
Noli,noli,Liguria,Savona,SV,44.205883,8.416419
Onzo,onzo,Liguria,Savona,SV,44.070289,8.050019
Orco Feglino,orco feglino,Liguria,Savona,SV,44.221643,8.323557
Ortovero,ortovero,Liguria,Savona,SV,44.053427,8.096649
Osiglia,osiglia,Liguria,Savona,SV,44.282632,8.202144
Pallare,pallare,Liguria,Savona,SV,44.327275,8.275435
Piana Crixia,piana crixia,Liguria,Savona,SV,44.486179,8.306101
Pietra Ligure,pietra ligure,Liguria,Savona,SV,44.152931,8.286552
Plodio,plodio,Liguria,Savona,SV,44.351194,8.256452
Pontinvrea,pontinvrea,Liguria,Savona,SV,44.444626,8.43446
Quiliano,quiliano,Liguria,Savona,SV,44.292536,8.412652
Rialto,rialto,Liguria,Savona,SV,44.225818,8.263108
Roccavignale,roccavignale,Liguria,Savona,SV,44.347172,8.164682
Sassello,sassello,Liguria,Savona,SV,44.47897,8.490171
Savona,savona,Liguria,Savona,SV,44.233424,8.252573
Spotorno,spotorno,Liguria,Savona,SV,44.227257,8.419177
Stella,stella,Liguria,Savona,SV,44.404721,8.501565
Stellanello,stellanello,Liguria,Savona,SV,44.00042,8.058039
Testico,testico,Liguria,Savona,SV,44.005626,8.029249
Toirano,toirano,Liguria,Savona,SV,44.12753,8.20485
Tovo San Giacomo,tovo san giacomo,Liguria,Savona,SV,44.175932,8.270451
Urbe,urbe,Liguria,Savona,SV,44.477256,8.631393
Vado Ligure,vado ligure,Liguria,Savona,SV,44.27144,8.43822
Varazze,varazze,Liguria,Savona,SV,44.3593,8.575327
Vendone,vendone,Liguria,Savona,SV,44.074706,8.07393
Vezzi Portio,vezzi portio,Liguria,Savona,SV,44.229643,8.365219
Villanova d'Albenga,villanova d'albenga,Liguria,Savona,SV,44.046836,8.142846
Zuccarello,zuccarello,Liguria,Savona,SV,44.111029,8.115849
Arenzano,arenzano,Liguria,Genova,GE,44.402518,8.683132
Avegno,avegno,Liguria,Genova,GE,44.391336,9.156316
Bargagli,bargagli,Liguria,Genova,GE,44.447802,9.087661
Bogliasco,bogliasco,Liguria,Genova,GE,44.379056,9.067951
Borzonasca,borzonasca,Liguria,Genova,GE,44.422248,9.38657
Busalla,busalla,Liguria,Genova,GE,44.573483,8.9433
Camogli,camogli,Liguria,Genova,GE,44.349247,9.158863
Campo Ligure,campo ligure,Liguria,Genova,GE,44.537644,8.698153
Campomorone,campomorone,Liguria,Genova,GE,44.507337,8.89011
Carasco,carasco,Liguria,Genova,GE,44.349756,9.34565
Casarza Ligure,casarza ligure,Liguria,Genova,GE,44.273546,9.449771
Casella,casella,Liguria,Genova,GE,44.535586,8.996786
Castiglione Chiavarese,castiglione chiavarese,Liguria,Genova,GE,44.27409,9.514675
Ceranesi,ceranesi,Liguria,Genova,GE,44.51127,8.878941
Chiavari,chiavari,Liguria,Genova,GE,44.316449,9.323338
Cicagna,cicagna,Liguria,Genova,GE,44.409323,9.235533
Cogoleto,cogoleto,Liguria,Genova,GE,44.389342,8.64286
Cogorno,cogorno,Liguria,Genova,GE,44.333081,9.372461
Coreglia Ligure,coreglia ligure,Liguria,Genova,GE,44.3829,9.264314
Crocefieschi,crocefieschi,Liguria,Genova,GE,44.579748,9.023965
Davagna,davagna,Liguria,Genova,GE,44.466953,9.090958
Fascia,fascia,Liguria,Genova,GE,44.571968,9.23564
Favale di Malvaro,favale di malvaro,Liguria,Genova,GE,44.452997,9.25956
Fontanigorda,fontanigorda,Liguria,Genova,GE,44.54605,9.304466
Genova,genova,Liguria,Genova,GE,44.40726,8.933862
Gorreto,gorreto,Liguria,Genova,GE,44.604846,9.291264
Isola del Cantone,isola del cantone,Liguria,Genova,GE,44.645644,8.957558
Lavagna,lavagna,Liguria,Genova,GE,44.312154,9.341706
Leivi,leivi,Liguria,Genova,GE,44.354465,9.315179
Lorsica,lorsica,Liguria,Genova,GE,44.445276,9.284311
Lumarzo,lumarzo,Liguria,Genova,GE,44.452888,9.13262
Masone,masone,Liguria,Genova,GE,44.501336,8.716348
Mele,mele,Liguria,Genova,GE,44.44755,8.747769
Mezzanego,mezzanego,Liguria,Genova,GE,44.392008,9.407722
Mignanego,mignanego,Liguria,Genova,GE,44.54833,8.915657
Moconesi,moconesi,Liguria,Genova,GE,44.4376,9.214708
Moneglia,moneglia,Liguria,Genova,GE,44.2385,9.489977
Montebruno,montebruno,Liguria,Genova,GE,44.525742,9.247567
Montoggio,montoggio,Liguria,Genova,GE,44.515436,9.044274
Ne,ne,Liguria,Genova,GE,44.351926,9.440257
Neirone,neirone,Liguria,Genova,GE,44.454664,9.190511
Orero,orero,Liguria,Genova,GE,44.417212,9.289038
Pieve Ligure,pieve ligure,Liguria,Genova,GE,44.376248,9.086161
Portofino,portofino,Liguria,Genova,GE,44.303665,9.209345
Propata,propata,Liguria,Genova,GE,44.56557,9.18594
Rapallo,rapallo,Liguria,Genova,GE,44.351147,9.229671
Recco,recco,Liguria,Genova,GE,44.36524,9.1463
Rezzoaglio,rezzoaglio,Liguria,Genova,GE,44.525997,9.387267
Ronco Scrivia,ronco scrivia,Liguria,Genova,GE,44.613299,8.952368
Rondanina,rondanina,Liguria,Genova,GE,44.563245,9.218071
Rossiglione,rossiglione,Liguria,Genova,GE,44.563961,8.668513
Rovegno,rovegno,Liguria,Genova,GE,44.576748,9.279162
San Colombano Certenoli,san colombano certenoli,Liguria,Genova,GE,44.399253,9.328805
Santa Margherita Ligure,santa margherita ligure,Liguria,Genova,GE,44.333976,9.211127
Sant'Olcese,sant'olcese,Liguria,Genova,GE,44.490864,8.97054
Santo Stefano d'Aveto,santo stefano d'aveto,Liguria,Genova,GE,44.54733,9.450177
Savignone,savignone,Liguria,Genova,GE,44.564143,8.989596
Serra Riccò,serra ricco,Liguria,Genova,GE,44.518713,8.951623
Sestri Levante,sestri levante,Liguria,Genova,GE,44.271453,9.395863
Sori,sori,Liguria,Genova,GE,44.373374,9.104447
Tiglieto,tiglieto,Liguria,Genova,GE,44.524558,8.619257
Torriglia,torriglia,Liguria,Genova,GE,44.519395,9.158352
Tribogna,tribogna,Liguria,Genova,GE,44.416146,9.195587
Uscio,uscio,Liguria,Genova,GE,44.413343,9.162563
Valbrevenna,valbrevenna,Liguria,Genova,GE,44.560577,9.091603
Vobbia,vobbia,Liguria,Genova,GE,44.601245,9.038668
Zoagli,zoagli,Liguria,Genova,GE,44.336762,9.266956
Ameglia,ameglia,Liguria,La Spezia,SP,44.065929,9.95741
Arcola,arcola,Liguria,La Spezia,SP,44.114382,9.905967
Beverino,beverino,Liguria,La Spezia,SP,44.205951,9.78573
Bolano,bolano,Liguria,La Spezia,SP,44.187649,9.895616
Bonassola,bonassola,Liguria,La Spezia,SP,44.183546,9.582526
Borghetto di Vara,borghetto di vara,Liguria,La Spezia,SP,44.223847,9.721518
Brugnato,brugnato,Liguria,La Spezia,SP,44.237097,9.724035
Calice al Cornoviglio,calice al cornoviglio,Liguria,La Spezia,SP,44.243152,9.836671
Carro,carro,Liguria,La Spezia,SP,44.272824,9.607479
Carrodano,carrodano,Liguria,La Spezia,SP,44.241962,9.655873
Castelnuovo Magra,castelnuovo magra,Liguria,La Spezia,SP,44.099852,10.016942
Deiva Marina,deiva marina,Liguria,La Spezia,SP,44.218231,9.520046
Follo,follo,Liguria,La Spezia,SP,44.172831,9.832864
Framura,framura,Liguria,La Spezia,SP,44.208745,9.554544
La Spezia,la spezia,Liguria,La Spezia,SP,44.238366,9.691233
Lerici,lerici,Liguria,La Spezia,SP,44.073607,9.909914
Levanto,levanto,Liguria,La Spezia,SP,44.169906,9.61204
Maissana,maissana,Liguria,La Spezia,SP,44.337313,9.536328
Monterosso al Mare,monterosso al mare,Liguria,La Spezia,SP,44.146522,9.655558
Luni,luni,Liguria,La Spezia,SP,44.077827,10.030189
Pignone,pignone,Liguria,La Spezia,SP,44.178185,9.723508
Portovenere,portovenere,Liguria,La Spezia,SP,44.05066,9.834458
Riccò del Golfo di Spezia,ricco del golfo di spezia,Liguria,La Spezia,SP,44.153719,9.763862
Riomaggiore,riomaggiore,Liguria,La Spezia,SP,44.098975,9.73867
Rocchetta di Vara,rocchetta di vara,Liguria,La Spezia,SP,44.251273,9.757284
Santo Stefano di Magra,santo stefano di magra,Liguria,La Spezia,SP,44.165099,9.91733
Sarzana,sarzana,Liguria,La Spezia,SP,44.111872,9.958746
Sesta Godano,sesta godano,Liguria,La Spezia,SP,44.293966,9.675716
Varese Ligure,varese ligure,Liguria,La Spezia,SP,44.376053,9.592699
Vernazza,vernazza,Liguria,La Spezia,SP,44.134941,9.682776
Vezzano Ligure,vezzano ligure,Liguria,La Spezia,SP,44.146775,9.876327
Zignago,zignago,Liguria,La Spezia,SP,44.297246,9.749064
Agazzano,agazzano,Emilia-Romagna,Piacenza,PC,44.94437,9.517685
Alseno,alseno,Emilia-Romagna,Piacenza,PC,44.898364,9.961374
Besenzone,besenzone,Emilia-Romagna,Piacenza,PC,44.986432,9.954909
Bettola,bettola,Emilia-Romagna,Piacenza,PC,44.776446,9.60628
Bobbio,bobbio,Emilia-Romagna,Piacenza,PC,44.769273,9.386281
Borgonovo Val Tidone,borgonovo val tidone,Emilia-Romagna,Piacenza,PC,45.014362,9.443461
Cadeo,cadeo,Emilia-Romagna,Piacenza,PC,44.975365,9.83107
Calendasco,calendasco,Emilia-Romagna,Piacenza,PC,45.087265,9.596063
Caorso,caorso,Emilia-Romagna,Piacenza,PC,45.0496,9.874375
Carpaneto Piacentino,carpaneto piacentino,Emilia-Romagna,Piacenza,PC,44.915212,9.788095
Castell'Arquato,castell'arquato,Emilia-Romagna,Piacenza,PC,44.85118,9.867118
Castel San Giovanni,castel san giovanni,Emilia-Romagna,Piacenza,PC,45.059067,9.434178
Castelvetro Piacentino,castelvetro piacentino,Emilia-Romagna,Piacenza,PC,45.100335,9.986716
Cerignale,cerignale,Emilia-Romagna,Piacenza,PC,44.677853,9.350765
Coli,coli,Emilia-Romagna,Piacenza,PC,44.744756,9.414565
Corte Brugnatella,corte brugnatella,Emilia-Romagna,Piacenza,PC,44.715767,9.360289
Cortemaggiore,cortemaggiore,Emilia-Romagna,Piacenza,PC,44.996353,9.931072
Farini,farini,Emilia-Romagna,Piacenza,PC,44.712837,9.569286
Ferriere,ferriere,Emilia-Romagna,Piacenza,PC,44.644144,9.497457
Fiorenzuola d'Arda,fiorenzuola d'arda,Emilia-Romagna,Piacenza,PC,44.928084,9.910722
Gazzola,gazzola,Emilia-Romagna,Piacenza,PC,44.960062,9.548964
Gossolengo,gossolengo,Emilia-Romagna,Piacenza,PC,44.99996,9.613788
Gragnano Trebbiense,gragnano trebbiense,Emilia-Romagna,Piacenza,PC,45.013163,9.568964
Gropparello,gropparello,Emilia-Romagna,Piacenza,PC,44.832706,9.729894
Lugagnano Val d'Arda,lugagnano val d'arda,Emilia-Romagna,Piacenza,PC,44.821994,9.828482
Monticelli d'Ongina,monticelli d'ongina,Emilia-Romagna,Piacenza,PC,45.089511,9.933165
Morfasso,morfasso,Emilia-Romagna,Piacenza,PC,44.722749,9.702861
Ottone,ottone,Emilia-Romagna,Piacenza,PC,44.623249,9.33266
Piacenza,piacenza,Emilia-Romagna,Piacenza,PC,44.847635,9.666531
Pianello Val Tidone,pianello val tidone,Emilia-Romagna,Piacenza,PC,44.94666,9.405161
Piozzano,piozzano,Emilia-Romagna,Piacenza,PC,44.926261,9.496064
Podenzano,podenzano,Emilia-Romagna,Piacenza,PC,44.956363,9.684967
Ponte dell'Olio,ponte dell'olio,Emilia-Romagna,Piacenza,PC,44.867361,9.642268
Pontenure,pontenure,Emilia-Romagna,Piacenza,PC,44.999165,9.788569
Rivergaro,rivergaro,Emilia-Romagna,Piacenza,PC,44.910251,9.596521
Rottofreno,rottofreno,Emilia-Romagna,Piacenza,PC,45.057464,9.547763
San Giorgio Piacentino,san giorgio piacentino,Emilia-Romagna,Piacenza,PC,44.954163,9.736869
San Pietro in Cerro,san pietro in cerro,Emilia-Romagna,Piacenza,PC,45.021367,9.949872
Sarmato,sarmato,Emilia-Romagna,Piacenza,PC,45.059814,9.491398
Travo,travo,Emilia-Romagna,Piacenza,PC,44.86246,9.545366
Vernasca,vernasca,Emilia-Romagna,Piacenza,PC,44.799438,9.830668
Vigolzone,vigolzone,Emilia-Romagna,Piacenza,PC,44.914662,9.669368
Villanova sull'Arda,villanova sull'arda,Emilia-Romagna,Piacenza,PC,45.026005,9.997061
Zerba,zerba,Emilia-Romagna,Piacenza,PC,44.666153,9.287164
Ziano Piacentino,ziano piacentino,Emilia-Romagna,Piacenza,PC,45.001462,9.40156
Alta Val Tidone,alta val tidone,Emilia-Romagna,Piacenza,PC,44.919977,9.347182
Albareto,albareto,Emilia-Romagna,Parma,PR,44.446551,9.699977
Bardi,bardi,Emilia-Romagna,Parma,PR,44.632211,9.731203
Bedonia,bedonia,Emilia-Romagna,Parma,PR,44.503631,9.629885
Berceto,berceto,Emilia-Romagna,Parma,PR,44.510608,9.989655
Bore,bore,Emilia-Romagna,Parma,PR,44.718658,9.792074
Borgo Val di Taro,borgo val di taro,Emilia-Romagna,Parma,PR,44.487053,9.765777
Busseto,busseto,Emilia-Romagna,Parma,PR,44.980567,10.042075
Calestano,calestano,Emilia-Romagna,Parma,PR,44.6007,10.122994
Collecchio,collecchio,Emilia-Romagna,Parma,PR,44.75202,10.216691
Colorno,colorno,Emilia-Romagna,Parma,PR,44.926532,10.377117
Compiano,compiano,Emilia-Romagna,Parma,PR,44.496049,9.662079
Corniglio,corniglio,Emilia-Romagna,Parma,PR,44.4759,10.088926
Felino,felino,Emilia-Romagna,Parma,PR,44.696587,10.237205
Fidenza,fidenza,Emilia-Romagna,Parma,PR,44.866522,10.061194
Fontanellato,fontanellato,Emilia-Romagna,Parma,PR,44.881666,10.172179
Fontevivo,fontevivo,Emilia-Romagna,Parma,PR,44.858765,10.17518
Fornovo di Taro,fornovo di taro,Emilia-Romagna,Parma,PR,44.691962,10.100985
Langhirano,langhirano,Emilia-Romagna,Parma,PR,44.613064,10.266114
Lesignano de' Bagni,lesignano de' bagni,Emilia-Romagna,Parma,PR,44.643428,10.300484
Medesano,medesano,Emilia-Romagna,Parma,PR,44.756699,10.140737
Monchio delle Corti,monchio delle corti,Emilia-Romagna,Parma,PR,44.412955,10.12419
Montechiarugolo,montechiarugolo,Emilia-Romagna,Parma,PR,44.693401,10.42248
Neviano degli Arduini,neviano degli arduini,Emilia-Romagna,Parma,PR,44.582365,10.315689
Noceto,noceto,Emilia-Romagna,Parma,PR,44.809901,10.17726
Palanzano,palanzano,Emilia-Romagna,Parma,PR,44.437437,10.194462
Parma,parma,Emilia-Romagna,Parma,PR,44.801368,10.328083
Pellegrino Parmense,pellegrino parmense,Emilia-Romagna,Parma,PR,44.733168,9.927556
Roccabianca,roccabianca,Emilia-Romagna,Parma,PR,45.009369,10.219378
Sala Baganza,sala baganza,Emilia-Romagna,Parma,PR,44.71395,10.226334
Salsomaggiore Terme,salsomaggiore terme,Emilia-Romagna,Parma,PR,44.814762,9.979576
San Secondo Parmense,san secondo parmense,Emilia-Romagna,Parma,PR,44.92016,10.229558
Solignano,solignano,Emilia-Romagna,Parma,PR,44.613057,9.97548
Soragna,soragna,Emilia-Romagna,Parma,PR,44.926266,10.124178
Terenzo,terenzo,Emilia-Romagna,Parma,PR,44.609958,10.089682
Tizzano Val Parma,tizzano val parma,Emilia-Romagna,Parma,PR,44.520544,10.199199
Tornolo,tornolo,Emilia-Romagna,Parma,PR,44.485251,9.625274
Torrile,torrile,Emilia-Romagna,Parma,PR,44.89885,10.339497
Traversetolo,traversetolo,Emilia-Romagna,Parma,PR,44.639212,10.381795
Valmozzola,valmozzola,Emilia-Romagna,Parma,PR,44.585508,9.869151
Varano de' Melegari,varano de' melegari,Emilia-Romagna,Parma,PR,44.68806,10.011479
Varsi,varsi,Emilia-Romagna,Parma,PR,44.662157,9.846676
Sissa Trecasali,sissa trecasali,Emilia-Romagna,Parma,PR,44.945594,10.279947
Polesine Zibello,polesine zibello,Emilia-Romagna,Parma,PR,45.010809,10.098713
Sorbolo Mezzani,sorbolo mezzani,Emilia-Romagna,Parma,PR,44.900097,10.44216
Albinea,albinea,Emilia-Romagna,Reggio nell'Emilia,RE,44.620182,10.601926
Bagnolo in Piano,bagnolo in piano,Emilia-Romagna,Reggio nell'Emilia,RE,44.762967,10.673293
Baiso,baiso,Emilia-Romagna,Reggio nell'Emilia,RE,44.496827,10.601678
Bibbiano,bibbiano,Emilia-Romagna,Reggio nell'Emilia,RE,44.66343,10.472719
Boretto,boretto,Emilia-Romagna,Reggio nell'Emilia,RE,44.90187,10.554287
Brescello,brescello,Emilia-Romagna,Reggio nell'Emilia,RE,44.901224,10.515728
Cadelbosco di Sopra,cadelbosco di sopra,Emilia-Romagna,Reggio nell'Emilia,RE,44.763319,10.595182
Campagnola Emilia,campagnola emilia,Emilia-Romagna,Reggio nell'Emilia,RE,44.83927,10.757093
Campegine,campegine,Emilia-Romagna,Reggio nell'Emilia,RE,44.781734,10.528419
Carpineti,carpineti,Emilia-Romagna,Reggio nell'Emilia,RE,44.455961,10.519698
Casalgrande,casalgrande,Emilia-Romagna,Reggio nell'Emilia,RE,44.588009,10.737321
Casina,casina,Emilia-Romagna,Reggio nell'Emilia,RE,44.51026,10.501593
Castellarano,castellarano,Emilia-Romagna,Reggio nell'Emilia,RE,44.510281,10.72864
Castelnovo di Sotto,castelnovo di sotto,Emilia-Romagna,Reggio nell'Emilia,RE,44.810863,10.563295
Castelnovo ne' Monti,castelnovo ne' monti,Emilia-Romagna,Reggio nell'Emilia,RE,44.435562,10.403295
Cavriago,cavriago,Emilia-Romagna,Reggio nell'Emilia,RE,44.694194,10.526898
Canossa,canossa,Emilia-Romagna,Reggio nell'Emilia,RE,44.55356,10.411914
Correggio,correggio,Emilia-Romagna,Reggio nell'Emilia,RE,44.770561,10.779783
Fabbrico,fabbrico,Emilia-Romagna,Reggio nell'Emilia,RE,44.872091,10.810062
Gattatico,gattatico,Emilia-Romagna,Reggio nell'Emilia,RE,44.795684,10.444557
Gualtieri,gualtieri,Emilia-Romagna,Reggio nell'Emilia,RE,44.905013,10.630226
Guastalla,guastalla,Emilia-Romagna,Reggio nell'Emilia,RE,44.921152,10.653998
Luzzara,luzzara,Emilia-Romagna,Reggio nell'Emilia,RE,44.961655,10.687068
Montecchio Emilia,montecchio emilia,Emilia-Romagna,Reggio nell'Emilia,RE,44.700451,10.446413
Novellara,novellara,Emilia-Romagna,Reggio nell'Emilia,RE,44.84297,10.727492
Poviglio,poviglio,Emilia-Romagna,Reggio nell'Emilia,RE,44.84167,10.541615
Quattro Castella,quattro castella,Emilia-Romagna,Reggio nell'Emilia,RE,44.635605,10.472425
Reggiolo,reggiolo,Emilia-Romagna,Reggio nell'Emilia,RE,44.918534,10.804211
Reggio nell'Emilia,reggio nell'emilia,Emilia-Romagna,Reggio nell'Emilia,RE,44.608664,10.594797
Rio Saliceto,rio saliceto,Emilia-Romagna,Reggio nell'Emilia,RE,44.81001,10.803099
Rolo,rolo,Emilia-Romagna,Reggio nell'Emilia,RE,44.886656,10.858208
Rubiera,rubiera,Emilia-Romagna,Reggio nell'Emilia,RE,44.653201,10.781081
San Martino in Rio,san martino in rio,Emilia-Romagna,Reggio nell'Emilia,RE,44.732802,10.783988
San Polo d'Enza,san polo d'enza,Emilia-Romagna,Reggio nell'Emilia,RE,44.625862,10.422287
Sant'Ilario d'Enza,sant'ilario d'enza,Emilia-Romagna,Reggio nell'Emilia,RE,44.760505,10.449892
Scandiano,scandiano,Emilia-Romagna,Reggio nell'Emilia,RE,44.599345,10.687838
Toano,toano,Emilia-Romagna,Reggio nell'Emilia,RE,44.376357,10.561197
Vetto,vetto,Emilia-Romagna,Reggio nell'Emilia,RE,44.484158,10.33749
Vezzano sul Crostolo,vezzano sul crostolo,Emilia-Romagna,Reggio nell'Emilia,RE,44.602584,10.546853
Viano,viano,Emilia-Romagna,Reggio nell'Emilia,RE,44.543729,10.62162
Villa Minozzo,villa minozzo,Emilia-Romagna,Reggio nell'Emilia,RE,44.365056,10.465995
Ventasso,ventasso,Emilia-Romagna,Reggio nell'Emilia,RE,44.36883,10.26931
Bastiglia,bastiglia,Emilia-Romagna,Modena,MO,44.726969,10.9986
Bomporto,bomporto,Emilia-Romagna,Modena,MO,44.72977,11.038401
Campogalliano,campogalliano,Emilia-Romagna,Modena,MO,44.690512,10.840734
Camposanto,camposanto,Emilia-Romagna,Modena,MO,44.790101,11.137808
Carpi,carpi,Emilia-Romagna,Modena,MO,44.78357,10.885452
Castelfranco Emilia,castelfranco emilia,Emilia-Romagna,Modena,MO,44.595024,11.052901
Castelnuovo Rangone,castelnuovo rangone,Emilia-Romagna,Modena,MO,44.551334,10.935016
Castelvetro di Modena,castelvetro di modena,Emilia-Romagna,Modena,MO,44.503462,10.9433
Cavezzo,cavezzo,Emilia-Romagna,Modena,MO,44.8365,11.029435
Concordia sulla Secchia,concordia sulla secchia,Emilia-Romagna,Modena,MO,44.913174,10.983297
Fanano,fanano,Emilia-Romagna,Modena,MO,44.207737,10.793837
Finale Emilia,finale emilia,Emilia-Romagna,Modena,MO,44.834574,11.293905
Fiorano Modenese,fiorano modenese,Emilia-Romagna,Modena,MO,44.539143,10.811848
Fiumalbo,fiumalbo,Emilia-Romagna,Modena,MO,44.179951,10.647733
Formigine,formigine,Emilia-Romagna,Modena,MO,44.575143,10.847028
Frassinoro,frassinoro,Emilia-Romagna,Modena,MO,44.295555,10.570198
Guiglia,guiglia,Emilia-Romagna,Modena,MO,44.424132,10.962119
Lama Mocogno,lama mocogno,Emilia-Romagna,Modena,MO,44.307263,10.731777
Maranello,maranello,Emilia-Romagna,Modena,MO,44.525522,10.866361
Marano sul Panaro,marano sul panaro,Emilia-Romagna,Modena,MO,44.455898,10.966384
Medolla,medolla,Emilia-Romagna,Modena,MO,44.846673,11.0676
Mirandola,mirandola,Emilia-Romagna,Modena,MO,44.887207,11.066106
Modena,modena,Emilia-Romagna,Modena,MO,44.538473,10.935961
Montecreto,montecreto,Emilia-Romagna,Modena,MO,44.245955,10.717602
Montefiorino,montefiorino,Emilia-Romagna,Modena,MO,44.352857,10.625599
Montese,montese,Emilia-Romagna,Modena,MO,44.268506,10.941189
Nonantola,nonantola,Emilia-Romagna,Modena,MO,44.677608,11.043624
Novi di Modena,novi di modena,Emilia-Romagna,Modena,MO,44.893439,10.901254
Palagano,palagano,Emilia-Romagna,Modena,MO,44.320957,10.6461
Pavullo nel Frignano,pavullo nel frignano,Emilia-Romagna,Modena,MO,44.339694,10.834113
Pievepelago,pievepelago,Emilia-Romagna,Modena,MO,44.204754,10.616601
Polinago,polinago,Emilia-Romagna,Modena,MO,44.344758,10.723501
Prignano sulla Secchia,prignano sulla secchia,Emilia-Romagna,Modena,MO,44.43836,10.691899
Ravarino,ravarino,Emilia-Romagna,Modena,MO,44.72117,11.098403
Riolunato,riolunato,Emilia-Romagna,Modena,MO,44.229974,10.651565
San Cesario sul Panaro,san cesario sul panaro,Emilia-Romagna,Modena,MO,44.561136,11.033218
San Felice sul Panaro,san felice sul panaro,Emilia-Romagna,Modena,MO,44.839415,11.143165
San Possidonio,san possidonio,Emilia-Romagna,Modena,MO,44.892089,10.996136
San Prospero,san prospero,Emilia-Romagna,Modena,MO,44.789671,11.0221
Sassuolo,sassuolo,Emilia-Romagna,Modena,MO,44.540977,10.782902
Savignano sul Panaro,savignano sul panaro,Emilia-Romagna,Modena,MO,44.480538,11.035109
Serramazzoni,serramazzoni,Emilia-Romagna,Modena,MO,44.422462,10.789147
Sestola,sestola,Emilia-Romagna,Modena,MO,44.230455,10.771404
Soliera,soliera,Emilia-Romagna,Modena,MO,44.738103,10.924393
Spilamberto,spilamberto,Emilia-Romagna,Modena,MO,44.533413,11.024083
Vignola,vignola,Emilia-Romagna,Modena,MO,44.478414,11.009093
Zocca,zocca,Emilia-Romagna,Modena,MO,44.347264,10.990407
Anzola dell'Emilia,anzola dell'emilia,Emilia-Romagna,Bologna,BO,44.546684,11.193326
Argelato,argelato,Emilia-Romagna,Bologna,BO,44.64157,11.34781
Baricella,baricella,Emilia-Romagna,Bologna,BO,44.646165,11.533295
Bentivoglio,bentivoglio,Emilia-Romagna,Bologna,BO,44.635792,11.417193
Bologna,bologna,Emilia-Romagna,Bologna,BO,44.493758,11.343031
Borgo Tossignano,borgo tossignano,Emilia-Romagna,Bologna,BO,44.27569,11.589844
Budrio,budrio,Emilia-Romagna,Bologna,BO,44.537863,11.535498
Calderara di Reno,calderara di reno,Emilia-Romagna,Bologna,BO,44.563052,11.271693
Camugnano,camugnano,Emilia-Romagna,Bologna,BO,44.170457,11.088812
Casalecchio di Reno,casalecchio di reno,Emilia-Romagna,Bologna,BO,44.476018,11.275686
Casalfiumanese,casalfiumanese,Emilia-Romagna,Bologna,BO,44.296864,11.624022
Castel d'Aiano,castel d'aiano,Emilia-Romagna,Bologna,BO,44.275859,10.999408
Castel del Rio,castel del rio,Emilia-Romagna,Bologna,BO,44.214292,11.504082
Castel di Casio,castel di casio,Emilia-Romagna,Bologna,BO,44.162956,11.035811
Castel Guelfo di Bologna,castel guelfo di bologna,Emilia-Romagna,Bologna,BO,44.43114,11.67741
Castello d'Argile,castello d'argile,Emilia-Romagna,Bologna,BO,44.681321,11.296169
Castel Maggiore,castel maggiore,Emilia-Romagna,Bologna,BO,44.575685,11.36481
Castel San Pietro Terme,castel san pietro terme,Emilia-Romagna,Bologna,BO,44.40127,11.585499
Castenaso,castenaso,Emilia-Romagna,Bologna,BO,44.50887,11.469811
Castiglione dei Pepoli,castiglione dei pepoli,Emilia-Romagna,Bologna,BO,44.142505,11.166508
Crevalcore,crevalcore,Emilia-Romagna,Bologna,BO,44.72057,11.149804
Dozza,dozza,Emilia-Romagna,Bologna,BO,44.359391,11.628879
Fontanelice,fontanelice,Emilia-Romagna,Bologna,BO,44.260098,11.559736
Gaggio Montano,gaggio montano,Emilia-Romagna,Bologna,BO,44.196956,10.932908
Galliera,galliera,Emilia-Romagna,Bologna,BO,44.749163,11.426533
Granarolo dell'Emilia,granarolo dell'emilia,Emilia-Romagna,Bologna,BO,44.55321,11.443208
Grizzana Morandi,grizzana morandi,Emilia-Romagna,Bologna,BO,44.25736,11.15289
Imola,imola,Emilia-Romagna,Bologna,BO,44.353514,11.714123
Lizzano in Belvedere,lizzano in belvedere,Emilia-Romagna,Bologna,BO,44.161829,10.894044
Loiano,loiano,Emilia-Romagna,Bologna,BO,44.266157,11.325534
Malalbergo,malalbergo,Emilia-Romagna,Bologna,BO,44.718674,11.532212
Marzabotto,marzabotto,Emilia-Romagna,Bologna,BO,44.340988,11.204782
Medicina,medicina,Emilia-Romagna,Bologna,BO,44.476674,11.638338
Minerbio,minerbio,Emilia-Romagna,Bologna,BO,44.624199,11.490697
Molinella,molinella,Emilia-Romagna,Bologna,BO,44.620853,11.670237
Monghidoro,monghidoro,Emilia-Romagna,Bologna,BO,44.219859,11.318747
Monterenzio,monterenzio,Emilia-Romagna,Bologna,BO,44.326882,11.406144
Monte San Pietro,monte san pietro,Emilia-Romagna,Bologna,BO,44.428404,11.15122
Monzuno,monzuno,Emilia-Romagna,Bologna,BO,44.279263,11.266408
Mordano,mordano,Emilia-Romagna,Bologna,BO,44.397426,11.810857
Ozzano dell'Emilia,ozzano dell'emilia,Emilia-Romagna,Bologna,BO,44.44498,11.47605
Pianoro,pianoro,Emilia-Romagna,Bologna,BO,44.392964,11.342314
Pieve di Cento,pieve di cento,Emilia-Romagna,Bologna,BO,44.713209,11.306598
Sala Bolognese,sala bolognese,Emilia-Romagna,Bologna,BO,44.629603,11.272748
San Benedetto Val di Sambro,san benedetto val di sambro,Emilia-Romagna,Bologna,BO,44.215259,11.232914
San Giorgio di Piano,san giorgio di piano,Emilia-Romagna,Bologna,BO,44.646793,11.375449
San Giovanni in Persiceto,san giovanni in persiceto,Emilia-Romagna,Bologna,BO,44.638978,11.187131
San Lazzaro di Savena,san lazzaro di savena,Emilia-Romagna,Bologna,BO,44.471567,11.404859
San Pietro in Casale,san pietro in casale,Emilia-Romagna,Bologna,BO,44.699052,11.402926
Sant'Agata Bolognese,sant'agata bolognese,Emilia-Romagna,Bologna,BO,44.664169,11.134004
Sasso Marconi,sasso marconi,Emilia-Romagna,Bologna,BO,44.399632,11.247554
Vergato,vergato,Emilia-Romagna,Bologna,BO,44.28266,11.10731
Zola Predosa,zola predosa,Emilia-Romagna,Bologna,BO,44.489665,11.218309
Valsamoggia,valsamoggia,Emilia-Romagna,Bologna,BO,44.439824,11.059275
Alto Reno Terme,alto reno terme,Emilia-Romagna,Bologna,BO,44.123954,10.937306
Argenta,argenta,Emilia-Romagna,Ferrara,FE,44.614338,11.833842
Bondeno,bondeno,Emilia-Romagna,Ferrara,FE,44.886177,11.410807
Cento,cento,Emilia-Romagna,Ferrara,FE,44.72744,11.290303
Codigoro,codigoro,Emilia-Romagna,Ferrara,FE,44.831581,12.109524
Comacchio,comacchio,Emilia-Romagna,Ferrara,FE,44.696379,12.180427
Copparo,copparo,Emilia-Romagna,Ferrara,FE,44.894183,11.827889
Ferrara,ferrara,Emilia-Romagna,Ferrara,FE,44.766764,11.827939
Jolanda di Savoia,jolanda di savoia,Emilia-Romagna,Ferrara,FE,44.882408,11.979349
Lagosanto,lagosanto,Emilia-Romagna,Ferrara,FE,44.76198,12.142825
Masi Torello,masi torello,Emilia-Romagna,Ferrara,FE,44.794578,11.801817
Mesola,mesola,Emilia-Romagna,Ferrara,FE,44.920782,12.229224
Ostellato,ostellato,Emilia-Romagna,Ferrara,FE,44.745678,11.943521
Poggio Renatico,poggio renatico,Emilia-Romagna,Ferrara,FE,44.765974,11.490111
Portomaggiore,portomaggiore,Emilia-Romagna,Ferrara,FE,44.699258,11.804078
Vigarano Mainarda,vigarano mainarda,Emilia-Romagna,Ferrara,FE,44.843422,11.494436
Voghiera,voghiera,Emilia-Romagna,Ferrara,FE,44.759074,11.751132
Goro,goro,Emilia-Romagna,Ferrara,FE,44.850883,12.294927
Fiscaglia,fiscaglia,Emilia-Romagna,Ferrara,FE,44.794133,12.029515
Terre del Reno,terre del reno,Emilia-Romagna,Ferrara,FE,44.812155,11.404388
Riva del Po,riva del po,Emilia-Romagna,Ferrara,FE,44.96047,11.894394
Tresignana,tresignana,Emilia-Romagna,Ferrara,FE,44.828937,11.878917
Alfonsine,alfonsine,Emilia-Romagna,Ravenna,RA,44.505385,12.04118
Bagnacavallo,bagnacavallo,Emilia-Romagna,Ravenna,RA,44.416148,11.97655
Bagnara di Romagna,bagnara di romagna,Emilia-Romagna,Ravenna,RA,44.389169,11.826451
Brisighella,brisighella,Emilia-Romagna,Ravenna,RA,44.22214,11.772226
Casola Valsenio,casola valsenio,Emilia-Romagna,Ravenna,RA,44.223187,11.62311
Castel Bolognese,castel bolognese,Emilia-Romagna,Ravenna,RA,44.320487,11.799258
Cervia,cervia,Emilia-Romagna,Ravenna,RA,44.260984,12.349546
Conselice,conselice,Emilia-Romagna,Ravenna,RA,44.512758,11.829174
Cotignola,cotignola,Emilia-Romagna,Ravenna,RA,44.383843,11.940217
Faenza,faenza,Emilia-Romagna,Ravenna,RA,44.285556,11.883205
Fusignano,fusignano,Emilia-Romagna,Ravenna,RA,44.467503,11.960192
Lugo,lugo,Emilia-Romagna,Ravenna,RA,44.418878,11.908231
Massa Lombarda,massa lombarda,Emilia-Romagna,Ravenna,RA,44.447386,11.826091
Ravenna,ravenna,Emilia-Romagna,Ravenna,RA,44.364061,12.059009
Riolo Terme,riolo terme,Emilia-Romagna,Ravenna,RA,44.277084,11.72452
Russi,russi,Emilia-Romagna,Ravenna,RA,44.370054,12.030417
Sant'Agata sul Santerno,sant'agata sul santerno,Emilia-Romagna,Ravenna,RA,44.44217,11.860124
Solarolo,solarolo,Emilia-Romagna,Ravenna,RA,44.360368,11.844525
Bagno di Romagna,bagno di romagna,Emilia-Romagna,Forlì-Cesena,FC,43.835227,11.959598
Bertinoro,bertinoro,Emilia-Romagna,Forlì-Cesena,FC,44.148665,12.134235
Borghi,borghi,Emilia-Romagna,Forlì-Cesena,FC,44.031591,12.354389
Castrocaro Terme e Terra del Sole,castrocaro terme e terra del sole,Emilia-Romagna,Forlì-Cesena,FC,44.182365,11.955631
Cesena,cesena,Emilia-Romagna,Forlì-Cesena,FC,44.136352,12.242244
Cesenatico,cesenatico,Emilia-Romagna,Forlì-Cesena,FC,44.199928,12.396969
Civitella di Romagna,civitella di romagna,Emilia-Romagna,Forlì-Cesena,FC,44.007171,11.941346
Dovadola,dovadola,Emilia-Romagna,Forlì-Cesena,FC,44.122574,11.888255
Forlì,forli,Emilia-Romagna,Forlì-Cesena,FC,44.222728,12.041273
Forlimpopoli,forlimpopoli,Emilia-Romagna,Forlì-Cesena,FC,44.187305,12.125906
Galeata,galeata,Emilia-Romagna,Forlì-Cesena,FC,43.996663,11.912006
Gambettola,gambettola,Emilia-Romagna,Forlì-Cesena,FC,44.116946,12.338764
Gatteo,gatteo,Emilia-Romagna,Forlì-Cesena,FC,44.109466,12.386042
Longiano,longiano,Emilia-Romagna,Forlì-Cesena,FC,44.074378,12.327473
Meldola,meldola,Emilia-Romagna,Forlì-Cesena,FC,44.126721,12.061153
Mercato Saraceno,mercato saraceno,Emilia-Romagna,Forlì-Cesena,FC,43.956744,12.195766
Modigliana,modigliana,Emilia-Romagna,Forlì-Cesena,FC,44.161163,11.793528
Montiano,montiano,Emilia-Romagna,Forlì-Cesena,FC,44.082965,12.30444
Portico e San Benedetto,portico e san benedetto,Emilia-Romagna,Forlì-Cesena,FC,44.003714,11.720184
Predappio,predappio,Emilia-Romagna,Forlì-Cesena,FC,44.102215,11.98162
Premilcuore,premilcuore,Emilia-Romagna,Forlì-Cesena,FC,43.975908,11.777527
Rocca San Casciano,rocca san casciano,Emilia-Romagna,Forlì-Cesena,FC,44.059096,11.842061
Roncofreddo,roncofreddo,Emilia-Romagna,Forlì-Cesena,FC,44.04224,12.31826
San Mauro Pascoli,san mauro pascoli,Emilia-Romagna,Forlì-Cesena,FC,44.106463,12.414898
Santa Sofia,santa sofia,Emilia-Romagna,Forlì-Cesena,FC,43.947267,11.908451
Sarsina,sarsina,Emilia-Romagna,Forlì-Cesena,FC,43.918758,12.143258
Savignano sul Rubicone,savignano sul rubicone,Emilia-Romagna,Forlì-Cesena,FC,44.092512,12.399131
Sogliano al Rubicone,sogliano al rubicone,Emilia-Romagna,Forlì-Cesena,FC,44.004663,12.300541
Tredozio,tredozio,Emilia-Romagna,Forlì-Cesena,FC,44.081042,11.744208
Verghereto,verghereto,Emilia-Romagna,Forlì-Cesena,FC,43.792956,12.003938
Bellaria-Igea Marina,bellaria-igea marina,Emilia-Romagna,Rimini,RN,44.142108,12.469694
Cattolica,cattolica,Emilia-Romagna,Rimini,RN,43.963993,12.744152
Coriano,coriano,Emilia-Romagna,Rimini,RN,43.965186,12.602374
Gemmano,gemmano,Emilia-Romagna,Rimini,RN,43.904162,12.583058
Misano Adriatico,misano adriatico,Emilia-Romagna,Rimini,RN,43.977495,12.698695
Mondaino,mondaino,Emilia-Romagna,Rimini,RN,43.855706,12.671392
Montefiore Conca,montefiore conca,Emilia-Romagna,Rimini,RN,43.890236,12.610315
Montegridolfo,montegridolfo,Emilia-Romagna,Rimini,RN,43859.0,12.688511
Morciano di Romagna,morciano di romagna,Emilia-Romagna,Rimini,RN,43.913748,12.646067
Riccione,riccione,Emilia-Romagna,Rimini,RN,43.998274,12.647437
Rimini,rimini,Emilia-Romagna,Rimini,RN,43.947098,12.630769
Saludecio,saludecio,Emilia-Romagna,Rimini,RN,43.872685,12.668507
San Clemente,san clemente,Emilia-Romagna,Rimini,RN,43.932205,12.625693
San Giovanni in Marignano,san giovanni in marignano,Emilia-Romagna,Rimini,RN,43.938668,12.712494
Santarcangelo di Romagna,santarcangelo di romagna,Emilia-Romagna,Rimini,RN,44.063382,12.446702
Verucchio,verucchio,Emilia-Romagna,Rimini,RN,43.983611,12.421163
Casteldelci,casteldelci,Emilia-Romagna,Rimini,RN,43.79115,12.155126
Maiolo,maiolo,Emilia-Romagna,Rimini,RN,43.87396,12.311144
Novafeltria,novafeltria,Emilia-Romagna,Rimini,RN,43.895727,12.290398
Pennabilli,pennabilli,Emilia-Romagna,Rimini,RN,43.817054,12.265276
San Leo,san leo,Emilia-Romagna,Rimini,RN,43.896961,12.343644
Sant'Agata Feltria,sant'agata feltria,Emilia-Romagna,Rimini,RN,43.864302,12.207999
Talamello,talamello,Emilia-Romagna,Rimini,RN,43.90499,12.285898
Poggio Torriana,poggio torriana,Emilia-Romagna,Rimini,RN,43.999848,12.39266
Montescudo-Monte Colombo,montescudo-monte colombo,Emilia-Romagna,Rimini,RN,43.931376,12.54223
Aulla,aulla,Toscana,Massa-Carrara,MS,44.214548,9.967787
Bagnone,bagnone,Toscana,Massa-Carrara,MS,44.314739,9.994655
Carrara,carrara,Toscana,Massa-Carrara,MS,44.07918,10.102353
Casola in Lunigiana,casola in lunigiana,Toscana,Massa-Carrara,MS,44.199961,10.17546
Comano,comano,Toscana,Massa-Carrara,MS,44.29354,10.131165
Filattiera,filattiera,Toscana,Massa-Carrara,MS,44.330791,9.934823
Fivizzano,fivizzano,Toscana,Massa-Carrara,MS,44.23835,10.12599
Fosdinovo,fosdinovo,Toscana,Massa-Carrara,MS,44.13382,10.018869
Licciana Nardi,licciana nardi,Toscana,Massa-Carrara,MS,44.2649,10.038437
Massa,massa,Toscana,Massa-Carrara,MS,44.035932,10.139552
Montignoso,montignoso,Toscana,Massa-Carrara,MS,44.02405,10.172591
Mulazzo,mulazzo,Toscana,Massa-Carrara,MS,44.315926,9.889626
Podenzana,podenzana,Toscana,Massa-Carrara,MS,44.206248,9.941986
Pontremoli,pontremoli,Toscana,Massa-Carrara,MS,44.375151,9.878882
Tresana,tresana,Toscana,Massa-Carrara,MS,44.254248,9.912885
Villafranca in Lunigiana,villafranca in lunigiana,Toscana,Massa-Carrara,MS,44.29467,9.949656
Zeri,zeri,Toscana,Massa-Carrara,MS,44.353717,9.763228
Altopascio,altopascio,Toscana,Lucca,LU,43.815041,10.674396
Bagni di Lucca,bagni di lucca,Toscana,Lucca,LU,44.009982,10.590633
Barga,barga,Toscana,Lucca,LU,44.073918,10.484263
Borgo a Mozzano,borgo a mozzano,Toscana,Lucca,LU,43.978948,10.545703
Camaiore,camaiore,Toscana,Lucca,LU,43.938061,10.303955
Camporgiano,camporgiano,Toscana,Lucca,LU,44.158056,10.335151
Capannori,capannori,Toscana,Lucca,LU,43.842039,10.573525
Careggine,careggine,Toscana,Lucca,LU,44.119949,10.325396
Castelnuovo di Garfagnana,castelnuovo di garfagnana,Toscana,Lucca,LU,44.110022,10.411786
Castiglione di Garfagnana,castiglione di garfagnana,Toscana,Lucca,LU,44.14995,10.410897
Coreglia Antelminelli,coreglia antelminelli,Toscana,Lucca,LU,44.063653,10.525509
Forte dei Marmi,forte dei marmi,Toscana,Lucca,LU,43.959589,10.169939
Fosciandora,fosciandora,Toscana,Lucca,LU,44.116476,10.459489
Gallicano,gallicano,Toscana,Lucca,LU,44.060651,10.435668
Lucca,lucca,Toscana,Lucca,LU,44.017764,10.45443
Massarosa,massarosa,Toscana,Lucca,LU,43.86765,10.339716
Minucciano,minucciano,Toscana,Lucca,LU,44.170449,10.207592
Molazzana,molazzana,Toscana,Lucca,LU,44.071749,10.417799
Montecarlo,montecarlo,Toscana,Lucca,LU,43.851186,10.667621
Pescaglia,pescaglia,Toscana,Lucca,LU,43.966246,10.4111
Piazza al Serchio,piazza al serchio,Toscana,Lucca,LU,44.183484,10.300924
Pietrasanta,pietrasanta,Toscana,Lucca,LU,43.958903,10.233203
Pieve Fosciana,pieve fosciana,Toscana,Lucca,LU,44.13227,10.410797
Porcari,porcari,Toscana,Lucca,LU,43.840902,10.617621
San Romano in Garfagnana,san romano in garfagnana,Toscana,Lucca,LU,44.169669,10.347051
Seravezza,seravezza,Toscana,Lucca,LU,43.994721,10.225772
Stazzema,stazzema,Toscana,Lucca,LU,44.011555,10.313534
Vagli Sotto,vagli sotto,Toscana,Lucca,LU,44.109248,10.288795
Viareggio,viareggio,Toscana,Lucca,LU,43.867239,10.250605
Villa Basilica,villa basilica,Toscana,Lucca,LU,43.927516,10.644575
Villa Collemandina,villa collemandina,Toscana,Lucca,LU,44.158759,10.397742
Fabbriche di Vergemoli,fabbriche di vergemoli,Toscana,Lucca,LU,44.014836,10.391052
Sillano Giuncugnano,sillano giuncugnano,Toscana,Lucca,LU,44.254506,10.315717
Agliana,agliana,Toscana,Pistoia,PT,43.903816,11.003396
Buggiano,buggiano,Toscana,Pistoia,PT,43.899935,10.726569
Lamporecchio,lamporecchio,Toscana,Pistoia,PT,43.81638,10.896283
Larciano,larciano,Toscana,Pistoia,PT,43.82504,10.856367
Marliana,marliana,Toscana,Pistoia,PT,43.9337,10.769276
Massa e Cozzile,massa e cozzile,Toscana,Pistoia,PT,43.91741,10.753727
Monsummano Terme,monsummano terme,Toscana,Pistoia,PT,43.870744,10.814016
Montale,montale,Toscana,Pistoia,PT,43.93524,11.015879
Montecatini-Terme,montecatini-terme,Toscana,Pistoia,PT,43.883179,10.770953
Pescia,pescia,Toscana,Pistoia,PT,43.90171,10.689781
Pieve a Nievole,pieve a nievole,Toscana,Pistoia,PT,43.879112,10.796112
Pistoia,pistoia,Toscana,Pistoia,PT,43.974096,10.868708
Ponte Buggianese,ponte buggianese,Toscana,Pistoia,PT,43.840935,10.747548
Quarrata,quarrata,Toscana,Pistoia,PT,43.8475,10.977701
Sambuca Pistoiese,sambuca pistoiese,Toscana,Pistoia,PT,44.054873,11.002508
Serravalle Pistoiese,serravalle pistoiese,Toscana,Pistoia,PT,43.90585,10.83302
Uzzano,uzzano,Toscana,Pistoia,PT,43.892628,10.706057
Chiesina Uzzanese,chiesina uzzanese,Toscana,Pistoia,PT,43.8391,10.719342
Abetone Cutigliano,abetone cutigliano,Toscana,Pistoia,PT,44.124864,10.711228
San Marcello Piteglio,san marcello piteglio,Toscana,Pistoia,PT,44.067673,10.812002
Bagno a Ripoli,bagno a ripoli,Toscana,Firenze,FI,43.752172,11.319995
Barberino di Mugello,barberino di mugello,Toscana,Firenze,FI,44.000541,11.238381
Borgo San Lorenzo,borgo san lorenzo,Toscana,Firenze,FI,43.954248,11.386468
Calenzano,calenzano,Toscana,Firenze,FI,43.865249,11.167368
Campi Bisenzio,campi bisenzio,Toscana,Firenze,FI,43.821634,11.136678
Capraia e Limite,capraia e limite,Toscana,Firenze,FI,43.759563,10.9997
Castelfiorentino,castelfiorentino,Toscana,Firenze,FI,43.605607,10.971248
Cerreto Guidi,cerreto guidi,Toscana,Firenze,FI,43.758922,10.879013
Certaldo,certaldo,Toscana,Firenze,FI,43.547853,11.041199
Dicomano,dicomano,Toscana,Firenze,FI,43.891962,11.52365
Empoli,empoli,Toscana,Firenze,FI,43.719488,10.945856
Fiesole,fiesole,Toscana,Firenze,FI,43.806669,11.293074
Firenze,firenze,Toscana,Firenze,FI,43.769871,11.255576
Firenzuola,firenzuola,Toscana,Firenze,FI,44.119079,11.379227
Fucecchio,fucecchio,Toscana,Firenze,FI,43.729202,10.808205
Gambassi Terme,gambassi terme,Toscana,Firenze,FI,43.539113,10.954075
Greve in Chianti,greve in chianti,Toscana,Firenze,FI,43.58246,11.316873
Impruneta,impruneta,Toscana,Firenze,FI,43.685345,11.254664
Lastra a Signa,lastra a signa,Toscana,Firenze,FI,43.770985,11.107215
Londa,londa,Toscana,Firenze,FI,43.860567,11.566812
Marradi,marradi,Toscana,Firenze,FI,44.075738,11.612896
Montaione,montaione,Toscana,Firenze,FI,43.552937,10.912773
Montelupo Fiorentino,montelupo fiorentino,Toscana,Firenze,FI,43.733153,11.020877
Montespertoli,montespertoli,Toscana,Firenze,FI,43.64355,11.075141
Palazzuolo sul Senio,palazzuolo sul senio,Toscana,Firenze,FI,44.112297,11.54774
Pelago,pelago,Toscana,Firenze,FI,43.771824,11.50463
Pontassieve,pontassieve,Toscana,Firenze,FI,43.775426,11.439991
Reggello,reggello,Toscana,Firenze,FI,43.683088,11.536896
Rignano sull'Arno,rignano sull'arno,Toscana,Firenze,FI,43.72105,11.451427
Rufina,rufina,Toscana,Firenze,FI,43.826668,11.490078
San Casciano in Val di Pesa,san casciano in val di pesa,Toscana,Firenze,FI,43.65696,11.185668
San Godenzo,san godenzo,Toscana,Firenze,FI,43.925556,11.618428
Scandicci,scandicci,Toscana,Firenze,FI,43.75671,11.184762
Sesto Fiorentino,sesto fiorentino,Toscana,Firenze,FI,43.831721,11.199224
Signa,signa,Toscana,Firenze,FI,43.780693,11.096453
Vaglia,vaglia,Toscana,Firenze,FI,43.907149,11.281814
Vicchio,vicchio,Toscana,Firenze,FI,43.933235,11.46529
Vinci,vinci,Toscana,Firenze,FI,43.787397,10.927106
Figline e Incisa Valdarno,figline e incisa valdarno,Toscana,Firenze,FI,43.630795,11.462946
Scarperia e San Piero,scarperia e san piero,Toscana,Firenze,FI,44.010965,11.33135
Barberino Tavarnelle,barberino tavarnelle,Toscana,Firenze,FI,43.545562,11.204681
Bibbona,bibbona,Toscana,Livorno,LI,43.269784,10.59727
Campiglia Marittima,campiglia marittima,Toscana,Livorno,LI,43.060628,10.615496
Campo nell'Elba,campo nell'elba,Toscana,Livorno,LI,42.758772,10.19897
Capoliveri,capoliveri,Toscana,Livorno,LI,42.743452,10.37878
Capraia Isola,capraia isola,Toscana,Livorno,LI,43.04818,9.843401
Castagneto Carducci,castagneto carducci,Toscana,Livorno,LI,43.160742,10.611006
Cecina,cecina,Toscana,Livorno,LI,43.311345,10.517344
Collesalvetti,collesalvetti,Toscana,Livorno,LI,43.588912,10.476264
Livorno,livorno,Toscana,Livorno,LI,42.790219,10.340281
Marciana,marciana,Toscana,Livorno,LI,42.789422,10.168535
Marciana Marina,marciana marina,Toscana,Livorno,LI,42.803608,10.196768
Piombino,piombino,Toscana,Livorno,LI,42.923166,10.526819
Porto Azzurro,porto azzurro,Toscana,Livorno,LI,42.766298,10.395753
Portoferraio,portoferraio,Toscana,Livorno,LI,42.811582,10.313053
Rosignano Marittimo,rosignano marittimo,Toscana,Livorno,LI,43.406786,10.473366
San Vincenzo,san vincenzo,Toscana,Livorno,LI,43.100695,10.538791
Sassetta,sassetta,Toscana,Livorno,LI,43.128991,10.643908
Suvereto,suvereto,Toscana,Livorno,LI,43.079015,10.678681
Rio,rio,Toscana,Livorno,LI,42.832548,10.411777
Bientina,bientina,Toscana,Pisa,PI,43.710184,10.620321
Buti,buti,Toscana,Pisa,PI,43.727302,10.587717
Calci,calci,Toscana,Pisa,PI,43.725799,10.515281
Calcinaia,calcinaia,Toscana,Pisa,PI,43.683201,10.615308
Capannoli,capannoli,Toscana,Pisa,PI,43.586731,10.674457
Casale Marittimo,casale marittimo,Toscana,Pisa,PI,43.297061,10.615308
Cascina,cascina,Toscana,Pisa,PI,43.676674,10.549224
Castelfranco di Sotto,castelfranco di sotto,Toscana,Pisa,PI,43.699715,10.745178
Castellina Marittima,castellina marittima,Toscana,Pisa,PI,43.412569,10.576177
Castelnuovo di Val di Cecina,castelnuovo di val di cecina,Toscana,Pisa,PI,43.207998,10.906051
Chianni,chianni,Toscana,Pisa,PI,43.48612,10.642362
Fauglia,fauglia,Toscana,Pisa,PI,43.570638,10.514409
Guardistallo,guardistallo,Toscana,Pisa,PI,43.312708,10.63284
Lajatico,lajatico,Toscana,Pisa,PI,43.475418,10.728284
Montecatini Val di Cecina,montecatini val di cecina,Toscana,Pisa,PI,43.392816,10.749093
Montescudaio,montescudaio,Toscana,Pisa,PI,43.326278,10.626995
Monteverdi Marittimo,monteverdi marittimo,Toscana,Pisa,PI,43.177439,10.714408
Montopoli in Val d'Arno,montopoli in val d'arno,Toscana,Pisa,PI,43.670299,10.760832
Orciano Pisano,orciano pisano,Toscana,Pisa,PI,43.494436,10.51151
Palaia,palaia,Toscana,Pisa,PI,43.605041,10.772014
Peccioli,peccioli,Toscana,Pisa,PI,43.548027,10.720848
Pisa,pisa,Toscana,Pisa,PI,43.71594,10.401862
Pomarance,pomarance,Toscana,Pisa,PI,43.299237,10.872401
Ponsacco,ponsacco,Toscana,Pisa,PI,43.620713,10.630829
Pontedera,pontedera,Toscana,Pisa,PI,43.663454,10.635485
Riparbella,riparbella,Toscana,Pisa,PI,43.364625,10.599529
San Giuliano Terme,san giuliano terme,Toscana,Pisa,PI,43.762996,10.44104
San Miniato,san miniato,Toscana,Pisa,PI,43.67975,10.850095
Santa Croce sull'Arno,santa croce sull'arno,Toscana,Pisa,PI,43.710108,10.781941
Santa Luce,santa luce,Toscana,Pisa,PI,43.472336,10.563512
Santa Maria a Monte,santa maria a monte,Toscana,Pisa,PI,43.698064,10.692998
Terricciola,terricciola,Toscana,Pisa,PI,43.524738,10.680114
Vecchiano,vecchiano,Toscana,Pisa,PI,43.783342,10.384403
Vicopisano,vicopisano,Toscana,Pisa,PI,43.699832,10.584695
Volterra,volterra,Toscana,Pisa,PI,43.400337,10.860019
Casciana Terme Lari,casciana terme lari,Toscana,Pisa,PI,43.552159,10.594206
Crespina Lorenzana,crespina lorenzana,Toscana,Pisa,PI,43.587912,10.554653
Anghiari,anghiari,Toscana,Arezzo,AR,43.540966,12.054582
Arezzo,arezzo,Toscana,Arezzo,AR,43.517202,11.763879
Badia Tedalda,badia tedalda,Toscana,Arezzo,AR,43.709208,12.184876
Bibbiena,bibbiena,Toscana,Arezzo,AR,43.695548,11.817341
Bucine,bucine,Toscana,Arezzo,AR,43.479199,11.616975
Capolona,capolona,Toscana,Arezzo,AR,43.563998,11.858786
Caprese Michelangelo,caprese michelangelo,Toscana,Arezzo,AR,43.639852,11.98484
Castel Focognano,castel focognano,Toscana,Arezzo,AR,43.654028,11.788439
Castel San Niccolò,castel san niccolo,Toscana,Arezzo,AR,43.722917,11.656598
Castiglion Fibocchi,castiglion fibocchi,Toscana,Arezzo,AR,43.527965,11.763176
Castiglion Fiorentino,castiglion fiorentino,Toscana,Arezzo,AR,43.341715,11.92378
Cavriglia,cavriglia,Toscana,Arezzo,AR,43.521874,11.488972
Chitignano,chitignano,Toscana,Arezzo,AR,43.662352,11.881338
Chiusi della Verna,chiusi della verna,Toscana,Arezzo,AR,43.695024,11.938632
Civitella in Val di Chiana,civitella in val di chiana,Toscana,Arezzo,AR,43.402527,11.735586
Cortona,cortona,Toscana,Arezzo,AR,43.275298,11.985062
Foiano della Chiana,foiano della chiana,Toscana,Arezzo,AR,43.252454,11.81876
Loro Ciuffenna,loro ciuffenna,Toscana,Arezzo,AR,43.592286,11.633007
Lucignano,lucignano,Toscana,Arezzo,AR,43.274463,11746.0
Marciano della Chiana,marciano della chiana,Toscana,Arezzo,AR,43.305227,11.786366
Montemignaio,montemignaio,Toscana,Arezzo,AR,43.739895,11.620012
Monterchi,monterchi,Toscana,Arezzo,AR,43.485631,12.111681
Monte San Savino,monte san savino,Toscana,Arezzo,AR,43.331423,11.725351
Montevarchi,montevarchi,Toscana,Arezzo,AR,43.5235,11.567591
Ortignano Raggiolo,ortignano raggiolo,Toscana,Arezzo,AR,43.672777,11.715607
Pieve Santo Stefano,pieve santo stefano,Toscana,Arezzo,AR,43.669357,12.041589
Poppi,poppi,Toscana,Arezzo,AR,43.72276,11.76607
San Giovanni Valdarno,san giovanni valdarno,Toscana,Arezzo,AR,43.56493,11.530595
Sansepolcro,sansepolcro,Toscana,Arezzo,AR,43.570078,12.140377
Sestino,sestino,Toscana,Arezzo,AR,43.70835,12.296534
Subbiano,subbiano,Toscana,Arezzo,AR,43.574848,11.870369
Talla,talla,Toscana,Arezzo,AR,43.601541,11.78802
Terranuova Bracciolini,terranuova bracciolini,Toscana,Arezzo,AR,43.551208,11.585827
Castelfranco Piandiscò,castelfranco piandisco,Toscana,Arezzo,AR,43.639512,11.564623
Pratovecchio Stia,pratovecchio stia,Toscana,Arezzo,AR,43.822039,11.699291
Laterina Pergine Valdarno,laterina pergine valdarno,Toscana,Arezzo,AR,43.492534,11.68808
Abbadia San Salvatore,abbadia san salvatore,Toscana,Siena,SI,42.880972,11.67242
Asciano,asciano,Toscana,Siena,SI,43.234857,11.55946
Buonconvento,buonconvento,Toscana,Siena,SI,43.137583,11.48132
Casole d'Elsa,casole d'elsa,Toscana,Siena,SI,43.341697,11.042949
Castellina in Chianti,castellina in chianti,Toscana,Siena,SI,43.469179,11.287286
Castelnuovo Berardenga,castelnuovo berardenga,Toscana,Siena,SI,43.346341,11.503334
Castiglione d'Orcia,castiglione d'orcia,Toscana,Siena,SI,43.007117,11.615541
Cetona,cetona,Toscana,Siena,SI,42.964739,11.900411
Chianciano Terme,chianciano terme,Toscana,Siena,SI,43.058255,11.828429
Chiusdino,chiusdino,Toscana,Siena,SI,43.154634,11.084228
Chiusi,chiusi,Toscana,Siena,SI,43.016047,11.947524
Colle di Val d'Elsa,colle di val d'elsa,Toscana,Siena,SI,43.422646,11.126394
Gaiole in Chianti,gaiole in chianti,Toscana,Siena,SI,43.468295,11.4342
Montepulciano,montepulciano,Toscana,Siena,SI,43.092723,11.780972
Monteriggioni,monteriggioni,Toscana,Siena,SI,43.390059,11.223389
Monteroni d'Arbia,monteroni d'arbia,Toscana,Siena,SI,43.229334,11.420933
Monticiano,monticiano,Toscana,Siena,SI,43.13967,11.180126
Murlo,murlo,Toscana,Siena,SI,43.160765,11.387924
Piancastagnaio,piancastagnaio,Toscana,Siena,SI,42.848967,11.692881
Pienza,pienza,Toscana,Siena,SI,43.076546,11.678908
Poggibonsi,poggibonsi,Toscana,Siena,SI,43.465028,11.148337
Radda in Chianti,radda in chianti,Toscana,Siena,SI,43.487052,11.3747
Radicofani,radicofani,Toscana,Siena,SI,42.896507,11.769706
Radicondoli,radicondoli,Toscana,Siena,SI,43.26125,11.042082
Rapolano Terme,rapolano terme,Toscana,Siena,SI,43.287251,11.602927
San Casciano dei Bagni,san casciano dei bagni,Toscana,Siena,SI,42.871756,11.874953
San Gimignano,san gimignano,Toscana,Siena,SI,43.467799,11.043212
San Quirico d'Orcia,san quirico d'orcia,Toscana,Siena,SI,43.059335,11.604409
Sarteano,sarteano,Toscana,Siena,SI,42.989911,11.868732
Siena,siena,Toscana,Siena,SI,43.167225,11.467181
Sinalunga,sinalunga,Toscana,Siena,SI,43.212124,11.736483
Sovicille,sovicille,Toscana,Siena,SI,43.280602,11.228176
Torrita di Siena,torrita di siena,Toscana,Siena,SI,43.16676,11.771647
Trequanda,trequanda,Toscana,Siena,SI,43.188939,11.667385
Montalcino,montalcino,Toscana,Siena,SI,43.0583,11.490066
Arcidosso,arcidosso,Toscana,Grosseto,GR,42.871631,11.538343
Campagnatico,campagnatico,Toscana,Grosseto,GR,42.883729,11.273537
Capalbio,capalbio,Toscana,Grosseto,GR,42.454879,11.419515
Castel del Piano,castel del piano,Toscana,Grosseto,GR,42.893235,11.53838
Castell'Azzara,castell'azzara,Toscana,Grosseto,GR,42.77163,11.699248
Castiglione della Pescaia,castiglione della pescaia,Toscana,Grosseto,GR,42.76393,10.879092
Cinigiano,cinigiano,Toscana,Grosseto,GR,42.890407,11.392892
Civitella Paganico,civitella paganico,Toscana,Grosseto,GR,43.024126,11.28931
Follonica,follonica,Toscana,Grosseto,GR,42.926326,10.761625
Gavorrano,gavorrano,Toscana,Grosseto,GR,42.925374,10.905803
Grosseto,grosseto,Toscana,Grosseto,GR,42.77511,11.287804
Isola del Giglio,isola del giglio,Toscana,Grosseto,GR,42.353169,10.896463
Magliano in Toscana,magliano in toscana,Toscana,Grosseto,GR,42.599442,11.291739
Manciano,manciano,Toscana,Grosseto,GR,42.587336,11.515988
Massa Marittima,massa marittima,Toscana,Grosseto,GR,43.050103,10.888059
Monte Argentario,monte argentario,Toscana,Grosseto,GR,42.407352,11.150384
Montieri,montieri,Toscana,Grosseto,GR,43.130677,11.016279
Orbetello,orbetello,Toscana,Grosseto,GR,42.438094,11.210743
Pitigliano,pitigliano,Toscana,Grosseto,GR,42.634827,11.673549
Roccalbegna,roccalbegna,Toscana,Grosseto,GR,42.785975,11.507682
Roccastrada,roccastrada,Toscana,Grosseto,GR,43.009931,11.166532
Santa Fiora,santa fiora,Toscana,Grosseto,GR,42.831581,11.585866
Scansano,scansano,Toscana,Grosseto,GR,42.688369,11.335453
Scarlino,scarlino,Toscana,Grosseto,GR,42.907402,10.851975
Seggiano,seggiano,Toscana,Grosseto,GR,42.928832,11.558242
Sorano,sorano,Toscana,Grosseto,GR,42.681466,11.713572
Monterotondo Marittimo,monterotondo marittimo,Toscana,Grosseto,GR,43.145553,10.855834
Semproniano,semproniano,Toscana,Grosseto,GR,42.730658,11.540346
Cantagallo,cantagallo,Toscana,Prato,PO,44.022193,11.079774
Carmignano,carmignano,Toscana,Prato,PO,43.814065,11.01903
Montemurlo,montemurlo,Toscana,Prato,PO,43.926966,11.03744
Poggio a Caiano,poggio a caiano,Toscana,Prato,PO,43.816089,11.05465
Prato,prato,Toscana,Prato,PO,43.935718,11.094147
Vaiano,vaiano,Toscana,Prato,PO,43.969012,11.124072
Vernio,vernio,Toscana,Prato,PO,44.044051,11.14988
Assisi,assisi,Umbria,Perugia,PG,43.071195,12.614667
Bastia Umbra,bastia umbra,Umbria,Perugia,PG,43.067755,12.549582
Bettona,bettona,Umbria,Perugia,PG,43.013614,12.484756
Bevagna,bevagna,Umbria,Perugia,PG,42.934075,12.609121
Campello sul Clitunno,campello sul clitunno,Umbria,Perugia,PG,42.822868,12.776263
Cannara,cannara,Umbria,Perugia,PG,42.994742,12.579363
Cascia,cascia,Umbria,Perugia,PG,42.717008,13.013502
Castel Ritaldi,castel ritaldi,Umbria,Perugia,PG,42.82326,12.672287
Castiglione del Lago,castiglione del lago,Umbria,Perugia,PG,43.127141,12.04525
Cerreto di Spoleto,cerreto di spoleto,Umbria,Perugia,PG,42.821042,12.917629
Citerna,citerna,Umbria,Perugia,PG,43.498407,12.115516
Città della Pieve,citta della pieve,Umbria,Perugia,PG,42.952734,12.004326
Città di Castello,citta di castello,Umbria,Perugia,PG,43.457421,12.240312
Collazzone,collazzone,Umbria,Perugia,PG,42.900468,12.435186
Corciano,corciano,Umbria,Perugia,PG,43.129027,12.287718
Costacciaro,costacciaro,Umbria,Perugia,PG,43.360409,12.712378
Deruta,deruta,Umbria,Perugia,PG,42.98229,12.419588
Foligno,foligno,Umbria,Perugia,PG,42.956183,12.703334
Fossato di Vico,fossato di vico,Umbria,Perugia,PG,43.297628,12.75988
Fratta Todina,fratta todina,Umbria,Perugia,PG,42.857978,12.364672
Giano dell'Umbria,giano dell'umbria,Umbria,Perugia,PG,42.833467,12.577711
Gualdo Cattaneo,gualdo cattaneo,Umbria,Perugia,PG,42.909409,12.555816
Gualdo Tadino,gualdo tadino,Umbria,Perugia,PG,43.231652,12.780962
Gubbio,gubbio,Umbria,Perugia,PG,43.351788,12.577267
Lisciano Niccone,lisciano niccone,Umbria,Perugia,PG,43.246844,12.14305
Magione,magione,Umbria,Perugia,PG,43.142737,12.203496
Marsciano,marsciano,Umbria,Perugia,PG,42.910028,12.337042
Massa Martana,massa martana,Umbria,Perugia,PG,42.773137,12.524966
Monte Castello di Vibio,monte castello di vibio,Umbria,Perugia,PG,42.840694,12.352286
Montefalco,montefalco,Umbria,Perugia,PG,42.891874,12.650067
Monteleone di Spoleto,monteleone di spoleto,Umbria,Perugia,PG,42.651006,12.95156
Monte Santa Maria Tiberina,monte santa maria tiberina,Umbria,Perugia,PG,43.437781,12.162544
Montone,montone,Umbria,Perugia,PG,43.362337,12.326328
Nocera Umbra,nocera umbra,Umbria,Perugia,PG,43.113619,12.788608
Norcia,norcia,Umbria,Perugia,PG,42.792412,13.092928
Paciano,paciano,Umbria,Perugia,PG,43.022434,12.070523
Panicale,panicale,Umbria,Perugia,PG,43.029059,12.098364
Passignano sul Trasimeno,passignano sul trasimeno,Umbria,Perugia,PG,43.184742,12.136838
Perugia,perugia,Umbria,Perugia,PG,43.107032,12.402996
Piegaro,piegaro,Umbria,Perugia,PG,42.969772,12.086347
Pietralunga,pietralunga,Umbria,Perugia,PG,43.442205,12.437194
Poggiodomo,poggiodomo,Umbria,Perugia,PG,42.711239,12.933876
Preci,preci,Umbria,Perugia,PG,42.878489,13.039082
San Giustino,san giustino,Umbria,Perugia,PG,43.54898,12.17583
Sant'Anatolia di Narco,sant'anatolia di narco,Umbria,Perugia,PG,42.733758,12.835586
Scheggia e Pascelupo,scheggia e pascelupo,Umbria,Perugia,PG,43.418266,12.712678
Scheggino,scheggino,Umbria,Perugia,PG,42.712556,12.831366
Sellano,sellano,Umbria,Perugia,PG,42.888409,12.926329
Sigillo,sigillo,Umbria,Perugia,PG,43.33135,12.742284
Spello,spello,Umbria,Perugia,PG,42.990945,12.671775
Spoleto,spoleto,Umbria,Perugia,PG,42.735512,12.736336
Todi,todi,Umbria,Perugia,PG,42.782443,12.406255
Torgiano,torgiano,Umbria,Perugia,PG,43.028542,12.44136
Trevi,trevi,Umbria,Perugia,PG,42.877497,12.747455
Tuoro sul Trasimeno,tuoro sul trasimeno,Umbria,Perugia,PG,43.206848,12.074615
Umbertide,umbertide,Umbria,Perugia,PG,43.305636,12.336622
Valfabbrica,valfabbrica,Umbria,Perugia,PG,43.158897,12.600896
Vallo di Nera,vallo di nera,Umbria,Perugia,PG,42.754621,12.86376
Valtopina,valtopina,Umbria,Perugia,PG,43.058283,12.754656
Acquasparta,acquasparta,Umbria,Terni,TR,42.691172,12.546451
Allerona,allerona,Umbria,Terni,TR,42.812033,11.973053
Alviano,alviano,Umbria,Terni,TR,42.588208,12.295936
Amelia,amelia,Umbria,Terni,TR,42.553528,12.416776
Arrone,arrone,Umbria,Terni,TR,42.583433,12.769865
Attigliano,attigliano,Umbria,Terni,TR,42.514334,12.292508
Baschi,baschi,Umbria,Terni,TR,42.670284,12.216135
Calvi dell'Umbria,calvi dell'umbria,Umbria,Terni,TR,42.403124,12.567432
Castel Giorgio,castel giorgio,Umbria,Terni,TR,42.707894,11.979391
Castel Viscardo,castel viscardo,Umbria,Terni,TR,42.754674,12.001303
Fabro,fabro,Umbria,Terni,TR,42.86348,12.012882
Ferentillo,ferentillo,Umbria,Terni,TR,42.620768,12.788726
Ficulle,ficulle,Umbria,Terni,TR,42.836274,12.065609
Giove,giove,Umbria,Terni,TR,43.081478,12.775591
Guardea,guardea,Umbria,Terni,TR,42.623382,12.297664
Lugnano in Teverina,lugnano in teverina,Umbria,Terni,TR,42.574226,12.330785
Montecastrilli,montecastrilli,Umbria,Terni,TR,42.652434,12.488567
Montecchio,montecchio,Umbria,Terni,TR,42.663533,12.286862
Montefranco,montefranco,Umbria,Terni,TR,42.597735,12.76526
Montegabbione,montegabbione,Umbria,Terni,TR,42.921006,12.092364
Monteleone d'Orvieto,monteleone d'orvieto,Umbria,Terni,TR,42.918494,12.051145
Narni,narni,Umbria,Terni,TR,42.519589,12.515226
Orvieto,orvieto,Umbria,Terni,TR,42.718615,12.108791
Otricoli,otricoli,Umbria,Terni,TR,42.423023,12.477686
Parrano,parrano,Umbria,Terni,TR,42.863933,12.106128
Penna in Teverina,penna in teverina,Umbria,Terni,TR,42.492952,12.355648
Polino,polino,Umbria,Terni,TR,42.584824,12.842802
Porano,porano,Umbria,Terni,TR,42.68171,12.102062
San Gemini,san gemini,Umbria,Terni,TR,42.612701,12.546505
San Venanzo,san venanzo,Umbria,Terni,TR,42.869337,12.269859
Stroncone,stroncone,Umbria,Terni,TR,42.502332,12.659973
Terni,terni,Umbria,Terni,TR,42.653752,12.439812
Avigliano Umbro,avigliano umbro,Umbria,Terni,TR,42.654834,12.426165
Acqualagna,acqualagna,Marche,Pesaro e Urbino,PU,43.625884,12.675974
Apecchio,apecchio,Marche,Pesaro e Urbino,PU,43.558554,12.420951
Belforte all'Isauro,belforte all'isauro,Marche,Pesaro e Urbino,PU,43.716553,12.376048
Borgo Pace,borgo pace,Marche,Pesaro e Urbino,PU,43.657084,12.293588
Cagli,cagli,Marche,Pesaro e Urbino,PU,43.545737,12.651788
Cantiano,cantiano,Marche,Pesaro e Urbino,PU,43.474309,12.628815
Carpegna,carpegna,Marche,Pesaro e Urbino,PU,43.781434,12.336446
Cartoceto,cartoceto,Marche,Pesaro e Urbino,PU,43.765663,12.883458
Fano,fano,Marche,Pesaro e Urbino,PU,43.842417,13.014663
Fermignano,fermignano,Marche,Pesaro e Urbino,PU,43.676758,12.645373
Fossombrone,fossombrone,Marche,Pesaro e Urbino,PU,43.690797,12.812612
Fratte Rosa,fratte rosa,Marche,Pesaro e Urbino,PU,43.631954,12.901843
Frontino,frontino,Marche,Pesaro e Urbino,PU,43.764558,12.376747
Frontone,frontone,Marche,Pesaro e Urbino,PU,43.513723,12.734482
Gabicce Mare,gabicce mare,Marche,Pesaro e Urbino,PU,43.966874,12.75631
Gradara,gradara,Marche,Pesaro e Urbino,PU,43.938866,12.771253
Isola del Piano,isola del piano,Marche,Pesaro e Urbino,PU,43.737761,12.784057
Lunano,lunano,Marche,Pesaro e Urbino,PU,43.730475,12.441417
Macerata Feltria,macerata feltria,Marche,Pesaro e Urbino,PU,43.803364,12.443415
Mercatello sul Metauro,mercatello sul metauro,Marche,Pesaro e Urbino,PU,43.647355,12.336648
Mercatino Conca,mercatino conca,Marche,Pesaro e Urbino,PU,43.870162,12.491148
Mombaroccio,mombaroccio,Marche,Pesaro e Urbino,PU,43.795063,12.854757
Mondavio,mondavio,Marche,Pesaro e Urbino,PU,43.674205,12.968771
Mondolfo,mondolfo,Marche,Pesaro e Urbino,PU,43.750769,13.096891
Montecalvo in Foglia,montecalvo in foglia,Marche,Pesaro e Urbino,PU,43.811562,12.631052
Monte Cerignone,monte cerignone,Marche,Pesaro e Urbino,PU,43.84046,12.414747
Montecopiolo,montecopiolo,Emilia-Romagna,Rimini,RN,43.841314,12.370434
Montefelcino,montefelcino,Marche,Pesaro e Urbino,PU,43.734761,12.833958
Monte Grimano Terme,monte grimano terme,Marche,Pesaro e Urbino,PU,43.867661,12.471247
Montelabbate,montelabbate,Marche,Pesaro e Urbino,PU,43.848864,12.787955
Monte Porzio,monte porzio,Marche,Pesaro e Urbino,PU,43.689697,13.04569
Peglio,peglio,Marche,Pesaro e Urbino,PU,43.696458,12.497851
Pergola,pergola,Marche,Pesaro e Urbino,PU,43.56321,12.836317
Pesaro,pesaro,Marche,Pesaro e Urbino,PU,43.909811,12.913123
Petriano,petriano,Marche,Pesaro e Urbino,PU,43.779162,12.733355
Piandimeleto,piandimeleto,Marche,Pesaro e Urbino,PU,43.724158,12.411048
Pietrarubbia,pietrarubbia,Marche,Pesaro e Urbino,PU,43.797747,12.382665
Piobbico,piobbico,Marche,Pesaro e Urbino,PU,43.589272,12.50943
San Costanzo,san costanzo,Marche,Pesaro e Urbino,PU,43.766164,13.072763
San Lorenzo in Campo,san lorenzo in campo,Marche,Pesaro e Urbino,PU,43.604117,12.945724
Sant'Angelo in Vado,sant'angelo in vado,Marche,Pesaro e Urbino,PU,43.663161,12.405361
Sant'Ippolito,sant'ippolito,Marche,Pesaro e Urbino,PU,43.685715,12.871689
Sassofeltrio,sassofeltrio,Emilia-Romagna,Rimini,RN,43.891962,12.510183
Serra Sant'Abbondio,serra sant'abbondio,Marche,Pesaro e Urbino,PU,43.491387,12.772197
Tavoleto,tavoleto,Marche,Pesaro e Urbino,PU,43.84385,12.593924
Tavullia,tavullia,Marche,Pesaro e Urbino,PU,43.897756,12.75479
Urbania,urbania,Marche,Pesaro e Urbino,PU,43.668257,12.524113
Urbino,urbino,Marche,Pesaro e Urbino,PU,43.726261,12.636314
Vallefoglia,vallefoglia,Marche,Pesaro e Urbino,PU,43.828405,12.7247
Colli al Metauro,colli al metauro,Marche,Pesaro e Urbino,PU,43.742315,12.908919
Terre Roveresche,terre roveresche,Marche,Pesaro e Urbino,PU,43.700587,12.957708
Sassocorvaro Auditore,sassocorvaro auditore,Marche,Pesaro e Urbino,PU,43.810262,12.540175
Agugliano,agugliano,Marche,Ancona,AN,43.543375,13.386587
Ancona,ancona,Marche,Ancona,AN,43.48012,13.218791
Arcevia,arcevia,Marche,Ancona,AN,43.49945,12.940096
Barbara,barbara,Marche,Ancona,AN,43.581154,13.026481
Belvedere Ostrense,belvedere ostrense,Marche,Ancona,AN,43.580495,13.166127
Camerano,camerano,Marche,Ancona,AN,43.531268,13.551574
Camerata Picena,camerata picena,Marche,Ancona,AN,43.578135,13.352735
Castelbellino,castelbellino,Marche,Ancona,AN,43.486758,13.144668
Castelfidardo,castelfidardo,Marche,Ancona,AN,43.464574,13.5467
Castelleone di Suasa,castelleone di suasa,Marche,Ancona,AN,43.607765,12.976126
Castelplanio,castelplanio,Marche,Ancona,AN,43.493058,13.081867
Cerreto d'Esi,cerreto d'esi,Marche,Ancona,AN,43.316789,12.987124
Chiaravalle,chiaravalle,Marche,Ancona,AN,43.602662,13.324571
Corinaldo,corinaldo,Marche,Ancona,AN,43.648816,13.047659
Cupramontana,cupramontana,Marche,Ancona,AN,43.445554,13.1156
Fabriano,fabriano,Marche,Ancona,AN,43.335841,12.904619
Falconara Marittima,falconara marittima,Marche,Ancona,AN,43.629397,13.396676
Filottrano,filottrano,Marche,Ancona,AN,43.436659,13.354474
Genga,genga,Marche,Ancona,AN,43.429655,12.934965
Jesi,jesi,Marche,Ancona,AN,43.52198,13.244376
Loreto,loreto,Marche,Ancona,AN,43.439498,13.607021
Maiolati Spontini,maiolati spontini,Marche,Ancona,AN,43.477658,13.121768
Mergo,mergo,Marche,Ancona,AN,43.472357,13.036766
Monsano,monsano,Marche,Ancona,AN,43.562561,13.25007
Montecarotto,montecarotto,Marche,Ancona,AN,43.526311,13.06301
Montemarciano,montemarciano,Marche,Ancona,AN,43.638863,13.30747
Monte Roberto,monte roberto,Marche,Ancona,AN,43.48135,13.138378
Monte San Vito,monte san vito,Marche,Ancona,AN,43.600562,13.26817
Morro d'Alba,morro d'alba,Marche,Ancona,AN,43.601097,13.213846
Numana,numana,Marche,Ancona,AN,43.510344,13.622637
Offagna,offagna,Marche,Ancona,AN,43.527682,13.441472
Osimo,osimo,Marche,Ancona,AN,43.486136,13.482407
Ostra,ostra,Marche,Ancona,AN,43.612527,13.158061
Ostra Vetere,ostra vetere,Marche,Ancona,AN,43.603749,13.058186
Poggio San Marcello,poggio san marcello,Marche,Ancona,AN,43.511158,13.073667
Polverigi,polverigi,Marche,Ancona,AN,43.525561,13.392073
Rosora,rosora,Marche,Ancona,AN,43.483258,13.068867
San Marcello,san marcello,Marche,Ancona,AN,43.576061,13.206068
San Paolo di Jesi,san paolo di jesi,Marche,Ancona,AN,43.454558,13.17277
Santa Maria Nuova,santa maria nuova,Marche,Ancona,AN,43.49406,13.311672
Sassoferrato,sassoferrato,Marche,Ancona,AN,43.432655,12.857263
Senigallia,senigallia,Marche,Ancona,AN,43.714906,13.217742
Serra de' Conti,serra de' conti,Marche,Ancona,AN,43.54331,13.037191
Serra San Quirico,serra san quirico,Marche,Ancona,AN,43.447683,13.01386
Sirolo,sirolo,Marche,Ancona,AN,43.524689,13.617846
Staffolo,staffolo,Marche,Ancona,AN,43.433074,13.1862
Trecastelli,trecastelli,Marche,Ancona,AN,43.686813,13.109822
Apiro,apiro,Marche,Macerata,MC,43.392256,13.131157
Appignano,appignano,Marche,Macerata,MC,43.363732,13.346596
Belforte del Chienti,belforte del chienti,Marche,Macerata,MC,43.162552,13.245376
Bolognola,bolognola,Marche,Macerata,MC,42.994056,13.227769
Caldarola,caldarola,Marche,Macerata,MC,43.138534,13.224835
Camerino,camerino,Marche,Macerata,MC,43.135764,13.068309
Camporotondo di Fiastrone,camporotondo di fiastrone,Marche,Macerata,MC,43.132451,13.265977
Castelraimondo,castelraimondo,Marche,Macerata,MC,43.208151,13.053671
Castelsantangelo sul Nera,castelsantangelo sul nera,Marche,Macerata,MC,42.894492,13.15393
Cessapalombo,cessapalombo,Marche,Macerata,MC,43.108789,13.258026
Cingoli,cingoli,Marche,Macerata,MC,43.373841,13.216313
Civitanova Marche,civitanova marche,Marche,Macerata,MC,43.305523,13.72293
Colmurano,colmurano,Marche,Macerata,MC,43.16385,13.356982
Corridonia,corridonia,Marche,Macerata,MC,43.248458,13.509212
Esanatoglia,esanatoglia,Marche,Macerata,MC,43.252208,12.947827
Fiastra,fiastra,Marche,Macerata,MC,43.036141,13.155455
Fiuminata,fiuminata,Marche,Macerata,MC,43.18745,12.932168
Gagliole,gagliole,Marche,Macerata,MC,43.238301,13.067304
Gualdo,gualdo,Marche,Macerata,MC,43.066828,13.341016
Loro Piceno,loro piceno,Marche,Macerata,MC,43.16612,13.416403
Macerata,macerata,Marche,Macerata,MC,43.152978,13.150882
Matelica,matelica,Marche,Macerata,MC,43.25656,13.010514
Mogliano,mogliano,Marche,Macerata,MC,43.186461,13.48097
Montecassiano,montecassiano,Marche,Macerata,MC,43.363832,13.435709
Monte Cavallo,monte cavallo,Marche,Macerata,MC,42.955117,12.973869
Montecosaro,montecosaro,Marche,Macerata,MC,43.317009,13.635306
Montefano,montefano,Marche,Macerata,MC,43.411159,13.438376
Montelupone,montelupone,Marche,Macerata,MC,43.34419,13.567594
Monte San Giusto,monte san giusto,Marche,Macerata,MC,43.236431,13.595124
Monte San Martino,monte san martino,Marche,Macerata,MC,43.03195,13.438682
Morrovalle,morrovalle,Marche,Macerata,MC,43.314553,13.579508
Muccia,muccia,Marche,Macerata,MC,43.081701,13.042968
Penna San Giovanni,penna san giovanni,Marche,Macerata,MC,43.056915,13.425452
Petriolo,petriolo,Marche,Macerata,MC,43.221693,13.465335
Pieve Torina,pieve torina,Marche,Macerata,MC,43.043287,13.048911
Pioraco,pioraco,Marche,Macerata,MC,43.17905,12.98567
Poggio San Vicino,poggio san vicino,Marche,Macerata,MC,43.375155,13.079069
Pollenza,pollenza,Marche,Macerata,MC,43.267775,13.347792
Porto Recanati,porto recanati,Marche,Macerata,MC,43.435082,13.663008
Potenza Picena,potenza picena,Marche,Macerata,MC,43.366409,13.620695
Recanati,recanati,Marche,Macerata,MC,43.403508,13.548602
Ripe San Ginesio,ripe san ginesio,Marche,Macerata,MC,43.142983,13.367329
San Ginesio,san ginesio,Marche,Macerata,MC,43.53009,12.961252
San Severino Marche,san severino marche,Marche,Macerata,MC,43.229021,13.177966
Sant'Angelo in Pontano,sant'angelo in pontano,Marche,Macerata,MC,43.098644,13.396756
Sarnano,sarnano,Marche,Macerata,MC,43.03538,13.29831
Sefro,sefro,Marche,Macerata,MC,43.147246,12.94863
Serrapetrona,serrapetrona,Marche,Macerata,MC,43.17743,13.189752
Serravalle di Chienti,serravalle di chienti,Marche,Macerata,MC,43.071675,12.952386
Tolentino,tolentino,Marche,Macerata,MC,43.208755,13.28441
Treia,treia,Marche,Macerata,MC,43.310556,13.311475
Urbisaglia,urbisaglia,Marche,Macerata,MC,43.196608,13.376571
Ussita,ussita,Marche,Macerata,MC,42.94376,13.137908
Visso,visso,Marche,Macerata,MC,42.931232,13.087449
Valfornace,valfornace,Marche,Macerata,MC,43.066925,13.114974
Acquasanta Terme,acquasanta terme,Marche,Ascoli Piceno,AP,42.769944,13.410185
Acquaviva Picena,acquaviva picena,Marche,Ascoli Piceno,AP,42.944936,13.815114
Appignano del Tronto,appignano del tronto,Marche,Ascoli Piceno,AP,42.89867,13.666387
Arquata del Tronto,arquata del tronto,Marche,Ascoli Piceno,AP,42.772361,13.296583
Ascoli Piceno,ascoli piceno,Marche,Ascoli Piceno,AP,42.88342,13.539593
Carassai,carassai,Marche,Ascoli Piceno,AP,43.032052,13.684987
Castel di Lama,castel di lama,Marche,Ascoli Piceno,AP,42.869382,13.713294
Castignano,castignano,Marche,Ascoli Piceno,AP,42.93935,13.623987
Castorano,castorano,Marche,Ascoli Piceno,AP,42.898087,13.728042
Colli del Tronto,colli del tronto,Marche,Ascoli Piceno,AP,42.876974,13.748355
Comunanza,comunanza,Marche,Ascoli Piceno,AP,42.956852,13.412872
Cossignano,cossignano,Marche,Ascoli Piceno,AP,42.984251,13.689988
Cupra Marittima,cupra marittima,Marche,Ascoli Piceno,AP,43.025023,13.858764
Folignano,folignano,Marche,Ascoli Piceno,AP,42.820247,13.634289
Force,force,Marche,Ascoli Piceno,AP,42.963257,13.490948
Grottammare,grottammare,Marche,Ascoli Piceno,AP,42.990497,13.86876
Maltignano,maltignano,Marche,Ascoli Piceno,AP,42.832248,13.68799
Massignano,massignano,Marche,Ascoli Piceno,AP,43.05065,13.797209
Monsampolo del Tronto,monsampolo del tronto,Marche,Ascoli Piceno,AP,42.89695,13.793892
Montalto delle Marche,montalto delle marche,Marche,Ascoli Piceno,AP,42.989851,13.609186
Montedinove,montedinove,Marche,Ascoli Piceno,AP,42.970733,13.587305
Montefiore dell'Aso,montefiore dell'aso,Marche,Ascoli Piceno,AP,43.051895,13.75279
Montegallo,montegallo,Marche,Ascoli Piceno,AP,42.847389,13.343496
Montemonaco,montemonaco,Marche,Ascoli Piceno,AP,42.899155,13.326859
Monteprandone,monteprandone,Marche,Ascoli Piceno,AP,42.919939,13.834816
Offida,offida,Marche,Ascoli Piceno,AP,42.934821,13.691044
Palmiano,palmiano,Marche,Ascoli Piceno,AP,42.899338,13.458377
Ripatransone,ripatransone,Marche,Ascoli Piceno,AP,42.996178,13.761796
Roccafluvione,roccafluvione,Marche,Ascoli Piceno,AP,42.859947,13.476785
Rotella,rotella,Marche,Ascoli Piceno,AP,42.954173,13.559359
San Benedetto del Tronto,san benedetto del tronto,Marche,Ascoli Piceno,AP,42.952533,13.880714
Spinetoli,spinetoli,Marche,Ascoli Piceno,AP,42.889126,13.772983
Venarotta,venarotta,Marche,Ascoli Piceno,AP,42.882947,13.492285
Altidona,altidona,Marche,Fermo,FM,43.109225,13.799878
Amandola,amandola,Marche,Fermo,FM,42.979965,13.356085
Belmonte Piceno,belmonte piceno,Marche,Fermo,FM,43.091441,13.539652
Campofilone,campofilone,Marche,Fermo,FM,43.079469,13.814786
Falerone,falerone,Marche,Fermo,FM,43.107052,13.471682
Fermo,fermo,Marche,Fermo,FM,43.092249,13.638768
Francavilla d'Ete,francavilla d'ete,Marche,Fermo,FM,43.187355,13.540682
Grottazzolina,grottazzolina,Marche,Fermo,FM,43.111711,13.602981
Lapedona,lapedona,Marche,Fermo,FM,43.109981,13.772857
Magliano di Tenna,magliano di tenna,Marche,Fermo,FM,43.137954,13.587184
Massa Fermana,massa fermana,Marche,Fermo,FM,43.149772,13.475407
Monsampietro Morico,monsampietro morico,Marche,Fermo,FM,43.067752,13.555684
Montappone,montappone,Marche,Fermo,FM,43.136453,13.468481
Montefalcone Appennino,montefalcone appennino,Marche,Fermo,FM,42.990049,13.456883
Montefortino,montefortino,Marche,Fermo,FM,42.943095,13.344831
Monte Giberto,monte giberto,Marche,Fermo,FM,43.091253,13.630685
Montegiorgio,montegiorgio,Marche,Fermo,FM,43.132253,13.536383
Montegranaro,montegranaro,Marche,Fermo,FM,43.232523,13.63158
Monteleone di Fermo,monteleone di fermo,Marche,Fermo,FM,43.047904,13.528534
Montelparo,montelparo,Marche,Fermo,FM,43.017838,13.537432
Monte Rinaldo,monte rinaldo,Marche,Fermo,FM,43.02826,13.580155
Monterubbiano,monterubbiano,Marche,Fermo,FM,43.084754,13.719887
Monte San Pietrangeli,monte san pietrangeli,Marche,Fermo,FM,43.189355,13.575383
Monte Urano,monte urano,Marche,Fermo,FM,43.202656,13.672885
Monte Vidon Combatte,monte vidon combatte,Marche,Fermo,FM,43.050066,13.631002
Monte Vidon Corrado,monte vidon corrado,Marche,Fermo,FM,43.120653,13.487582
Montottone,montottone,Marche,Fermo,FM,43.062052,13.590085
Moresco,moresco,Marche,Fermo,FM,43.085554,13.730988
Ortezzano,ortezzano,Marche,Fermo,FM,43.030052,13.605986
Pedaso,pedaso,Marche,Fermo,FM,43.099164,13.840777
Petritoli,petritoli,Marche,Fermo,FM,43.067741,13.659214
Ponzano di Fermo,ponzano di fermo,Marche,Fermo,FM,43.101077,13.656781
Porto San Giorgio,porto san giorgio,Marche,Fermo,FM,43.182656,13.793386
Porto Sant'Elpidio,porto sant'elpidio,Marche,Fermo,FM,43.258962,13.756983
Rapagnano,rapagnano,Marche,Fermo,FM,43.161253,13.592905
Santa Vittoria in Matenano,santa vittoria in matenano,Marche,Fermo,FM,43.019379,13.496035
Sant'Elpidio a Mare,sant'elpidio a mare,Marche,Fermo,FM,43.23474,13.687852
Servigliano,servigliano,Marche,Fermo,FM,43.081621,13.493764
Smerillo,smerillo,Marche,Fermo,FM,43.00515,13.444982
Torre San Patrizio,torre san patrizio,Marche,Fermo,FM,43.182855,13.612784
Acquapendente,acquapendente,Lazio,Viterbo,VT,42.743996,11.864988
Arlena di Castro,arlena di castro,Lazio,Viterbo,VT,42.462824,11.820655
Bagnoregio,bagnoregio,Lazio,Viterbo,VT,42.62698,12.090872
Barbarano Romano,barbarano romano,Lazio,Viterbo,VT,42.249834,12.067374
Bassano Romano,bassano romano,Lazio,Viterbo,VT,42.218392,12.193006
Bassano in Teverina,bassano in teverina,Lazio,Viterbo,VT,42.466074,12.313034
Blera,blera,Lazio,Viterbo,VT,42.272522,12.031662
Bolsena,bolsena,Lazio,Viterbo,VT,42.644107,11.984955
Bomarzo,bomarzo,Lazio,Viterbo,VT,42.481928,12.248764
Calcata,calcata,Lazio,Viterbo,VT,42.219726,12.425942
Canepina,canepina,Lazio,Viterbo,VT,42.380961,12.233652
Canino,canino,Lazio,Viterbo,VT,42.463963,11.749509
Capodimonte,capodimonte,Lazio,Viterbo,VT,42.546527,11.904755
Capranica,capranica,Lazio,Viterbo,VT,42.256492,12.177611
Caprarola,caprarola,Lazio,Viterbo,VT,42.326625,12.235766
Carbognano,carbognano,Lazio,Viterbo,VT,42.331625,12.264366
Castel Sant'Elia,castel sant'elia,Lazio,Viterbo,VT,42.251776,12.371796
Castiglione in Teverina,castiglione in teverina,Lazio,Viterbo,VT,42.644972,12.203898
Celleno,celleno,Lazio,Viterbo,VT,42.559768,12.125758
Cellere,cellere,Lazio,Viterbo,VT,42.510425,11.771653
Civita Castellana,civita castellana,Lazio,Viterbo,VT,42.295226,12.40917
Civitella d'Agliano,civitella d'agliano,Lazio,Viterbo,VT,42.605362,12.187658
Corchiano,corchiano,Lazio,Viterbo,VT,42.344926,12.355668
Fabrica di Roma,fabrica di roma,Lazio,Viterbo,VT,42.335126,12.299767
Faleria,faleria,Lazio,Viterbo,VT,42.226179,12.443181
Farnese,farnese,Lazio,Viterbo,VT,42.549426,11.725652
Gallese,gallese,Lazio,Viterbo,VT,42.373287,12.402804
Gradoli,gradoli,Lazio,Viterbo,VT,42.643692,11.854888
Graffignano,graffignano,Lazio,Viterbo,VT,42.574812,12.204398
Grotte di Castro,grotte di castro,Lazio,Viterbo,VT,42.674529,11.872253
Ischia di Castro,ischia di castro,Lazio,Viterbo,VT,42.544655,11.754014
Latera,latera,Lazio,Viterbo,VT,42.629028,11.827453
Lubriano,lubriano,Lazio,Viterbo,VT,42.636231,12.108759
Marta,marta,Lazio,Viterbo,VT,42.533911,11.924912
Montalto di Castro,montalto di castro,Lazio,Viterbo,VT,42.35346,11.606312
Montefiascone,montefiascone,Lazio,Viterbo,VT,42.537925,12.030997
Monte Romano,monte romano,Lazio,Viterbo,VT,42.266521,11.893759
Monterosi,monterosi,Lazio,Viterbo,VT,42.195823,12.308469
Nepi,nepi,Lazio,Viterbo,VT,42.242824,12.34557
Onano,onano,Lazio,Viterbo,VT,42.692856,11.8164
Oriolo Romano,oriolo romano,Lazio,Viterbo,VT,42.159303,12.138349
Orte,orte,Lazio,Viterbo,VT,42.460598,12.385606
Piansano,piansano,Lazio,Viterbo,VT,42.517932,11.828273
Proceno,proceno,Lazio,Viterbo,VT,42.75716,11.830261
Ronciglione,ronciglione,Lazio,Viterbo,VT,42.290242,12.213806
Villa San Giovanni in Tuscia,villa san giovanni in tuscia,Lazio,Viterbo,VT,42.282669,12.052525
San Lorenzo Nuovo,san lorenzo nuovo,Lazio,Viterbo,VT,42.68673,11.906653
Soriano nel Cimino,soriano nel cimino,Lazio,Viterbo,VT,42.418761,12.234308
Sutri,sutri,Lazio,Viterbo,VT,42.247023,12.215067
Tarquinia,tarquinia,Lazio,Viterbo,VT,42.253239,11.759175
Tessennano,tessennano,Lazio,Viterbo,VT,42.478206,11.790486
Tuscania,tuscania,Lazio,Viterbo,VT,42.420214,11.870261
Valentano,valentano,Lazio,Viterbo,VT,42.569098,11.81833
Vallerano,vallerano,Lazio,Viterbo,VT,42.38397,12.26279
Vasanello,vasanello,Lazio,Viterbo,VT,42.413728,12.346567
Vejano,vejano,Lazio,Viterbo,VT,42.216757,12.095202
Vetralla,vetralla,Lazio,Viterbo,VT,42.320534,12.0575
Vignanello,vignanello,Lazio,Viterbo,VT,42.383826,12.276766
Viterbo,viterbo,Lazio,Viterbo,VT,42.493689,11.945068
Vitorchiano,vitorchiano,Lazio,Viterbo,VT,42.465427,12.172462
Accumoli,accumoli,Lazio,Rieti,RI,42.694141,13.247683
Amatrice,amatrice,Lazio,Rieti,RI,42.629237,13.289176
Antrodoco,antrodoco,Lazio,Rieti,RI,42.416134,13.078683
Ascrea,ascrea,Lazio,Rieti,RI,42.196228,12.996584
Belmonte in Sabina,belmonte in sabina,Lazio,Rieti,RI,42.317654,12.892779
Borbona,borbona,Lazio,Rieti,RI,42.512536,13.135983
Borgorose,borgorose,Lazio,Rieti,RI,42.193354,13.233818
Borgo Velino,borgo velino,Lazio,Rieti,RI,42.406033,13.059283
Cantalice,cantalice,Lazio,Rieti,RI,42.467388,12.903792
Cantalupo in Sabina,cantalupo in sabina,Lazio,Rieti,RI,42.304732,12.650053
Casaprota,casaprota,Lazio,Rieti,RI,42.251028,12.804279
Casperia,casperia,Lazio,Rieti,RI,42.339729,12.670775
Castel di Tora,castel di tora,Lazio,Rieti,RI,42.215328,12.964183
Castelnuovo di Farfa,castelnuovo di farfa,Lazio,Rieti,RI,42.231524,12.742999
Castel Sant'Angelo,castel sant'angelo,Lazio,Rieti,RI,42.393869,13.023455
Cittaducale,cittaducale,Lazio,Rieti,RI,42.386834,12.948341
Cittareale,cittareale,Lazio,Rieti,RI,42.618254,13.159684
Collalto Sabino,collalto sabino,Lazio,Rieti,RI,42.135952,13.04798
Colle di Tora,colle di tora,Lazio,Rieti,RI,42.211628,12.947983
Collegiove,collegiove,Lazio,Rieti,RI,42.175528,13.038986
Collevecchio,collevecchio,Lazio,Rieti,RI,42.334977,12.552953
Colli sul Velino,colli sul velino,Lazio,Rieti,RI,42.498223,12.778689
Concerviano,concerviano,Lazio,Rieti,RI,42.322961,12.98551
Configni,configni,Lazio,Rieti,RI,42.42353,12.642173
Contigliano,contigliano,Lazio,Rieti,RI,42.409359,12.766539
Cottanello,cottanello,Lazio,Rieti,RI,42.405966,12.685971
Fara in Sabina,fara in sabina,Lazio,Rieti,RI,42.209558,12.72937
Fiamignano,fiamignano,Lazio,Rieti,RI,42.265033,13.126363
Forano,forano,Lazio,Rieti,RI,42.296584,12.595375
Frasso Sabino,frasso sabino,Lazio,Rieti,RI,42.229827,12.80558
Greccio,greccio,Lazio,Rieti,RI,42.444796,12.751808
Labro,labro,Lazio,Rieti,RI,42.526012,12.800053
Leonessa,leonessa,Lazio,Rieti,RI,42.56315,12.96385
Longone Sabino,longone sabino,Lazio,Rieti,RI,42.27313,12.967383
Magliano Sabina,magliano sabina,Lazio,Rieti,RI,42.361357,12.48117
Marcetelli,marcetelli,Lazio,Rieti,RI,42.226602,13.046944
Micigliano,micigliano,Lazio,Rieti,RI,42.451339,13.054728
Mompeo,mompeo,Lazio,Rieti,RI,42.24831,12.752236
Montasola,montasola,Lazio,Rieti,RI,42.38643,12.681875
Montebuono,montebuono,Lazio,Rieti,RI,42.366655,12.597059
Monteleone Sabino,monteleone sabino,Lazio,Rieti,RI,42.234336,12.856155
Montenero Sabino,montenero sabino,Lazio,Rieti,RI,42.281229,12.813579
Monte San Giovanni in Sabina,monte san giovanni in sabina,Lazio,Rieti,RI,42.328516,12.777371
Montopoli di Sabina,montopoli di sabina,Lazio,Rieti,RI,42.245927,12.692077
Morro Reatino,morro reatino,Lazio,Rieti,RI,42.526651,12.832321
Nespolo,nespolo,Lazio,Rieti,RI,42.156158,13.070082
Orvinio,orvinio,Lazio,Rieti,RI,42.132126,12.939684
Paganico Sabino,paganico sabino,Lazio,Rieti,RI,42.189628,12.996885
Pescorocchiano,pescorocchiano,Lazio,Rieti,RI,42.208895,13.181641
Petrella Salto,petrella salto,Lazio,Rieti,RI,42.295431,13.068285
Poggio Bustone,poggio bustone,Lazio,Rieti,RI,42.501834,12.888178
Poggio Catino,poggio catino,Lazio,Rieti,RI,42.294999,12.691922
Poggio Mirteto,poggio mirteto,Lazio,Rieti,RI,42.264368,12.684788
Poggio Moiano,poggio moiano,Lazio,Rieti,RI,42.202627,12.879382
Poggio Nativo,poggio nativo,Lazio,Rieti,RI,42.215427,12.79658
Poggio San Lorenzo,poggio san lorenzo,Lazio,Rieti,RI,42.252428,12.84418
Posta,posta,Lazio,Rieti,RI,42.523551,13.096014
Pozzaglia Sabina,pozzaglia sabina,Lazio,Rieti,RI,42.158771,12.964833
Rieti,rieti,Lazio,Rieti,RI,42.414736,12.885888
Rivodutri,rivodutri,Lazio,Rieti,RI,42.516434,12.854977
Roccantica,roccantica,Lazio,Rieti,RI,42.320728,12.693976
Rocca Sinibalda,rocca sinibalda,Lazio,Rieti,RI,42.274429,12.925582
Salisano,salisano,Lazio,Rieti,RI,42.257251,12.745518
Scandriglia,scandriglia,Lazio,Rieti,RI,42.165533,12.841925
Selci,selci,Lazio,Rieti,RI,42.320677,12.621188
Stimigliano,stimigliano,Lazio,Rieti,RI,42.29933,12.565727
Tarano,tarano,Lazio,Rieti,RI,42.355928,12.594973
Toffia,toffia,Lazio,Rieti,RI,42.212404,12.751474
Torricella in Sabina,torricella in sabina,Lazio,Rieti,RI,42.263329,12.870081
Torri in Sabina,torri in sabina,Lazio,Rieti,RI,42.353029,12.638574
Turania,turania,Lazio,Rieti,RI,42.138027,13.009286
Vacone,vacone,Lazio,Rieti,RI,42.384836,12.644458
Varco Sabino,varco sabino,Lazio,Rieti,RI,42.239829,13.019884
Affile,affile,Lazio,Roma,RM,41.884122,13.095391
Agosta,agosta,Lazio,Roma,RM,41.981624,13.032688
Albano Laziale,albano laziale,Lazio,Roma,RM,41.728889,12.658269
Allumiere,allumiere,Lazio,Roma,RM,42.156218,11.903832
Anguillara Sabazia,anguillara sabazia,Lazio,Roma,RM,42.083709,12.282982
Anticoli Corrado,anticoli corrado,Lazio,Roma,RM,42.009524,12.989087
Anzio,anzio,Lazio,Roma,RM,41.447101,12.628562
Arcinazzo Romano,arcinazzo romano,Lazio,Roma,RM,41.879722,13.114392
Ariccia,ariccia,Lazio,Roma,RM,41.720709,12.671348
Arsoli,arsoli,Lazio,Roma,RM,42.040525,13.018387
Artena,artena,Lazio,Roma,RM,41.741915,12.912174
Bellegra,bellegra,Lazio,Roma,RM,41.883422,13.02679
Bracciano,bracciano,Lazio,Roma,RM,42.101095,12.173857
Camerata Nuova,camerata nuova,Lazio,Roma,RM,42.019071,13.107942
Campagnano di Roma,campagnano di roma,Lazio,Roma,RM,42.141078,12.383669
Canale Monterano,canale monterano,Lazio,Roma,RM,42.136043,12.103066
Canterano,canterano,Lazio,Roma,RM,41.942076,13.037315
Capena,capena,Lazio,Roma,RM,42.14015,12.540201
Capranica Prenestina,capranica prenestina,Lazio,Roma,RM,41.862997,12.951802
Carpineto Romano,carpineto romano,Lazio,Roma,RM,41.604413,13.084796
Casape,casape,Lazio,Roma,RM,41.906517,12.885287
Castel Gandolfo,castel gandolfo,Lazio,Roma,RM,41.742522,12.648877
Castel Madama,castel madama,Lazio,Roma,RM,41.976936,12.86919
Castelnuovo di Porto,castelnuovo di porto,Lazio,Roma,RM,42.125399,12.500737
Castel San Pietro Romano,castel san pietro romano,Lazio,Roma,RM,41.84572,12.894887
Cave,cave,Lazio,Roma,RM,41.817923,12.928367
Cerreto Laziale,cerreto laziale,Lazio,Roma,RM,41.944403,12.982805
Cervara di Roma,cervara di roma,Lazio,Roma,RM,41.988224,13.067989
Cerveteri,cerveteri,Lazio,Roma,RM,41.99836,12.098851
Ciciliano,ciciliano,Lazio,Roma,RM,41.961617,12.940932
Cineto Romano,cineto romano,Lazio,Roma,RM,42.04981,12.963073
Civitavecchia,civitavecchia,Lazio,Roma,RM,42.093752,11.792246
Civitella San Paolo,civitella san paolo,Lazio,Roma,RM,42.198525,12.576475
Colleferro,colleferro,Lazio,Roma,RM,41.727033,13.004158
Colonna,colonna,Lazio,Roma,RM,41.833718,12.753184
Fiano Romano,fiano romano,Lazio,Roma,RM,42.171913,12.592726
Filacciano,filacciano,Lazio,Roma,RM,42.254826,12.597675
Formello,formello,Lazio,Roma,RM,42.082521,12.400273
Frascati,frascati,Lazio,Roma,RM,41.808245,12.680368
Gallicano nel Lazio,gallicano nel lazio,Lazio,Roma,RM,41.87207,12.818534
Gavignano,gavignano,Lazio,Roma,RM,41.699118,13.051793
Genazzano,genazzano,Lazio,Roma,RM,41.829673,12.972246
Genzano di Roma,genzano di roma,Lazio,Roma,RM,41.706989,12.691118
Gerano,gerano,Lazio,Roma,RM,41.933119,12.993776
Gorga,gorga,Lazio,Roma,RM,41.655017,13.109095
Grottaferrata,grottaferrata,Lazio,Roma,RM,41.788616,12.666741
Guidonia Montecelio,guidonia montecelio,Lazio,Roma,RM,41.984273,12.695319
Jenne,jenne,Lazio,Roma,RM,41.888823,13.169593
Labico,labico,Lazio,Roma,RM,41.789519,12.880888
Lanuvio,lanuvio,Lazio,Roma,RM,41.674528,12.697243
Licenza,licenza,Lazio,Roma,RM,42.073113,12.901468
Magliano Romano,magliano romano,Lazio,Roma,RM,42.159893,12.4369
Mandela,mandela,Lazio,Roma,RM,42.030807,12.923323
Manziana,manziana,Lazio,Roma,RM,42.130344,12.130271
Marano Equo,marano equo,Lazio,Roma,RM,41.994024,13.015988
Marcellina,marcellina,Lazio,Roma,RM,42.02369,12.807045
Marino,marino,Lazio,Roma,RM,41.769788,12.658608
Mazzano Romano,mazzano romano,Lazio,Roma,RM,42.204652,12.399631
Mentana,mentana,Lazio,Roma,RM,42.035022,12.642272
Monte Compatri,monte compatri,Lazio,Roma,RM,41.808918,12.737784
Monteflavio,monteflavio,Lazio,Roma,RM,42.108178,12.830382
Montelanico,montelanico,Lazio,Roma,RM,41.651117,13.039893
Montelibretti,montelibretti,Lazio,Roma,RM,42.140933,12.735332
Monte Porzio Catone,monte porzio catone,Lazio,Roma,RM,41.816426,12.715341
Monterotondo,monterotondo,Lazio,Roma,RM,42.051799,12.618397
Montorio Romano,montorio romano,Lazio,Roma,RM,42.138411,12.807477
Moricone,moricone,Lazio,Roma,RM,42.117096,12.771639
Morlupo,morlupo,Lazio,Roma,RM,42.148856,12.503013
Nazzano,nazzano,Lazio,Roma,RM,42.229257,12.597639
Nemi,nemi,Lazio,Roma,RM,41.720022,12.713395
Nerola,nerola,Lazio,Roma,RM,42.160548,12.78668
Nettuno,nettuno,Lazio,Roma,RM,41.457538,12.661425
Olevano Romano,olevano romano,Lazio,Roma,RM,41.860621,13.03309
Palestrina,palestrina,Lazio,Roma,RM,41.838966,12.891249
Palombara Sabina,palombara sabina,Lazio,Roma,RM,42.066633,12.765812
Percile,percile,Lazio,Roma,RM,42.094568,12.908485
Pisoniano,pisoniano,Lazio,Roma,RM,41.906052,12.958888
Poli,poli,Lazio,Roma,RM,41.887327,12.893126
Pomezia,pomezia,Lazio,Roma,RM,41.667529,12.504786
Ponzano Romano,ponzano romano,Lazio,Roma,RM,42.257797,12.571627
Riano,riano,Lazio,Roma,RM,42.100122,12.505675
Rignano Flaminio,rignano flaminio,Lazio,Roma,RM,42.210014,12.481122
Riofreddo,riofreddo,Lazio,Roma,RM,42.060517,13.000334
Rocca Canterano,rocca canterano,Lazio,Roma,RM,41.956523,13.021788
Rocca di Cave,rocca di cave,Lazio,Roma,RM,41.84642,12.945488
Rocca di Papa,rocca di papa,Lazio,Roma,RM,41.760761,12.709614
Roccagiovine,roccagiovine,Lazio,Roma,RM,42.049802,12.900257
Rocca Priora,rocca priora,Lazio,Roma,RM,41.791089,12.761993
Rocca Santo Stefano,rocca santo stefano,Lazio,Roma,RM,41.910522,13.023789
Roiate,roiate,Lazio,Roma,RM,41.872322,13.067291
Roma,roma,Lazio,Roma,RM,41.89332,12.482932
Roviano,roviano,Lazio,Roma,RM,42.0259,12.994384
Sacrofano,sacrofano,Lazio,Roma,RM,42.104946,12.44546
Sambuci,sambuci,Lazio,Roma,RM,41.986123,12.937986
San Gregorio da Sassola,san gregorio da sassola,Lazio,Roma,RM,41.917121,12.870786
San Polo dei Cavalieri,san polo dei cavalieri,Lazio,Roma,RM,42.009533,12.838404
Santa Marinella,santa marinella,Lazio,Roma,RM,42.03534,11.868308
Sant'Angelo Romano,sant'angelo romano,Lazio,Roma,RM,42.035122,12.712681
Sant'Oreste,sant'oreste,Lazio,Roma,RM,42.234792,12.518905
San Vito Romano,san vito romano,Lazio,Roma,RM,41.879821,12.979389
Saracinesco,saracinesco,Lazio,Roma,RM,42.003863,12.95287
Segni,segni,Lazio,Roma,RM,41.692025,13.023349
Subiaco,subiaco,Lazio,Roma,RM,41.926715,13.094432
Tivoli,tivoli,Lazio,Roma,RM,41.960922,12.798884
Tolfa,tolfa,Lazio,Roma,RM,42.149613,11.938195
Torrita Tiberina,torrita tiberina,Lazio,Roma,RM,42.23591,12.618977
Trevignano Romano,trevignano romano,Lazio,Roma,RM,42.155917,12.246177
Vallepietra,vallepietra,Lazio,Roma,RM,41.926989,13.230667
Vallinfreda,vallinfreda,Lazio,Roma,RM,42.084282,12.996612
Valmontone,valmontone,Lazio,Roma,RM,41.778819,12.917489
Velletri,velletri,Lazio,Roma,RM,41.686702,12.777043
Vicovaro,vicovaro,Lazio,Roma,RM,42.017941,12.89723
Vivaro Romano,vivaro romano,Lazio,Roma,RM,42.099826,13.006686
Zagarolo,zagarolo,Lazio,Roma,RM,41.838384,12.83105
Lariano,lariano,Lazio,Roma,RM,41.725114,12.831276
Ladispoli,ladispoli,Lazio,Roma,RM,41.953722,12.073465
Ardea,ardea,Lazio,Roma,RM,41.608712,12.519382
Ciampino,ciampino,Lazio,Roma,RM,41.800289,12.600471
San Cesareo,san cesareo,Lazio,Roma,RM,41.819196,12.800334
Fiumicino,fiumicino,Lazio,Roma,RM,41.767566,12.233947
Fonte Nuova,fonte nuova,Lazio,Roma,RM,41.996254,12.623621
Aprilia,aprilia,Lazio,Latina,LT,41.594202,12.648576
Bassiano,bassiano,Lazio,Latina,LT,41.549755,13.032233
Campodimele,campodimele,Lazio,Latina,LT,41.390446,13.530336
Castelforte,castelforte,Lazio,Latina,LT,41.299016,13.824015
Cisterna di Latina,cisterna di latina,Lazio,Latina,LT,41.590639,12.829048
Cori,cori,Lazio,Latina,LT,41.643104,12.915851
Fondi,fondi,Lazio,Latina,LT,41.357285,13.430031
Formia,formia,Lazio,Latina,LT,41.259308,13.608021
Gaeta,gaeta,Lazio,Latina,LT,41.218312,13.56281
Itri,itri,Lazio,Latina,LT,41.297359,13.551421
Latina,latina,Lazio,Latina,LT,41.459526,13.012591
Lenola,lenola,Lazio,Latina,LT,41.406115,13.459406
Maenza,maenza,Lazio,Latina,LT,41.523361,13.180549
Minturno,minturno,Lazio,Latina,LT,41.262974,13.746522
Monte San Biagio,monte san biagio,Lazio,Latina,LT,41.352513,13.352204
Norma,norma,Lazio,Latina,LT,41.588015,12.969392
Pontinia,pontinia,Lazio,Latina,LT,41.408456,13.044337
Ponza,ponza,Lazio,Latina,LT,40.893237,12.963062
Priverno,priverno,Lazio,Latina,LT,41.472616,13.179839
Prossedi,prossedi,Lazio,Latina,LT,41.516216,13.2607
Roccagorga,roccagorga,Lazio,Latina,LT,41.525315,13.155925
Rocca Massima,rocca massima,Lazio,Latina,LT,41.679415,12.919415
Roccasecca dei Volsci,roccasecca dei volsci,Lazio,Latina,LT,41.479872,13.212363
Sabaudia,sabaudia,Lazio,Latina,LT,41.301567,13.025873
San Felice Circeo,san felice circeo,Lazio,Latina,LT,41.232617,13.089398
Santi Cosma e Damiano,santi cosma e damiano,Lazio,Latina,LT,41.892085,12.48748
Sermoneta,sermoneta,Lazio,Latina,LT,41.549314,12.984893
Sezze,sezze,Lazio,Latina,LT,41.498414,13.059217
Sonnino,sonnino,Lazio,Latina,LT,41.414272,13.24153
Sperlonga,sperlonga,Lazio,Latina,LT,41.260212,13.433107
Spigno Saturnia,spigno saturnia,Lazio,Latina,LT,41.311515,13.735713
Terracina,terracina,Lazio,Latina,LT,41.28712,13.249201
Ventotene,ventotene,Lazio,Latina,LT,40.796002,13.431213
Acquafondata,acquafondata,Lazio,Frosinone,FR,41.542822,13.952815
Acuto,acuto,Lazio,Frosinone,FR,41.791521,13.174394
Alatri,alatri,Lazio,Frosinone,FR,41.726503,13.342303
Alvito,alvito,Lazio,Frosinone,FR,41.688464,13.743264
Amaseno,amaseno,Lazio,Frosinone,FR,41.467815,13.336002
Anagni,anagni,Lazio,Frosinone,FR,41.74472,13.152694
Aquino,aquino,Lazio,Frosinone,FR,41.491119,13.70471
Arce,arce,Lazio,Frosinone,FR,41.587716,13.575429
Arnara,arnara,Lazio,Frosinone,FR,41.584518,13.388402
Arpino,arpino,Lazio,Frosinone,FR,41.647983,13.610141
Atina,atina,Lazio,Frosinone,FR,41.620199,13.799978
Ausonia,ausonia,Lazio,Frosinone,FR,41.354461,13.748748
Belmonte Castello,belmonte castello,Lazio,Frosinone,FR,41.577421,13.815811
Boville Ernica,boville ernica,Lazio,Frosinone,FR,41.64252,13.472703
Broccostella,broccostella,Lazio,Frosinone,FR,41.699723,13.635305
Campoli Appennino,campoli appennino,Lazio,Frosinone,FR,41.737917,13.67848
Casalattico,casalattico,Lazio,Frosinone,FR,41.622412,13.725559
Casalvieri,casalvieri,Lazio,Frosinone,FR,41.631402,13.712993
Cassino,cassino,Lazio,Frosinone,FR,41.492558,13.83053
Castelliri,castelliri,Lazio,Frosinone,FR,41.679221,13.551404
Castelnuovo Parano,castelnuovo parano,Lazio,Frosinone,FR,41.378874,13.755385
Castrocielo,castrocielo,Lazio,Frosinone,FR,41.529283,13.693938
Castro dei Volsci,castro dei volsci,Lazio,Frosinone,FR,41.508217,13.406303
Ceccano,ceccano,Lazio,Frosinone,FR,41.567717,13.333301
Ceprano,ceprano,Lazio,Frosinone,FR,41.540418,13.512205
Cervaro,cervaro,Lazio,Frosinone,FR,41.481158,13.905113
Colfelice,colfelice,Lazio,Frosinone,FR,41.554919,13.603407
Collepardo,collepardo,Lazio,Frosinone,FR,41.764322,13.369499
Colle San Magno,colle san magno,Lazio,Frosinone,FR,41.55122,13.694909
Coreno Ausonio,coreno ausonio,Lazio,Frosinone,FR,41.346321,13.779672
Esperia,esperia,Lazio,Frosinone,FR,41.383949,13.68061
Falvaterra,falvaterra,Lazio,Frosinone,FR,41.505118,13.523806
Ferentino,ferentino,Lazio,Frosinone,FR,41.692932,13.253422
Filettino,filettino,Lazio,Frosinone,FR,41.891424,13.327496
Fiuggi,fiuggi,Lazio,Frosinone,FR,41.798561,13.220489
Fontana Liri,fontana liri,Lazio,Frosinone,FR,41.61002,13.550305
Fontechiari,fontechiari,Lazio,Frosinone,FR,41.667966,13.675576
Frosinone,frosinone,Lazio,Frosinone,FR,41.628259,13.576332
Fumone,fumone,Lazio,Frosinone,FR,41.72734,13.289909
Gallinaro,gallinaro,Lazio,Frosinone,FR,41.653423,13.79781
Giuliano di Roma,giuliano di roma,Lazio,Frosinone,FR,41.539323,13.279647
Guarcino,guarcino,Lazio,Frosinone,FR,41.799022,13.313397
Isola del Liri,isola del liri,Lazio,Frosinone,FR,41.679248,13.573077
Monte San Giovanni Campano,monte san giovanni campano,Lazio,Frosinone,FR,41.64062,13.513704
Morolo,morolo,Lazio,Frosinone,FR,41.638218,13.197097
Paliano,paliano,Lazio,Frosinone,FR,41.806023,13.058068
Pastena,pastena,Lazio,Frosinone,FR,41.468244,13.491737
Patrica,patrica,Lazio,Frosinone,FR,41.592217,13.243998
Pescosolido,pescosolido,Lazio,Frosinone,FR,41.748124,13.656605
Picinisco,picinisco,Lazio,Frosinone,FR,41.646263,13.867783
Pico,pico,Lazio,Frosinone,FR,41.450817,13.559607
Piedimonte San Germano,piedimonte san germano,Lazio,Frosinone,FR,41.498319,13.752311
Piglio,piglio,Lazio,Frosinone,FR,41.83085,13.146399
Pignataro Interamna,pignataro interamna,Lazio,Frosinone,FR,41.439218,13.786212
Pofi,pofi,Lazio,Frosinone,FR,41.565274,13.415532
Pontecorvo,pontecorvo,Lazio,Frosinone,FR,41.461618,13.666709
Posta Fibreno,posta fibreno,Lazio,Frosinone,FR,41.690323,13.697407
Ripi,ripi,Lazio,Frosinone,FR,41.612256,13.424749
Rocca d'Arce,rocca d'arce,Lazio,Frosinone,FR,41.58712,13.585106
Roccasecca,roccasecca,Lazio,Frosinone,FR,41.552321,13.667258
San Biagio Saracinisco,san biagio saracinisco,Lazio,Frosinone,FR,41.613272,13.927877
San Donato Val di Comino,san donato val di comino,Lazio,Frosinone,FR,41.708124,13.812609
San Giorgio a Liri,san giorgio a liri,Lazio,Frosinone,FR,41.404117,13.761312
San Giovanni Incarico,san giovanni incarico,Lazio,Frosinone,FR,41.501718,13.557906
Sant'Ambrogio sul Garigliano,sant'ambrogio sul garigliano,Lazio,Frosinone,FR,41.389018,13.871515
Sant'Andrea del Garigliano,sant'andrea del garigliano,Lazio,Frosinone,FR,41.367217,13.840915
Sant'Apollinare,sant'apollinare,Lazio,Frosinone,FR,41.402718,13.831614
Sant'Elia Fiumerapido,sant'elia fiumerapido,Lazio,Frosinone,FR,41.539107,13.866147
Santopadre,santopadre,Lazio,Frosinone,FR,41.603066,13.63496
San Vittore del Lazio,san vittore del lazio,Lazio,Frosinone,FR,41.461148,13.931401
Serrone,serrone,Lazio,Frosinone,FR,41.842121,13.095192
Settefrati,settefrati,Lazio,Frosinone,FR,41.669624,13.850011
Sgurgola,sgurgola,Lazio,Frosinone,FR,41.670948,13.148909
Sora,sora,Lazio,Frosinone,FR,41.720336,13.613958
Strangolagalli,strangolagalli,Lazio,Frosinone,FR,41.600719,13.493904
Supino,supino,Lazio,Frosinone,FR,41.610209,13.224731
Terelle,terelle,Lazio,Frosinone,FR,41.552121,13.778411
Torre Cajetani,torre cajetani,Lazio,Frosinone,FR,41.78772,13.267297
Torrice,torrice,Lazio,Frosinone,FR,41.629719,13.398401
Trevi nel Lazio,trevi nel lazio,Lazio,Frosinone,FR,41.862959,13.246313
Trivigliano,trivigliano,Lazio,Frosinone,FR,41.775721,13.272296
Vallecorsa,vallecorsa,Lazio,Frosinone,FR,41.444615,13.405204
Vallemaio,vallemaio,Lazio,Frosinone,FR,41.366239,13.811748
Vallerotonda,vallerotonda,Lazio,Frosinone,FR,41.549691,13.914585
Veroli,veroli,Lazio,Frosinone,FR,41.691272,13.417632
Vicalvi,vicalvi,Lazio,Frosinone,FR,41.676723,13.706407
Vico nel Lazio,vico nel lazio,Lazio,Frosinone,FR,41.77715,13.341924
Villa Latina,villa latina,Lazio,Frosinone,FR,41.619354,13.836161
Villa Santa Lucia,villa santa lucia,Lazio,Frosinone,FR,41.51242,13.770011
Villa Santo Stefano,villa santo stefano,Lazio,Frosinone,FR,41.517416,13.310201
Viticuso,viticuso,Lazio,Frosinone,FR,41.524321,13.971115
Acciano,acciano,Abruzzo,L'Aquila,AQ,42.1765,13.7179
Aielli,aielli,Abruzzo,L'Aquila,AQ,42.080283,13.590543
Alfedena,alfedena,Abruzzo,L'Aquila,AQ,41.733938,14.034394
Anversa degli Abruzzi,anversa degli abruzzi,Abruzzo,L'Aquila,AQ,41.994018,13.804052
Ateleta,ateleta,Abruzzo,L'Aquila,AQ,41.85543,14.197516
Avezzano,avezzano,Abruzzo,L'Aquila,AQ,42.034796,13.426505
Balsorano,balsorano,Abruzzo,L'Aquila,AQ,41.809824,13.559802
Barete,barete,Abruzzo,L'Aquila,AQ,42.448525,13.282023
Barisciano,barisciano,Abruzzo,L'Aquila,AQ,42.32513,13.591609
Barrea,barrea,Abruzzo,L'Aquila,AQ,41.75849,13.99073
Bisegna,bisegna,Abruzzo,L'Aquila,AQ,41.921128,13.757605
Bugnara,bugnara,Abruzzo,L'Aquila,AQ,42.022132,13.861598
Cagnano Amiterno,cagnano amiterno,Abruzzo,L'Aquila,AQ,42.455168,13.232189
Calascio,calascio,Abruzzo,L'Aquila,AQ,42.32595,13.69736
Campo di Giove,campo di giove,Abruzzo,L'Aquila,AQ,42.010132,14.03941
Campotosto,campotosto,Abruzzo,L'Aquila,AQ,42.558839,13.367987
Canistro,canistro,Abruzzo,L'Aquila,AQ,41.932679,13.392085
Cansano,cansano,Abruzzo,L'Aquila,AQ,42.004432,14.01191
Capestrano,capestrano,Abruzzo,L'Aquila,AQ,42.267579,13.768656
Capistrello,capistrello,Abruzzo,L'Aquila,AQ,41.972727,13.399096
Capitignano,capitignano,Abruzzo,L'Aquila,AQ,42.520203,13.300948
Caporciano,caporciano,Abruzzo,L'Aquila,AQ,42.250317,13.673536
Cappadocia,cappadocia,Abruzzo,L'Aquila,AQ,41.981572,13.276609
Carapelle Calvisio,carapelle calvisio,Abruzzo,L'Aquila,AQ,42.298647,13.683958
Carsoli,carsoli,Abruzzo,L'Aquila,AQ,42.098927,13.084888
Castel del Monte,castel del monte,Abruzzo,L'Aquila,AQ,42.364995,13.726572
Castel di Ieri,castel di ieri,Abruzzo,L'Aquila,AQ,42.115232,13.742602
Castel di Sangro,castel di sangro,Abruzzo,L'Aquila,AQ,41.784273,14.108064
Castellafiume,castellafiume,Abruzzo,L'Aquila,AQ,41.989126,13.334395
Castelvecchio Calvisio,castelvecchio calvisio,Abruzzo,L'Aquila,AQ,42.310649,13.688615
Castelvecchio Subequo,castelvecchio subequo,Abruzzo,L'Aquila,AQ,42.130233,13.727801
Celano,celano,Abruzzo,L'Aquila,AQ,42.084324,13.546207
Cerchio,cerchio,Abruzzo,L'Aquila,AQ,42.063785,13.600135
Civita d'Antino,civita d'antino,Abruzzo,L'Aquila,AQ,41.886105,13.471126
Civitella Alfedena,civitella alfedena,Abruzzo,L'Aquila,AQ,41.765326,13.942711
Civitella Roveto,civitella roveto,Abruzzo,L'Aquila,AQ,41.916026,13.426898
Cocullo,cocullo,Abruzzo,L'Aquila,AQ,42.032892,13.774668
Collarmele,collarmele,Abruzzo,L'Aquila,AQ,42.05903,13.6257
Collelongo,collelongo,Abruzzo,L'Aquila,AQ,41.886298,13.583343
Collepietro,collepietro,Abruzzo,L'Aquila,AQ,42.221617,13.78006
Corfinio,corfinio,Abruzzo,L'Aquila,AQ,42.124175,13.842489
Fagnano Alto,fagnano alto,Abruzzo,L'Aquila,AQ,42.25418,13.597459
Fontecchio,fontecchio,Abruzzo,L'Aquila,AQ,42.229943,13.605891
Fossa,fossa,Abruzzo,L'Aquila,AQ,42.292921,13.487868
Gagliano Aterno,gagliano aterno,Abruzzo,L'Aquila,AQ,42.126532,13.700001
Gioia dei Marsi,gioia dei marsi,Abruzzo,L'Aquila,AQ,41.954369,13.693415
Goriano Sicoli,goriano sicoli,Abruzzo,L'Aquila,AQ,42.080832,13.774803
Introdacqua,introdacqua,Abruzzo,L'Aquila,AQ,42.007431,13.898307
L'Aquila,l'aquila,Abruzzo,L'Aquila,AQ,42.136885,13.610341
Lecce nei Marsi,lecce nei marsi,Abruzzo,L'Aquila,AQ,41.937718,13.684116
Luco dei Marsi,luco dei marsi,Abruzzo,L'Aquila,AQ,41.957027,13.473598
Lucoli,lucoli,Abruzzo,L'Aquila,AQ,42.251554,13.376882
Magliano de' Marsi,magliano de' marsi,Abruzzo,L'Aquila,AQ,42.091529,13.363794
Massa d'Albe,massa d'albe,Abruzzo,L'Aquila,AQ,42.107229,13.394294
Molina Aterno,molina aterno,Abruzzo,L'Aquila,AQ,42.149033,13.735401
Montereale,montereale,Abruzzo,L'Aquila,AQ,42.525096,13.244072
Morino,morino,Abruzzo,L'Aquila,AQ,41.864425,13.456999
Navelli,navelli,Abruzzo,L'Aquila,AQ,42.237864,13.729027
Ocre,ocre,Abruzzo,L'Aquila,AQ,42.282501,13.470576
Ofena,ofena,Abruzzo,L'Aquila,AQ,42.326791,13.75869
Opi,opi,Abruzzo,L'Aquila,AQ,41.781026,13.829726
Oricola,oricola,Abruzzo,L'Aquila,AQ,42.049225,13.039387
Ortona dei Marsi,ortona dei marsi,Abruzzo,L'Aquila,AQ,41.99733,13.728103
Ortucchio,ortucchio,Abruzzo,L'Aquila,AQ,41.955028,13.645802
Ovindoli,ovindoli,Abruzzo,L'Aquila,AQ,42.137031,13.516097
Pacentro,pacentro,Abruzzo,L'Aquila,AQ,42.049964,13.991073
Pereto,pereto,Abruzzo,L'Aquila,AQ,42.057815,13.101625
Pescasseroli,pescasseroli,Abruzzo,L'Aquila,AQ,41.808401,13.789282
Pescina,pescina,Abruzzo,L'Aquila,AQ,42.02543,13.657901
Pescocostanzo,pescocostanzo,Abruzzo,L'Aquila,AQ,41.88633,14.065612
Pettorano sul Gizio,pettorano sul gizio,Abruzzo,L'Aquila,AQ,41.974531,13.958709
Pizzoli,pizzoli,Abruzzo,L'Aquila,AQ,42.436075,13.301272
Poggio Picenze,poggio picenze,Abruzzo,L'Aquila,AQ,42.320636,13.541087
Prata d'Ansidonia,prata d'ansidonia,Abruzzo,L'Aquila,AQ,42.277818,13.608972
Pratola Peligna,pratola peligna,Abruzzo,L'Aquila,AQ,42.098314,13.87398
Prezza,prezza,Abruzzo,L'Aquila,AQ,42.058131,13.834474
Raiano,raiano,Abruzzo,L'Aquila,AQ,42.102554,13.814304
Rivisondoli,rivisondoli,Abruzzo,L'Aquila,AQ,41.870896,14.06743
Roccacasale,roccacasale,Abruzzo,L'Aquila,AQ,42.122934,13.888105
Rocca di Botte,rocca di botte,Abruzzo,L'Aquila,AQ,42.026225,13.067688
Rocca di Cambio,rocca di cambio,Abruzzo,L'Aquila,AQ,42.235035,13.489963
Rocca di Mezzo,rocca di mezzo,Abruzzo,L'Aquila,AQ,42.205131,13.519269
Rocca Pia,rocca pia,Abruzzo,L'Aquila,AQ,41.93343,13.97701
Roccaraso,roccaraso,Abruzzo,L'Aquila,AQ,41.850261,14.078257
San Benedetto dei Marsi,san benedetto dei marsi,Abruzzo,L'Aquila,AQ,42.008229,13.622701
San Benedetto in Perillis,san benedetto in perillis,Abruzzo,L'Aquila,AQ,42.183943,13.770532
San Demetrio ne' Vestini,san demetrio ne' vestini,Abruzzo,L'Aquila,AQ,42.288377,13.558641
San Pio delle Camere,san pio delle camere,Abruzzo,L'Aquila,AQ,42.286172,13.657972
Sante Marie,sante marie,Abruzzo,L'Aquila,AQ,42.102278,13.204774
Sant'Eusanio Forconese,sant'eusanio forconese,Abruzzo,L'Aquila,AQ,42.288218,13.524417
Santo Stefano di Sessanio,santo stefano di sessanio,Abruzzo,L'Aquila,AQ,42.343876,13.644177
San Vincenzo Valle Roveto,san vincenzo valle roveto,Abruzzo,L'Aquila,AQ,41.828184,13.527427
Scanno,scanno,Abruzzo,L'Aquila,AQ,41.903861,13.880213
Scontrone,scontrone,Abruzzo,L'Aquila,AQ,41.746078,14.038684
Scoppito,scoppito,Abruzzo,L'Aquila,AQ,42.372612,13.255359
Scurcola Marsicana,scurcola marsicana,Abruzzo,L'Aquila,AQ,42.063128,13.339194
Secinaro,secinaro,Abruzzo,L'Aquila,AQ,42.152933,13.6807
Sulmona,sulmona,Abruzzo,L'Aquila,AQ,42.047423,13.927011
Tagliacozzo,tagliacozzo,Abruzzo,L'Aquila,AQ,42.069327,13.254692
Tione degli Abruzzi,tione degli abruzzi,Abruzzo,L'Aquila,AQ,42.204066,13.635396
Tornimparte,tornimparte,Abruzzo,L'Aquila,AQ,42.29054,13.266619
Trasacco,trasacco,Abruzzo,L'Aquila,AQ,41.958441,13.536102
Villalago,villalago,Abruzzo,L'Aquila,AQ,41.934729,13.842007
Villa Santa Lucia degli Abruzzi,villa santa lucia degli abruzzi,Abruzzo,L'Aquila,AQ,42.333462,13.777436
Villa Sant'Angelo,villa sant'angelo,Abruzzo,L'Aquila,AQ,42.269937,13.537486
Villavallelonga,villavallelonga,Abruzzo,L'Aquila,AQ,41.866996,13.62451
Villetta Barrea,villetta barrea,Abruzzo,L'Aquila,AQ,41.775827,13.938511
Vittorito,vittorito,Abruzzo,L'Aquila,AQ,42.127033,13.816703
Alba Adriatica,alba adriatica,Abruzzo,Teramo,TE,42.834342,13.927816
Ancarano,ancarano,Abruzzo,Teramo,TE,42.836048,13.739392
Arsita,arsita,Abruzzo,Teramo,TE,42.502162,13.782832
Atri,atri,Abruzzo,Teramo,TE,42.580137,13.976412
Basciano,basciano,Abruzzo,Teramo,TE,42.594401,13.739647
Bellante,bellante,Abruzzo,Teramo,TE,42.741847,13.810195
Bisenti,bisenti,Abruzzo,Teramo,TE,42.529128,13.801283
Campli,campli,Abruzzo,Teramo,TE,42.726231,13.686284
Canzano,canzano,Abruzzo,Teramo,TE,42.646784,13.803143
Castel Castagna,castel castagna,Abruzzo,Teramo,TE,42.542941,13.716395
Castellalto,castellalto,Abruzzo,Teramo,TE,42.678042,13.821589
Castelli,castelli,Abruzzo,Teramo,TE,42.48794,13.711696
Castiglione Messer Raimondo,castiglione messer raimondo,Abruzzo,Teramo,TE,42.531915,13.881545
Castilenti,castilenti,Abruzzo,Teramo,TE,42.533705,13.917011
Cellino Attanasio,cellino attanasio,Abruzzo,Teramo,TE,42.587311,13.850525
Cermignano,cermignano,Abruzzo,Teramo,TE,42.592912,13.797398
Civitella del Tronto,civitella del tronto,Abruzzo,Teramo,TE,42.773446,13.672291
Colledara,colledara,Abruzzo,Teramo,TE,42.540868,13.678938
Colonnella,colonnella,Abruzzo,Teramo,TE,42.872628,13.865016
Controguerra,controguerra,Abruzzo,Teramo,TE,42.855716,13.819336
Corropoli,corropoli,Abruzzo,Teramo,TE,42.826814,13.835185
Cortino,cortino,Abruzzo,Teramo,TE,42.622397,13.508815
Crognaleto,crognaleto,Abruzzo,Teramo,TE,42.587941,13.48959
Fano Adriano,fano adriano,Abruzzo,Teramo,TE,42.552131,13.537962
Giulianova,giulianova,Abruzzo,Teramo,TE,42.753486,13.966701
Isola del Gran Sasso d'Italia,isola del gran sasso d'italia,Abruzzo,Teramo,TE,42.503058,13.659516
Montefino,montefino,Abruzzo,Teramo,TE,42.54432,13.884238
Montorio al Vomano,montorio al vomano,Abruzzo,Teramo,TE,42.582706,13.632519
Morro d'Oro,morro d'oro,Abruzzo,Teramo,TE,42.663744,13.919497
Mosciano Sant'Angelo,mosciano sant'angelo,Abruzzo,Teramo,TE,42.746847,13.888296
Nereto,nereto,Abruzzo,Teramo,TE,42.818945,13.816055
Notaresco,notaresco,Abruzzo,Teramo,TE,42.654145,13.894698
Penna Sant'Andrea,penna sant'andrea,Abruzzo,Teramo,TE,42.593443,13.772196
Pietracamela,pietracamela,Abruzzo,Teramo,TE,42.52354,13.555392
Pineto,pineto,Abruzzo,Teramo,TE,42.607771,14.067103
Rocca Santa Maria,rocca santa maria,Abruzzo,Teramo,TE,42.686313,13.528171
Roseto degli Abruzzi,roseto degli abruzzi,Abruzzo,Teramo,TE,42.677577,14.014464
Sant'Egidio alla Vibrata,sant'egidio alla vibrata,Abruzzo,Teramo,TE,42.821048,13.717891
Sant'Omero,sant'omero,Abruzzo,Teramo,TE,42.786672,13.801764
Silvi,silvi,Abruzzo,Teramo,TE,42.548792,14.118769
Teramo,teramo,Abruzzo,Teramo,TE,42.658118,13.699625
Torano Nuovo,torano nuovo,Abruzzo,Teramo,TE,42.823048,13.777293
Torricella Sicura,torricella sicura,Abruzzo,Teramo,TE,42.657567,13.65552
Tortoreto,tortoreto,Abruzzo,Teramo,TE,42.803984,13.912405
Tossicia,tossicia,Abruzzo,Teramo,TE,42.544941,13.647494
Valle Castellana,valle castellana,Abruzzo,Teramo,TE,42.736176,13.4971
Martinsicuro,martinsicuro,Abruzzo,Teramo,TE,42.885144,13.915535
Abbateggio,abbateggio,Abruzzo,Pescara,PE,42.225137,14.011106
Alanno,alanno,Abruzzo,Pescara,PE,42.295082,13.971316
Bolognano,bolognano,Abruzzo,Pescara,PE,42.2181,13.960887
Brittoli,brittoli,Abruzzo,Pescara,PE,42.317338,13.861602
Bussi sul Tirino,bussi sul tirino,Abruzzo,Pescara,PE,42.213035,13.826202
Cappelle sul Tavo,cappelle sul tavo,Abruzzo,Pescara,PE,42.464742,14.101977
Caramanico Terme,caramanico terme,Abruzzo,Pescara,PE,42.157038,14.002555
Carpineto della Nora,carpineto della nora,Abruzzo,Pescara,PE,42.333038,13.860802
Castiglione a Casauria,castiglione a casauria,Abruzzo,Pescara,PE,42.236378,13.896037
Catignano,catignano,Abruzzo,Pescara,PE,42.34626,13.950114
Cepagatti,cepagatti,Abruzzo,Pescara,PE,42.364302,14.071795
Città Sant'Angelo,citta sant'angelo,Abruzzo,Pescara,PE,42.518144,14.059203
Civitaquana,civitaquana,Abruzzo,Pescara,PE,42.325991,13.896744
Civitella Casanova,civitella casanova,Abruzzo,Pescara,PE,42.364923,13.889909
Collecorvino,collecorvino,Abruzzo,Pescara,PE,42.458598,14.01428
Corvara,corvara,Abruzzo,Pescara,PE,42.274875,13.872694
Cugnoli,cugnoli,Abruzzo,Pescara,PE,42.307138,13.932703
Elice,elice,Abruzzo,Pescara,PE,42.518275,13.968282
Farindola,farindola,Abruzzo,Pescara,PE,42.441146,13.823437
Lettomanoppello,lettomanoppello,Abruzzo,Pescara,PE,42.23664,14.036921
Loreto Aprutino,loreto aprutino,Abruzzo,Pescara,PE,42.434634,13.983232
Manoppello,manoppello,Abruzzo,Pescara,PE,42.25778,14.059958
Montebello di Bertona,montebello di bertona,Abruzzo,Pescara,PE,42.417944,13.871901
Montesilvano,montesilvano,Abruzzo,Pescara,PE,42.513603,14.15162
Moscufo,moscufo,Abruzzo,Pescara,PE,42.428144,14.054309
Nocciano,nocciano,Abruzzo,Pescara,PE,42.333041,13.984102
Penne,penne,Abruzzo,Pescara,PE,42.458215,13.927326
Pescara,pescara,Abruzzo,Pescara,PE,42.310262,13.95759
Pescosansonesco,pescosansonesco,Abruzzo,Pescara,PE,42.25446,13.884693
Pianella,pianella,Abruzzo,Pescara,PE,42.396011,14.04627
Picciano,picciano,Abruzzo,Pescara,PE,42.475642,13.989302
Pietranico,pietranico,Abruzzo,Pescara,PE,42.276237,13.910403
Popoli,popoli,Abruzzo,Pescara,PE,42.171311,13.832817
Roccamorice,roccamorice,Abruzzo,Pescara,PE,42.213499,14.024589
Rosciano,rosciano,Abruzzo,Pescara,PE,42.320692,14.042931
Salle,salle,Abruzzo,Pescara,PE,42.176935,13.961206
Sant'Eufemia a Maiella,sant'eufemia a maiella,Abruzzo,Pescara,PE,42.126135,14.026508
San Valentino in Abruzzo Citeriore,san valentino in abruzzo citeriore,Abruzzo,Pescara,PE,42.233037,13.985606
Scafa,scafa,Abruzzo,Pescara,PE,42.267138,13.999806
Serramonacesca,serramonacesca,Abruzzo,Pescara,PE,42.249033,14.093233
Spoltore,spoltore,Abruzzo,Pescara,PE,42.453456,14.140982
Tocco da Casauria,tocco da casauria,Abruzzo,Pescara,PE,42.213694,13.913472
Torre de' Passeri,torre de' passeri,Abruzzo,Pescara,PE,42.241891,13.930967
Turrivalignani,turrivalignani,Abruzzo,Pescara,PE,42.261938,14.026706
Vicoli,vicoli,Abruzzo,Pescara,PE,42.341438,13.897102
Villa Celiera,villa celiera,Abruzzo,Pescara,PE,42.381842,13.858599
Altino,altino,Abruzzo,Chieti,CH,42.099337,14.331615
Archi,archi,Abruzzo,Chieti,CH,42.089937,14.381217
Ari,ari,Abruzzo,Chieti,CH,42.29234,14.263011
Arielli,arielli,Abruzzo,Chieti,CH,42.382444,14.359279
Atessa,atessa,Abruzzo,Chieti,CH,42.071806,14.448902
Bomba,bomba,Abruzzo,Chieti,CH,42.034335,14.367117
Borrello,borrello,Abruzzo,Chieti,CH,41.918932,14.304417
Bucchianico,bucchianico,Abruzzo,Chieti,CH,42.30484,14.181009
Montebello sul Sangro,montebello sul sangro,Abruzzo,Chieti,CH,41.987272,14.325315
Canosa Sannita,canosa sannita,Abruzzo,Chieti,CH,42.295461,14.300705
Carpineto Sinello,carpineto sinello,Abruzzo,Chieti,CH,42.012036,14.50502
Carunchio,carunchio,Abruzzo,Chieti,CH,41.916634,14.526722
Casacanditella,casacanditella,Abruzzo,Chieti,CH,42.247439,14.19931
Casalanguida,casalanguida,Abruzzo,Chieti,CH,42.036634,14.499355
Casalbordino,casalbordino,Abruzzo,Chieti,CH,42.150601,14.584798
Casalincontrada,casalincontrada,Abruzzo,Chieti,CH,42.290153,14.134233
Casoli,casoli,Abruzzo,Chieti,CH,42.114637,14.290214
Castel Frentano,castel frentano,Abruzzo,Chieti,CH,42.197139,14.355214
Castelguidone,castelguidone,Abruzzo,Chieti,CH,41.823647,14.524079
Castiglione Messer Marino,castiglione messer marino,Abruzzo,Chieti,CH,41.868255,14.453058
Celenza sul Trigno,celenza sul trigno,Abruzzo,Chieti,CH,41.87229,14.577907
Chieti,chieti,Abruzzo,Chieti,CH,42.102718,14.415935
Civitaluparella,civitaluparella,Abruzzo,Chieti,CH,41.944945,14.303153
Civitella Messer Raimondo,civitella messer raimondo,Abruzzo,Chieti,CH,42.088742,14.217162
Colledimacine,colledimacine,Abruzzo,Chieti,CH,42.004433,14.200614
Colledimezzo,colledimezzo,Abruzzo,Chieti,CH,41.985659,14.38114
Crecchio,crecchio,Abruzzo,Chieti,CH,42.298544,14.326899
Cupello,cupello,Abruzzo,Chieti,CH,42.069241,14.667807
Dogliola,dogliola,Abruzzo,Chieti,CH,41.941896,14.636275
Fara Filiorum Petri,fara filiorum petri,Abruzzo,Chieti,CH,42.248697,14.185918
Fara San Martino,fara san martino,Abruzzo,Chieti,CH,42.089815,14.205333
Filetto,filetto,Abruzzo,Chieti,CH,42.228224,14.245095
Fossacesia,fossacesia,Abruzzo,Chieti,CH,42.244633,14.482904
Fraine,fraine,Abruzzo,Chieti,CH,41.905434,14.486421
Francavilla al Mare,francavilla al mare,Abruzzo,Chieti,CH,42.420643,14.28701
Fresagrandinaria,fresagrandinaria,Abruzzo,Chieti,CH,41.978949,14.663436
Frisa,frisa,Abruzzo,Chieti,CH,42.26124,14.369414
Furci,furci,Abruzzo,Chieti,CH,42.007936,14.587875
Gamberale,gamberale,Abruzzo,Chieti,CH,41.906031,14.207315
Gessopalena,gessopalena,Abruzzo,Chieti,CH,42.056635,14.273115
Gissi,gissi,Abruzzo,Chieti,CH,42.021227,14.545748
Giuliano Teatino,giuliano teatino,Abruzzo,Chieti,CH,42.307041,14.278811
Guardiagrele,guardiagrele,Abruzzo,Chieti,CH,42.195476,14.219712
Guilmi,guilmi,Abruzzo,Chieti,CH,41.997035,14.47842
Lama dei Peligni,lama dei peligni,Abruzzo,Chieti,CH,42.041534,14.186213
Lanciano,lanciano,Abruzzo,Chieti,CH,42.230532,14.390779
Lentella,lentella,Abruzzo,Chieti,CH,41.996262,14.67751
Lettopalena,lettopalena,Abruzzo,Chieti,CH,42.004033,14.156813
Liscia,liscia,Abruzzo,Chieti,CH,41.955235,14.555322
Miglianico,miglianico,Abruzzo,Chieti,CH,42.359239,14.292074
Montazzoli,montazzoli,Abruzzo,Chieti,CH,41.948334,14.42912
Monteferrante,monteferrante,Abruzzo,Chieti,CH,41.954734,14.388419
Montelapiano,montelapiano,Abruzzo,Chieti,CH,41.96344,14.341565
Montenerodomo,montenerodomo,Abruzzo,Chieti,CH,41.975633,14.252815
Monteodorisio,monteodorisio,Abruzzo,Chieti,CH,42.085897,14.652681
Mozzagrogna,mozzagrogna,Abruzzo,Chieti,CH,42.212756,14.444745
Orsogna,orsogna,Abruzzo,Chieti,CH,42.218939,14.279112
Ortona,ortona,Abruzzo,Chieti,CH,42.349643,14.403913
Paglieta,paglieta,Abruzzo,Chieti,CH,42.163039,14.497318
Palena,palena,Abruzzo,Chieti,CH,41.984359,14.138041
Palmoli,palmoli,Abruzzo,Chieti,CH,41.939435,14.581423
Palombaro,palombaro,Abruzzo,Chieti,CH,42.124836,14.230613
Pennadomo,pennadomo,Abruzzo,Chieti,CH,42.004834,14.324316
Pennapiedimonte,pennapiedimonte,Abruzzo,Chieti,CH,42.153076,14.194577
Perano,perano,Abruzzo,Chieti,CH,42.103137,14.394017
Pizzoferrato,pizzoferrato,Abruzzo,Chieti,CH,41.921432,14.235716
Poggiofiorito,poggiofiorito,Abruzzo,Chieti,CH,42.25494,14.322313
Pollutri,pollutri,Abruzzo,Chieti,CH,42.137839,14.591721
Pretoro,pretoro,Abruzzo,Chieti,CH,42.217225,14.141552
Quadri,quadri,Abruzzo,Chieti,CH,41.924932,14.288217
Rapino,rapino,Abruzzo,Chieti,CH,42.210738,14.18391
Ripa Teatina,ripa teatina,Abruzzo,Chieti,CH,42.358641,14.234109
Roccamontepiano,roccamontepiano,Abruzzo,Chieti,CH,42.244281,14.12719
Rocca San Giovanni,rocca san giovanni,Abruzzo,Chieti,CH,42.25077,14.464841
Roccascalegna,roccascalegna,Abruzzo,Chieti,CH,42.062536,14.306815
Roccaspinalveti,roccaspinalveti,Abruzzo,Chieti,CH,41.937178,14.469959
Roio del Sangro,roio del sangro,Abruzzo,Chieti,CH,41.911533,14.373819
Rosello,rosello,Abruzzo,Chieti,CH,41.900832,14.349818
San Buono,san buono,Abruzzo,Chieti,CH,41.980836,14.569922
San Giovanni Lipioni,san giovanni lipioni,Abruzzo,Chieti,CH,41.842854,14.561734
San Giovanni Teatino,san giovanni teatino,Abruzzo,Chieti,CH,42.410541,14.20103
San Martino sulla Marrucina,san martino sulla marrucina,Abruzzo,Chieti,CH,42.223373,14.21481
San Salvo,san salvo,Abruzzo,Chieti,CH,42.043326,14.72723
Santa Maria Imbaro,santa maria imbaro,Abruzzo,Chieti,CH,42.21774,14.449216
Sant'Eusanio del Sangro,sant'eusanio del sangro,Abruzzo,Chieti,CH,42.168938,14.327114
San Vito Chietino,san vito chietino,Abruzzo,Chieti,CH,42.296042,14.444515
Scerni,scerni,Abruzzo,Chieti,CH,42.111798,14.570095
Schiavi di Abruzzo,schiavi di abruzzo,Abruzzo,Chieti,CH,41.815132,14.485823
Taranta Peligna,taranta peligna,Abruzzo,Chieti,CH,42.020834,14.170513
Tollo,tollo,Abruzzo,Chieti,CH,42.347997,14.318084
Torino di Sangro,torino di sangro,Abruzzo,Chieti,CH,42.18814,14.540819
Tornareccio,tornareccio,Abruzzo,Chieti,CH,42.038136,14.416118
Torrebruna,torrebruna,Abruzzo,Chieti,CH,41.868133,14.540823
Torrevecchia Teatina,torrevecchia teatina,Abruzzo,Chieti,CH,42.381764,14.209267
Torricella Peligna,torricella peligna,Abruzzo,Chieti,CH,42.024534,14.259115
Treglio,treglio,Abruzzo,Chieti,CH,42.267741,14.425515
Tufillo,tufillo,Abruzzo,Chieti,CH,41.916463,14.626006
Vacri,vacri,Abruzzo,Chieti,CH,42.29624,14.23031
Vasto,vasto,Abruzzo,Chieti,CH,42.12434,14.705923
Villalfonsina,villalfonsina,Abruzzo,Chieti,CH,42.16054,14.57162
Villamagna,villamagna,Abruzzo,Chieti,CH,42.328941,14.23611
Villa Santa Maria,villa santa maria,Abruzzo,Chieti,CH,41.952433,14.351818
Pietraferrazzana,pietraferrazzana,Abruzzo,Chieti,CH,41.968745,14.375353
Fallo,fallo,Abruzzo,Chieti,CH,41.938333,14.323617
Acquaviva Collecroce,acquaviva collecroce,Molise,Campobasso,CB,41.867591,14.746793
Baranello,baranello,Molise,Campobasso,CB,41.526026,14.559428
Bojano,bojano,Molise,Campobasso,CB,41.485724,14.472927
Bonefro,bonefro,Molise,Campobasso,CB,41.704533,14.933334
Busso,busso,Molise,Campobasso,CB,41.556251,14.558531
Campobasso,campobasso,Molise,Campobasso,CB,41.717265,14.826227
Campochiaro,campochiaro,Molise,Campobasso,CB,41.447524,14.508928
Campodipietra,campodipietra,Molise,Campobasso,CB,41.557028,14.746032
Campolieto,campolieto,Molise,Campobasso,CB,41.632479,14.765437
Campomarino,campomarino,Molise,Campobasso,CB,41.956269,15.034344
Casacalenda,casacalenda,Molise,Campobasso,CB,41.735812,14.846709
Casalciprano,casalciprano,Molise,Campobasso,CB,41.580358,14.528117
Castelbottaccio,castelbottaccio,Molise,Campobasso,CB,41.753125,14.706608
Castellino del Biferno,castellino del biferno,Molise,Campobasso,CB,41.701631,14.73113
Castelmauro,castelmauro,Molise,Campobasso,CB,41.829051,14.710291
Castropignano,castropignano,Molise,Campobasso,CB,41.618328,14.559827
Cercemaggiore,cercemaggiore,Molise,Campobasso,CB,41.461326,14.723133
Cercepiccola,cercepiccola,Molise,Campobasso,CB,41.460125,14.665431
Civitacampomarano,civitacampomarano,Molise,Campobasso,CB,41.780398,14.689977
Colle d'Anchise,colle d'anchise,Molise,Campobasso,CB,41.506325,14.516827
Colletorto,colletorto,Molise,Campobasso,CB,41.662919,14.973364
Duronia,duronia,Molise,Campobasso,CB,41.658928,14.458424
Ferrazzano,ferrazzano,Molise,Campobasso,CB,41.530947,14.671047
Fossalto,fossalto,Molise,Campobasso,CB,41.672929,14.545726
Gambatesa,gambatesa,Molise,Campobasso,CB,41.509889,14.912052
Gildone,gildone,Molise,Campobasso,CB,41.510127,14.739232
Guardialfiera,guardialfiera,Molise,Campobasso,CB,41.804234,14.79293
Guardiaregia,guardiaregia,Molise,Campobasso,CB,41.435024,14.541729
Guglionesi,guglionesi,Molise,Campobasso,CB,41.913888,14.913613
Jelsi,jelsi,Molise,Campobasso,CB,41.517928,14.798734
Larino,larino,Molise,Campobasso,CB,41.805567,14.921098
Limosano,limosano,Molise,Campobasso,CB,41.67633,14.622428
Lucito,lucito,Molise,Campobasso,CB,41.731931,14.687228
Lupara,lupara,Molise,Campobasso,CB,41.762731,14.733009
Macchia Valfortore,macchia valfortore,Molise,Campobasso,CB,41.59503,14.911735
Mafalda,mafalda,Molise,Campobasso,CB,41.941736,14.713226
Matrice,matrice,Molise,Campobasso,CB,41.614098,14.710208
Mirabello Sannitico,mirabello sannitico,Molise,Campobasso,CB,41.515969,14.672509
Molise,molise,Molise,Campobasso,CB,41.630828,14.492925
Monacilioni,monacilioni,Molise,Campobasso,CB,41.60993,14.808533
Montagano,montagano,Molise,Campobasso,CB,41.644929,14.675129
Montecilfone,montecilfone,Molise,Campobasso,CB,41.902536,14.836429
Montefalcone nel Sannio,montefalcone nel sannio,Molise,Campobasso,CB,41.866634,14.638225
Montelongo,montelongo,Molise,Campobasso,CB,41.73664,14.952977
Montemitro,montemitro,Molise,Campobasso,CB,41.888027,14.64675
Montenero di Bisaccia,montenero di bisaccia,Molise,Campobasso,CB,42.06545,14.789569
Montorio nei Frentani,montorio nei frentani,Molise,Campobasso,CB,41.759634,14.932733
Morrone del Sannio,morrone del sannio,Molise,Campobasso,CB,41.711532,14.779831
Oratino,oratino,Molise,Campobasso,CB,41.584765,14.587502
Palata,palata,Molise,Campobasso,CB,41.890515,14.785357
Petacciato,petacciato,Molise,Campobasso,CB,42.011439,14.860928
Petrella Tifernina,petrella tifernina,Molise,Campobasso,CB,41.691756,14.695449
Pietracatella,pietracatella,Molise,Campobasso,CB,41.58116,14.873732
Pietracupa,pietracupa,Molise,Campobasso,CB,41.682529,14.519325
Portocannone,portocannone,Molise,Campobasso,CB,41.915141,15.009268
Provvidenti,provvidenti,Molise,Campobasso,CB,41.71878,14.822378
Riccia,riccia,Molise,Campobasso,CB,41.483976,14.835084
Ripabottoni,ripabottoni,Molise,Campobasso,CB,41.689231,14.808331
Ripalimosani,ripalimosani,Molise,Campobasso,CB,41.611029,14.662729
Roccavivara,roccavivara,Molise,Campobasso,CB,41.834233,14.599925
Rotello,rotello,Molise,Campobasso,CB,41.746873,15.00639
Salcito,salcito,Molise,Campobasso,CB,41.74753,14.510124
San Biase,san biase,Molise,Campobasso,CB,41.715511,14.588776
San Felice del Molise,san felice del molise,Molise,Campobasso,CB,41.891035,14.700526
San Giacomo degli Schiavoni,san giacomo degli schiavoni,Molise,Campobasso,CB,41.963238,14.946431
San Giovanni in Galdo,san giovanni in galdo,Molise,Campobasso,CB,41.590029,14.750332
San Giuliano del Sannio,san giuliano del sannio,Molise,Campobasso,CB,41.456409,14.641194
San Giuliano di Puglia,san giuliano di puglia,Molise,Campobasso,CB,41.684524,14.964406
San Martino in Pensilis,san martino in pensilis,Molise,Campobasso,CB,41.870437,15.011151
San Massimo,san massimo,Molise,Campobasso,CB,41.492924,14.410225
San Polo Matese,san polo matese,Molise,Campobasso,CB,41.459324,14.493428
Santa Croce di Magliano,santa croce di magliano,Molise,Campobasso,CB,41.71241,14.993378
Sant'Angelo Limosano,sant'angelo limosano,Molise,Campobasso,CB,41.69333,14.603427
Sant'Elia a Pianisi,sant'elia a pianisi,Molise,Campobasso,CB,41.62043,14.875234
Sepino,sepino,Molise,Campobasso,CB,41.408024,14.618331
Spinete,spinete,Molise,Campobasso,CB,41.544926,14.486226
Tavenna,tavenna,Molise,Campobasso,CB,41.908636,14.762527
Termoli,termoli,Molise,Campobasso,CB,41.998327,14.993937
Torella del Sannio,torella del sannio,Molise,Campobasso,CB,41.639828,14.519526
Toro,toro,Molise,Campobasso,CB,41.572428,14.764932
Trivento,trivento,Molise,Campobasso,CB,41.781407,14.551125
Tufara,tufara,Molise,Campobasso,CB,41.481675,14.94645
Ururi,ururi,Molise,Campobasso,CB,41.816536,15.016134
Vinchiaturo,vinchiaturo,Molise,Campobasso,CB,41.492925,14.590729
Acquaviva d'Isernia,acquaviva d'isernia,Molise,Isernia,IS,41.672126,14.148917
Agnone,agnone,Molise,Isernia,IS,41.809561,14.377046
Bagnoli del Trigno,bagnoli del trigno,Molise,Isernia,IS,41.703029,14.456523
Belmonte del Sannio,belmonte del sannio,Molise,Isernia,IS,41.823931,14.422121
Cantalupo nel Sannio,cantalupo nel sannio,Molise,Isernia,IS,41.521825,14.392925
Capracotta,capracotta,Molise,Isernia,IS,41.833903,14.264244
Carovilli,carovilli,Molise,Isernia,IS,41.714248,14294.0
Carpinone,carpinone,Molise,Isernia,IS,41.590426,14.323322
Castel del Giudice,castel del giudice,Molise,Isernia,IS,41.854635,14.230975
Castelpetroso,castelpetroso,Molise,Isernia,IS,41.559425,14.345023
Castelpizzuto,castelpizzuto,Molise,Isernia,IS,41.521724,14.292322
Castel San Vincenzo,castel san vincenzo,Molise,Isernia,IS,41.655383,14.062427
Castelverrino,castelverrino,Molise,Isernia,IS,41.76643,14.397621
Cerro al Volturno,cerro al volturno,Molise,Isernia,IS,41.655925,14.102316
Chiauci,chiauci,Molise,Isernia,IS,41.677847,14.385538
Civitanova del Sannio,civitanova del sannio,Molise,Isernia,IS,41.667928,14.403823
Colli a Volturno,colli a volturno,Molise,Isernia,IS,41.598724,14.104917
Conca Casale,conca casale,Molise,Isernia,IS,41.495121,14.006816
Filignano,filignano,Molise,Isernia,IS,41.545332,14.056175
Forlì del Sannio,forli del sannio,Molise,Isernia,IS,41.695927,14.179517
Fornelli,fornelli,Molise,Isernia,IS,41.606727,14.139489
Frosolone,frosolone,Molise,Isernia,IS,41.600627,14.446525
Isernia,isernia,Molise,Isernia,IS,41.649468,14.208148
Longano,longano,Molise,Isernia,IS,41.521623,14.245621
Macchia d'Isernia,macchia d'isernia,Molise,Isernia,IS,41.561624,14.167119
Macchiagodena,macchiagodena,Molise,Isernia,IS,41.559826,14.407824
Miranda,miranda,Molise,Isernia,IS,41.645126,14.24632
Montaquila,montaquila,Molise,Isernia,IS,41.566723,14.112618
Montenero Val Cocchiara,montenero val cocchiara,Molise,Isernia,IS,41.716826,14.069415
Monteroduni,monteroduni,Molise,Isernia,IS,41.521123,14.17702
Pesche,pesche,Molise,Isernia,IS,41.611068,14.281951
Pescolanciano,pescolanciano,Molise,Isernia,IS,41.678427,14.337221
Pescopennataro,pescopennataro,Molise,Isernia,IS,41.878971,14.29332
Pettoranello del Molise,pettoranello del molise,Molise,Isernia,IS,41.573125,14.277521
Pietrabbondante,pietrabbondante,Molise,Isernia,IS,41.747129,14.384421
Pizzone,pizzone,Molise,Isernia,IS,41.666936,14.035567
Poggio Sannita,poggio sannita,Molise,Isernia,IS,41.778834,14.4142
Pozzilli,pozzilli,Molise,Isernia,IS,41.511422,14.062517
Rionero Sannitico,rionero sannitico,Molise,Isernia,IS,41.711927,14.138616
Roccamandolfi,roccamandolfi,Molise,Isernia,IS,41.497124,14.353824
Roccasicura,roccasicura,Molise,Isernia,IS,41.69682,14.233532
Rocchetta a Volturno,rocchetta a volturno,Molise,Isernia,IS,41.624626,14.086261
San Pietro Avellana,san pietro avellana,Molise,Isernia,IS,41.790629,14.182216
Sant'Agapito,sant'agapito,Molise,Isernia,IS,41.544597,14.222944
Santa Maria del Molise,santa maria del molise,Molise,Isernia,IS,41.552725,14.368224
Sant'Angelo del Pesco,sant'angelo del pesco,Molise,Isernia,IS,41.882631,14.254917
Sant'Elena Sannita,sant'elena sannita,Molise,Isernia,IS,41.575842,14.469593
Scapoli,scapoli,Molise,Isernia,IS,41.615524,14.058716
Sessano del Molise,sessano del molise,Molise,Isernia,IS,41.638162,14.331565
Sesto Campano,sesto campano,Molise,Isernia,IS,41.42042,14.077819
Vastogirardi,vastogirardi,Molise,Isernia,IS,41.774129,14.260418
Venafro,venafro,Molise,Isernia,IS,41.483425,14.045112
Ailano,ailano,Campania,Caserta,CE,41.390624,14.203199
Alife,alife,Campania,Caserta,CE,41.32612,14.334026
Alvignano,alvignano,Campania,Caserta,CE,41.219342,14.352737
Arienzo,arienzo,Campania,Caserta,CE,41.024257,14.497052
Aversa,aversa,Campania,Caserta,CE,40.973212,14.204928
Baia e Latina,baia e latina,Campania,Caserta,CE,41.302919,14.252124
Bellona,bellona,Campania,Caserta,CE,41.160016,14.232326
Caianello,caianello,Campania,Caserta,CE,41.300234,14.088442
Caiazzo,caiazzo,Campania,Caserta,CE,41.178322,14.364948
Calvi Risorta,calvi risorta,Campania,Caserta,CE,41.216538,14.128731
Camigliano,camigliano,Campania,Caserta,CE,41.179816,14.209525
Cancello ed Arnone,cancello ed arnone,Campania,Caserta,CE,41.074112,14.027423
Capodrise,capodrise,Campania,Caserta,CE,41.04414,14.303337
Capriati a Volturno,capriati a volturno,Campania,Caserta,CE,41.468622,14.14542
Capua,capua,Campania,Caserta,CE,41.107998,14.209718
Carinaro,carinaro,Campania,Caserta,CE,40.983584,14.218991
Carinola,carinola,Campania,Caserta,CE,41.170677,14.015459
Casagiove,casagiove,Campania,Caserta,CE,41.074715,14.307729
Casal di Principe,casal di principe,Campania,Caserta,CE,41.011412,14.124825
Casaluce,casaluce,Campania,Caserta,CE,41.001912,14.198027
Casapulla,casapulla,Campania,Caserta,CE,41.075314,14.289728
Caserta,caserta,Campania,Caserta,CE,41.203483,14.117058
Castel Campagnano,castel campagnano,Campania,Caserta,CE,41.181553,14.452504
Castel di Sasso,castel di sasso,Campania,Caserta,CE,41.192288,14.280644
Castello del Matese,castello del matese,Campania,Caserta,CE,41.366721,14.377726
Castel Morrone,castel morrone,Campania,Caserta,CE,41.121016,14.354729
Castel Volturno,castel volturno,Campania,Caserta,CE,41.034313,13.940835
Cervino,cervino,Campania,Caserta,CE,41.040015,14.424032
Cesa,cesa,Campania,Caserta,CE,40.964412,14.230128
Ciorlano,ciorlano,Campania,Caserta,CE,41.450221,14.15832
Conca della Campania,conca della campania,Campania,Caserta,CE,41.352332,13.996595
Curti,curti,Campania,Caserta,CE,41.072914,14.273928
Dragoni,dragoni,Campania,Caserta,CE,41.27024,14.309773
Fontegreca,fontegreca,Campania,Caserta,CE,41.455522,14.183621
Formicola,formicola,Campania,Caserta,CE,41.21044,14.232798
Francolise,francolise,Campania,Caserta,CE,41.185015,14.056722
Frignano,frignano,Campania,Caserta,CE,40.997933,14.179376
Gallo Matese,gallo matese,Campania,Caserta,CE,41.464522,14.225022
Galluccio,galluccio,Campania,Caserta,CE,41.352318,13.953717
Giano Vetusto,giano vetusto,Campania,Caserta,CE,41.202716,14.193424
Gioia Sannitica,gioia sannitica,Campania,Caserta,CE,41.30012,14.444129
Grazzanise,grazzanise,Campania,Caserta,CE,41.089413,14.100324
Gricignano di Aversa,gricignano di aversa,Campania,Caserta,CE,40.980092,14.233711
Letino,letino,Campania,Caserta,CE,41.453022,14.255422
Liberi,liberi,Campania,Caserta,CE,41.227818,14.290026
Lusciano,lusciano,Campania,Caserta,CE,40.970012,14.190427
Macerata Campania,macerata campania,Campania,Caserta,CE,41.063314,14.273728
Maddaloni,maddaloni,Campania,Caserta,CE,41.039924,14.376687
Marcianise,marcianise,Campania,Caserta,CE,41.032997,14.298423
Marzano Appio,marzano appio,Campania,Caserta,CE,41.320038,14.052279
Mignano Monte Lungo,mignano monte lungo,Campania,Caserta,CE,41.405919,13.985517
Mondragone,mondragone,Campania,Caserta,CE,41.114112,13.893519
Orta di Atella,orta di atella,Campania,Caserta,CE,40.966512,14.268029
Parete,parete,Campania,Caserta,CE,40.958911,14.161927
Pastorano,pastorano,Campania,Caserta,CE,41.180816,14.198225
Piana di Monte Verna,piana di monte verna,Campania,Caserta,CE,41.167117,14.333728
Piedimonte Matese,piedimonte matese,Campania,Caserta,CE,41.350819,14.368032
Pietramelara,pietramelara,Campania,Caserta,CE,41.271728,14.188005
Pietravairano,pietravairano,Campania,Caserta,CE,41.325219,14.165922
Pignataro Maggiore,pignataro maggiore,Campania,Caserta,CE,41.190816,14.172324
Pontelatone,pontelatone,Campania,Caserta,CE,41.193517,14.251726
Portico di Caserta,portico di caserta,Campania,Caserta,CE,41.056514,14.279428
Prata Sannita,prata sannita,Campania,Caserta,CE,41.432821,14.202722
Pratella,pratella,Campania,Caserta,CE,41.405825,14.178097
Presenzano,presenzano,Campania,Caserta,CE,41.376619,14.07642
Raviscanina,raviscanina,Campania,Caserta,CE,41.379398,14.233533
Recale,recale,Campania,Caserta,CE,41.055114,14.304029
Riardo,riardo,Campania,Caserta,CE,41.262717,14.151923
Rocca d'Evandro,rocca d'evandro,Campania,Caserta,CE,41.389018,13.908116
Roccamonfina,roccamonfina,Campania,Caserta,CE,41.288404,13.982838
Roccaromana,roccaromana,Campania,Caserta,CE,41.273963,14.222289
Rocchetta e Croce,rocchetta e croce,Campania,Caserta,CE,41.234172,14.169838
Ruviano,ruviano,Campania,Caserta,CE,41.210318,14.409229
San Cipriano d'Aversa,san cipriano d'aversa,Campania,Caserta,CE,40.998812,14.131726
San Felice a Cancello,san felice a cancello,Campania,Caserta,CE,41.012394,14.482993
San Gregorio Matese,san gregorio matese,Campania,Caserta,CE,41.385228,14.37505
San Marcellino,san marcellino,Campania,Caserta,CE,40.986454,14.175332
San Nicola la Strada,san nicola la strada,Campania,Caserta,CE,41.051814,14.331329
San Pietro Infine,san pietro infine,Campania,Caserta,CE,41.44592,13.961516
San Potito Sannitico,san potito sannitico,Campania,Caserta,CE,41.337736,14.392902
San Prisco,san prisco,Campania,Caserta,CE,41.087115,14.278228
Santa Maria a Vico,santa maria a vico,Campania,Caserta,CE,41.026857,14.465186
Santa Maria Capua Vetere,santa maria capua vetere,Campania,Caserta,CE,41.079922,14.256397
Santa Maria la Fossa,santa maria la fossa,Campania,Caserta,CE,41.091714,14.128224
San Tammaro,san tammaro,Campania,Caserta,CE,41.075902,14.231671
Sant'Angelo d'Alife,sant'angelo d'alife,Campania,Caserta,CE,41.3592,14.263586
Sant'Arpino,sant'arpino,Campania,Caserta,CE,40.959512,14.248929
Sessa Aurunca,sessa aurunca,Campania,Caserta,CE,41.236934,13.93473
Sparanise,sparanise,Campania,Caserta,CE,41.186815,14.093722
Succivo,succivo,Campania,Caserta,CE,40.968012,14.255629
Teano,teano,Campania,Caserta,CE,41.251084,14.067151
Teverola,teverola,Campania,Caserta,CE,40.995572,14.207373
Tora e Piccilli,tora e piccilli,Campania,Caserta,CE,41.338609,14.022498
Trentola Ducenta,trentola ducenta,Campania,Caserta,CE,40.97623,14.177166
Vairano Patenora,vairano patenora,Campania,Caserta,CE,41.337019,14.131121
Valle Agricola,valle agricola,Campania,Caserta,CE,41.425021,14.255023
Valle di Maddaloni,valle di maddaloni,Campania,Caserta,CE,41.079515,14.415631
Villa di Briano,villa di briano,Campania,Caserta,CE,41.000012,14.160726
Villa Literno,villa literno,Campania,Caserta,CE,41.009912,14.080525
Vitulazio,vitulazio,Campania,Caserta,CE,41.164116,14.216925
Falciano del Massico,falciano del massico,Campania,Caserta,CE,41.165122,13.949453
Cellole,cellole,Campania,Caserta,CE,41.204814,13.854317
Casapesenna,casapesenna,Campania,Caserta,CE,40.991512,14.136126
San Marco Evangelista,san marco evangelista,Campania,Caserta,CE,41.037018,14.336294
Airola,airola,Campania,Benevento,BN,41.061022,14.55843
Amorosi,amorosi,Campania,Benevento,BN,41.202918,14.461636
Apice,apice,Campania,Benevento,BN,41.118424,14.914866
Apollosa,apollosa,Campania,Benevento,BN,41.094118,14.705337
Arpaia,arpaia,Campania,Benevento,BN,41.036126,14.546974
Arpaise,arpaise,Campania,Benevento,BN,41.029817,14.744083
Baselice,baselice,Campania,Benevento,BN,41.393726,14.972839
Benevento,benevento,Campania,Benevento,BN,41.247688,14.705941
Bonea,bonea,Campania,Benevento,BN,41.075206,14.618001
Bucciano,bucciano,Campania,Benevento,BN,41.076113,14.572337
Buonalbergo,buonalbergo,Campania,Benevento,BN,41.223077,14.979821
Calvi,calvi,Campania,Benevento,BN,41.071619,14.865241
Campolattaro,campolattaro,Campania,Benevento,BN,41.286622,14.729435
Campoli del Monte Taburno,campoli del monte taburno,Campania,Benevento,BN,41.131518,14.645935
Casalduni,casalduni,Campania,Benevento,BN,41.260229,14.69609
Castelfranco in Miscano,castelfranco in miscano,Campania,Benevento,BN,41.297337,15.085522
Castelpagano,castelpagano,Campania,Benevento,BN,41.401725,14.808035
Castelpoto,castelpoto,Campania,Benevento,BN,41.140927,14.701937
Castelvenere,castelvenere,Campania,Benevento,BN,41.23482,14.546532
Castelvetere in Val Fortore,castelvetere in val fortore,Campania,Benevento,BN,41.441965,14.939563
Cautano,cautano,Campania,Benevento,BN,41.149313,14.638083
Ceppaloni,ceppaloni,Campania,Benevento,BN,41.044533,14.760051
Cerreto Sannita,cerreto sannita,Campania,Benevento,BN,41.284472,14.558945
Circello,circello,Campania,Benevento,BN,41.357518,14.809056
Colle Sannita,colle sannita,Campania,Benevento,BN,41.364683,14.833232
Cusano Mutri,cusano mutri,Campania,Benevento,BN,41.339082,14.507318
Dugenta,dugenta,Campania,Benevento,BN,41.132217,14.452431
Durazzano,durazzano,Campania,Benevento,BN,41.062481,14.447478
Faicchio,faicchio,Campania,Benevento,BN,41.278031,14.478745
Foglianise,foglianise,Campania,Benevento,BN,41.160133,14.671322
Foiano di Val Fortore,foiano di val fortore,Campania,Benevento,BN,41.351825,14.97734
Forchia,forchia,Campania,Benevento,BN,41.030225,14.537343
Fragneto l'Abate,fragneto l'abate,Campania,Benevento,BN,41.256187,14.782426
Fragneto Monforte,fragneto monforte,Campania,Benevento,BN,41.246039,14.760604
Frasso Telesino,frasso telesino,Campania,Benevento,BN,41.156818,14.527832
Ginestra degli Schiavoni,ginestra degli schiavoni,Campania,Benevento,BN,41.279924,15.043742
Guardia Sanframondi,guardia sanframondi,Campania,Benevento,BN,41.256353,14.599527
Limatola,limatola,Campania,Benevento,BN,41.140817,14.39293
Melizzano,melizzano,Campania,Benevento,BN,41.16057,14.50531
Moiano,moiano,Campania,Benevento,BN,41.079609,14.543006
Molinara,molinara,Campania,Benevento,BN,41.29063,14.910343
Montefalcone di Val Fortore,montefalcone di val fortore,Campania,Benevento,BN,41.325991,15.009059
Montesarchio,montesarchio,Campania,Benevento,BN,41.063923,14.639788
Morcone,morcone,Campania,Benevento,BN,41.341101,14.663626
Paduli,paduli,Campania,Benevento,BN,41.167202,14.883597
Pago Veiano,pago veiano,Campania,Benevento,BN,41.247922,14.871339
Pannarano,pannarano,Campania,Benevento,BN,41.010215,14.703342
Paolisi,paolisi,Campania,Benevento,BN,41.037084,14.578152
Paupisi,paupisi,Campania,Benevento,BN,41.19532,14.665235
Pesco Sannita,pesco sannita,Campania,Benevento,BN,41.233594,14.811333
Pietraroja,pietraroja,Campania,Benevento,BN,41.347822,14.54963
Pietrelcina,pietrelcina,Campania,Benevento,BN,41.199421,14.844139
Ponte,ponte,Campania,Benevento,BN,41.214732,14.696327
Pontelandolfo,pontelandolfo,Campania,Benevento,BN,41.287114,14.692288
Puglianello,puglianello,Campania,Benevento,BN,41.223419,14.45043
Reino,reino,Campania,Benevento,BN,41.291903,14.823823
San Bartolomeo in Galdo,san bartolomeo in galdo,Campania,Benevento,BN,41.409682,15.015391
San Giorgio del Sannio,san giorgio del sannio,Campania,Benevento,BN,41.069327,14.852458
San Giorgio La Molara,san giorgio la molara,Campania,Benevento,BN,41.270908,14.920083
San Leucio del Sannio,san leucio del sannio,Campania,Benevento,BN,41.074418,14.757438
San Lorenzello,san lorenzello,Campania,Benevento,BN,41.277366,14.542832
San Lorenzo Maggiore,san lorenzo maggiore,Campania,Benevento,BN,41.251227,14.626944
San Lupo,san lupo,Campania,Benevento,BN,41.260105,14.635629
San Marco dei Cavoti,san marco dei cavoti,Campania,Benevento,BN,41.310603,14.878952
San Martino Sannita,san martino sannita,Campania,Benevento,BN,41.066218,14.83584
San Nazzaro,san nazzaro,Campania,Benevento,BN,41.05239,14.856356
San Nicola Manfredi,san nicola manfredi,Campania,Benevento,BN,41.071768,14.824534
San Salvatore Telesino,san salvatore telesino,Campania,Benevento,BN,41.236019,14.499131
Santa Croce del Sannio,santa croce del sannio,Campania,Benevento,BN,41.387456,14.732203
Sant'Agata de' Goti,sant'agata de' goti,Campania,Benevento,BN,41.088538,14.503793
Sant'Angelo a Cupolo,sant'angelo a cupolo,Campania,Benevento,BN,41.069118,14.80374
Sassinoro,sassinoro,Campania,Benevento,BN,41.374724,14.664532
Solopaca,solopaca,Campania,Benevento,BN,41.194566,14.553363
Telese Terme,telese terme,Campania,Benevento,BN,41.216414,14527.0
Tocco Caudio,tocco caudio,Campania,Benevento,BN,41.125159,14.634268
Torrecuso,torrecuso,Campania,Benevento,BN,41.18974,14.680055
Vitulano,vitulano,Campania,Benevento,BN,41.173979,14.645624
Sant'Arcangelo Trimonte,sant'arcangelo trimonte,Campania,Benevento,BN,41.165512,14.939038
Acerra,acerra,Campania,Napoli,,40.946053,14.375008
Afragola,afragola,Campania,Napoli,,40.926012,14.310831
Agerola,agerola,Campania,Napoli,,40.637707,14.538839
Anacapri,anacapri,Campania,Napoli,,40.55577,14.213604
Arzano,arzano,Campania,Napoli,,40.91602,14.268018
Bacoli,bacoli,Campania,Napoli,,40.796613,14.077783
Barano d'Ischia,barano d'ischia,Campania,Napoli,,40.709018,13.918602
Boscoreale,boscoreale,Campania,Napoli,,40.77404,14.477432
Boscotrecase,boscotrecase,Campania,Napoli,,40.77431,14.462036
Brusciano,brusciano,Campania,Napoli,,40.923212,14.423933
Caivano,caivano,Campania,Napoli,,40.957112,14.31023
Calvizzano,calvizzano,Campania,Napoli,,40.905696,14.19329
Camposano,camposano,Campania,Napoli,,40.953743,14.529154
Capri,capri,Campania,Napoli,,40.548775,14.228087
Carbonara di Nola,carbonara di nola,Campania,Napoli,,40.874228,14.57863
Cardito,cardito,Campania,Napoli,,40.942012,14.29943
Casalnuovo di Napoli,casalnuovo di napoli,Campania,Napoli,,40.914819,14.351125
Casamarciano,casamarciano,Campania,Napoli,,40.931618,14.553477
Casamicciola Terme,casamicciola terme,Campania,Napoli,,40.747356,13.907512
Casandrino,casandrino,Campania,Napoli,,40.935864,14.248805
Casavatore,casavatore,Campania,Napoli,,40.899211,14.27663
Casola di Napoli,casola di napoli,Campania,Napoli,,40.696037,14.533447
Casoria,casoria,Campania,Napoli,,40.904557,14.290122
Castellammare di Stabia,castellammare di stabia,Campania,Napoli,,40.694305,14.480481
Castello di Cisterna,castello di cisterna,Campania,Napoli,,40.915112,14.406233
Cercola,cercola,Campania,Napoli,,40.857682,14.355158
Cicciano,cicciano,Campania,Napoli,,40.964714,14.538935
Cimitile,cimitile,Campania,Napoli,,40.940513,14.525435
Comiziano,comiziano,Campania,Napoli,,40.952142,14.551436
Crispano,crispano,Campania,Napoli,,40.952512,14.28993
Forio,forio,Campania,Napoli,,40.736842,13.858135
Frattamaggiore,frattamaggiore,Campania,Napoli,,40.941426,14.272209
Frattaminore,frattaminore,Campania,Napoli,,40.95574,14.270948
Giugliano in Campania,giugliano in campania,Campania,Napoli,,40.928687,14.200699
Gragnano,gragnano,Campania,Napoli,,40.69,14.521065
Grumo Nevano,grumo nevano,Campania,Napoli,,40.938154,14.259269
Ischia,ischia,Campania,Napoli,,40.734205,13.947125
Lacco Ameno,lacco ameno,Campania,Napoli,,40.75097,13.89006
Lettere,lettere,Campania,Napoli,,40.704909,14.544939
Liveri,liveri,Campania,Napoli,,40.904713,14.565937
Marano di Napoli,marano di napoli,Campania,Napoli,,40.89761,14.190528
Mariglianella,mariglianella,Campania,Napoli,,40.929513,14.435833
Marigliano,marigliano,Campania,Napoli,,40.924914,14.456867
Massa Lubrense,massa lubrense,Campania,Napoli,,40.611036,14.345089
Melito di Napoli,melito di napoli,Campania,Napoli,,40.920511,14.230029
Meta,meta,Campania,Napoli,,40.639206,14.418237
Monte di Procida,monte di procida,Campania,Napoli,,40.800907,14.051827
Mugnano di Napoli,mugnano di napoli,Campania,Napoli,,40.9093,14.206835
Napoli,napoli,Campania,Napoli,,40.835934,14.248783
Nola,nola,Campania,Napoli,,40.921083,14.53274
Ottaviano,ottaviano,Campania,Napoli,,40.849818,14.490127
Palma Campania,palma campania,Campania,Napoli,,40.864917,14.548733
Piano di Sorrento,piano di sorrento,Campania,Napoli,,40.632645,14.411091
Pimonte,pimonte,Campania,Napoli,,40.673608,14.509838
Poggiomarino,poggiomarino,Campania,Napoli,,40.803111,14.539037
Pollena Trocchia,pollena trocchia,Campania,Napoli,,40.854635,14.379468
Pomigliano d'Arco,pomigliano d'arco,Campania,Napoli,,40.907912,14.386233
Pompei,pompei,Campania,Napoli,,40.749127,14.500642
Portici,portici,Campania,Napoli,,40.818973,14.338745
Pozzuoli,pozzuoli,Campania,Napoli,,40.822643,14.121911
Procida,procida,Campania,Napoli,,40.764999,14.023906
Qualiano,qualiano,Campania,Napoli,,40.918836,14.153611
Quarto,quarto,Campania,Napoli,,40.877194,14.140159
Ercolano,ercolano,Campania,Napoli,,40.805361,14.347104
Roccarainola,roccarainola,Campania,Napoli,,40.971255,14.561026
San Gennaro Vesuviano,san gennaro vesuviano,Campania,Napoli,,40.8604,14.529168
San Giorgio a Cremano,san giorgio a cremano,Campania,Napoli,,40.829296,14.334168
San Giuseppe Vesuviano,san giuseppe vesuviano,Campania,Napoli,,40.829811,14.504436
San Paolo Bel Sito,san paolo bel sito,Campania,Napoli,,40.914813,14.546736
San Sebastiano al Vesuvio,san sebastiano al vesuvio,Campania,Napoli,,40.843565,14.36995
Sant'Agnello,sant'agnello,Campania,Napoli,,40.630006,14.397136
Sant'Anastasia,sant'anastasia,Campania,Napoli,,40.866911,14.404833
Sant'Antimo,sant'antimo,Campania,Napoli,,40.945711,14.231429
Sant'Antonio Abate,sant'antonio abate,Campania,Napoli,,40.723709,14.546538
San Vitaliano,san vitaliano,Campania,Napoli,,40.927213,14.480134
Saviano,saviano,Campania,Napoli,,40.905613,14.505035
Scisciano,scisciano,Campania,Napoli,,40.916013,14.485735
Serrara Fontana,serrara fontana,Campania,Napoli,,40.717945,13.893526
Somma Vesuviana,somma vesuviana,Campania,Napoli,,40.871615,14.436142
Sorrento,sorrento,Campania,Napoli,,40.624906,14.374836
Striano,striano,Campania,Napoli,,40.815855,14.576468
Terzigno,terzigno,Campania,Napoli,,40.812442,14.496484
Torre Annunziata,torre annunziata,Campania,Napoli,,40.752524,14.455004
Torre del Greco,torre del greco,Campania,Napoli,,40.787921,14.368281
Tufino,tufino,Campania,Napoli,,40.954114,14.565936
Vico Equense,vico equense,Campania,Napoli,,40.662296,14.426382
Villaricca,villaricca,Campania,Napoli,,40.921611,14.189828
Visciano,visciano,Campania,Napoli,,40.925414,14.582837
Volla,volla,Campania,Napoli,,40.878411,14.342932
Santa Maria la Carità,santa maria la carita,Campania,Napoli,,40.721003,14.51282
Trecase,trecase,Campania,Napoli,,40.770891,14.439651
Massa di Somma,massa di somma,Campania,Napoli,,40.847631,14.374302
Aiello del Sabato,aiello del sabato,Campania,Avellino,AV,40.887194,14.819448
Altavilla Irpina,altavilla irpina,Campania,Avellino,AV,41.00616,14.777679
Andretta,andretta,Campania,Avellino,AV,40.938476,15.32775
Aquilonia,aquilonia,Campania,Avellino,AV,40.986721,15.474455
Ariano Irpino,ariano irpino,Campania,Avellino,AV,41.152667,15.088563
Atripalda,atripalda,Campania,Avellino,AV,40.920812,14.833499
Avella,avella,Campania,Avellino,AV,40.958914,14.600537
Avellino,avellino,Campania,Avellino,AV,40.996545,15.140569
Bagnoli Irpino,bagnoli irpino,Campania,Avellino,AV,40.833115,15.072549
Baiano,baiano,Campania,Avellino,AV,40.952514,14.616737
Bisaccia,bisaccia,Campania,Avellino,AV,41.012121,15.374753
Bonito,bonito,Campania,Avellino,AV,41.09772,15.001344
Cairano,cairano,Campania,Avellino,AV,40.896819,15.370354
Calabritto,calabritto,Campania,Avellino,AV,40.782215,15.223953
Calitri,calitri,Campania,Avellino,AV,40.902119,15.430556
Candida,candida,Campania,Avellino,AV,40.9423,14.875183
Caposele,caposele,Campania,Avellino,AV,40.816374,15.223939
Capriglia Irpina,capriglia irpina,Campania,Avellino,AV,40.960316,14.77724
Carife,carife,Campania,Avellino,AV,41.028106,15.208662
Casalbore,casalbore,Campania,Avellino,AV,41.233923,15.006742
Cassano Irpino,cassano irpino,Campania,Avellino,AV,40.870416,15.025947
Castel Baronia,castel baronia,Campania,Avellino,AV,41.047421,15.188748
Castelfranci,castelfranci,Campania,Avellino,AV,40.931317,15.043247
Castelvetere sul Calore,castelvetere sul calore,Campania,Avellino,AV,40.928717,14.986145
Cervinara,cervinara,Campania,Avellino,AV,41.021928,14.613291
Cesinali,cesinali,Campania,Avellino,AV,40.895526,14.828328
Chianche,chianche,Campania,Avellino,AV,41.046157,14.789589
Chiusano di San Domenico,chiusano di san domenico,Campania,Avellino,AV,40.933116,14.916344
Contrada,contrada,Campania,Avellino,AV,40.866527,14.776031
Conza della Campania,conza della campania,Campania,Avellino,AV,40.858592,15.336066
Domicella,domicella,Campania,Avellino,AV,40.880013,14.587737
Flumeri,flumeri,Campania,Avellino,AV,41.077821,15.147747
Fontanarosa,fontanarosa,Campania,Avellino,AV,41.018361,15.02099
Forino,forino,Campania,Avellino,AV,40.861973,14.734796
Frigento,frigento,Campania,Avellino,AV,41.011319,15.099747
Gesualdo,gesualdo,Campania,Avellino,AV,41.006719,15.072446
Greci,greci,Campania,Avellino,AV,41.251825,15.169145
Grottaminarda,grottaminarda,Campania,Avellino,AV,41.06972,15.058945
Grottolella,grottolella,Campania,Avellino,AV,40.972716,14.78704
Guardia Lombardi,guardia lombardi,Campania,Avellino,AV,40.953719,15.20885
Lacedonia,lacedonia,Campania,Avellino,AV,41.051222,15.423854
Lapio,lapio,Campania,Avellino,AV,40.981117,14.946344
Lauro,lauro,Campania,Avellino,AV,40.879968,14.629467
Lioni,lioni,Campania,Avellino,AV,40.876517,15.187751
Luogosano,luogosano,Campania,Avellino,AV,40.985631,14.991956
Manocalzati,manocalzati,Campania,Avellino,AV,40.941865,14.849804
Marzano di Nola,marzano di nola,Campania,Avellino,AV,40.90272,14.584093
Melito Irpino,melito irpino,Campania,Avellino,AV,41.103253,15.052042
Mercogliano,mercogliano,Campania,Avellino,AV,40.920162,14.738605
Mirabella Eclano,mirabella eclano,Campania,Avellino,AV,41.044919,14.998744
Montaguto,montaguto,Campania,Avellino,AV,41.248725,15.248447
Montecalvo Irpino,montecalvo irpino,Campania,Avellino,AV,41.195623,15.033443
Montefalcione,montefalcione,Campania,Avellino,AV,40.961038,14.882215
Monteforte Irpino,monteforte irpino,Campania,Avellino,AV,40.891922,14.713905
Montefredane,montefredane,Campania,Avellino,AV,40.962395,14.810959
Montefusco,montefusco,Campania,Avellino,AV,41.037618,14.854941
Montella,montella,Campania,Avellino,AV,40.843856,15.017955
Montemarano,montemarano,Campania,Avellino,AV,40.915216,14.997646
Montemiletto,montemiletto,Campania,Avellino,AV,41.011342,14.908704
Monteverde,monteverde,Campania,Avellino,AV,40.998922,15.534157
Morra De Sanctis,morra de sanctis,Campania,Avellino,AV,40.929019,15.242851
Moschiano,moschiano,Campania,Avellino,AV,40.874246,14.658358
Mugnano del Cardinale,mugnano del cardinale,Campania,Avellino,AV,40.943014,14.635638
Nusco,nusco,Campania,Avellino,AV,40.88695,15.084004
Ospedaletto d'Alpinolo,ospedaletto d'alpinolo,Campania,Avellino,AV,40.938671,14.743934
Pago del Vallo di Lauro,pago del vallo di lauro,Campania,Avellino,AV,40.897213,14.607638
Parolise,parolise,Campania,Avellino,AV,40.930941,14.88177
Paternopoli,paternopoli,Campania,Avellino,AV,40.97332,15.032045
Petruro Irpino,petruro irpino,Campania,Avellino,AV,41.031917,14.79754
Pietradefusi,pietradefusi,Campania,Avellino,AV,41.044191,14.883407
Pietrastornina,pietrastornina,Campania,Avellino,AV,40.991741,14.729245
Prata di Principato Ultra,prata di principato ultra,Campania,Avellino,AV,40.985973,14.837514
Pratola Serra,pratola serra,Campania,Avellino,AV,40.987017,14.852642
Quadrelle,quadrelle,Campania,Avellino,AV,40.946996,14.63826
Quindici,quindici,Campania,Avellino,AV,40.863313,14.647539
Roccabascerana,roccabascerana,Campania,Avellino,AV,41.018443,14.716318
Rocca San Felice,rocca san felice,Campania,Avellino,AV,40.95146,15.164394
Rotondi,rotondi,Campania,Avellino,AV,41.03118,14.596753
Salza Irpina,salza irpina,Campania,Avellino,AV,40.920063,14.88935
San Mango sul Calore,san mango sul calore,Campania,Avellino,AV,40.958117,14.972745
San Martino Valle Caudina,san martino valle caudina,Campania,Avellino,AV,41.023025,14.662237
San Michele di Serino,san michele di serino,Campania,Avellino,AV,40.877296,14.856309
San Nicola Baronia,san nicola baronia,Campania,Avellino,AV,41.058521,15.199148
San Potito Ultra,san potito ultra,Campania,Avellino,AV,40.928116,14.873051
San Sossio Baronia,san sossio baronia,Campania,Avellino,AV,41.071221,15.200548
Santa Lucia di Serino,santa lucia di serino,Campania,Avellino,AV,40.870415,14.875944
Sant'Andrea di Conza,sant'andrea di conza,Campania,Avellino,AV,40.844818,15.369655
Sant'Angelo all'Esca,sant'angelo all'esca,Campania,Avellino,AV,41.006618,14.993045
Sant'Angelo a Scala,sant'angelo a scala,Campania,Avellino,AV,40.974575,14.740186
Sant'Angelo dei Lombardi,sant'angelo dei lombardi,Campania,Avellino,AV,40.92703,15.177524
Santa Paolina,santa paolina,Campania,Avellino,AV,41.021718,14.847241
Santo Stefano del Sole,santo stefano del sole,Campania,Avellino,AV,40.893915,14.868543
Savignano Irpino,savignano irpino,Campania,Avellino,AV,41.228524,15.179246
Scampitella,scampitella,Campania,Avellino,AV,41.092522,15.29995
Senerchia,senerchia,Campania,Avellino,AV,40.74039,15.200979
Serino,serino,Campania,Avellino,AV,40.856714,14.870566
Sirignano,sirignano,Campania,Avellino,AV,40.951014,14.631594
Solofra,solofra,Campania,Avellino,AV,40.829131,14.845652
Sorbo Serpico,sorbo serpico,Campania,Avellino,AV,40.916928,14.887097
Sperone,sperone,Campania,Avellino,AV,40.952359,14.60328
Sturno,sturno,Campania,Avellino,AV,41.019827,15.111318
Summonte,summonte,Campania,Avellino,AV,40.949488,14.744804
Taurano,taurano,Campania,Avellino,AV,40.884069,14.634006
Taurasi,taurasi,Campania,Avellino,AV,41.008718,14.958644
Teora,teora,Campania,Avellino,AV,40.852817,15.253352
Torella dei Lombardi,torella dei lombardi,Campania,Avellino,AV,40.939718,15.115048
Torre Le Nocelle,torre le nocelle,Campania,Avellino,AV,41.023118,14.909343
Torrioni,torrioni,Campania,Avellino,AV,41.033453,14.813023
Trevico,trevico,Campania,Avellino,AV,41.048421,15.233449
Tufo,tufo,Campania,Avellino,AV,41.010298,14.823317
Vallata,vallata,Campania,Avellino,AV,41.037221,15.25215
Vallesaccarda,vallesaccarda,Campania,Avellino,AV,41.06276,15.251783
Venticano,venticano,Campania,Avellino,AV,41.049124,14.917637
Villamaina,villamaina,Campania,Avellino,AV,40.969418,15.090047
Villanova del Battista,villanova del battista,Campania,Avellino,AV,41.120822,15.158747
Volturara Irpina,volturara irpina,Campania,Avellino,AV,40.878104,14.917085
Zungoli,zungoli,Campania,Avellino,AV,41.125322,15.203648
Montoro,montoro,Campania,Avellino,AV,40.832876,14.791777
Acerno,acerno,Campania,Salerno,SA,40.737713,15.056949
Agropoli,agropoli,Campania,Salerno,SA,40.346905,14.996553
Albanella,albanella,Campania,Salerno,SA,40.478422,15.116608
Alfano,alfano,Campania,Salerno,SA,40.177505,15.425165
Altavilla Silentina,altavilla silentina,Campania,Salerno,SA,40.530241,15.131031
Amalfi,amalfi,Campania,Salerno,SA,40.63367,14.60261
Angri,angri,Campania,Salerno,SA,40.737659,14.572283
Aquara,aquara,Campania,Salerno,SA,40.443909,15.253857
Ascea,ascea,Campania,Salerno,SA,40.141602,15.18576
Atena Lucana,atena lucana,Campania,Salerno,SA,40.455111,15.557264
Atrani,atrani,Campania,Salerno,SA,40.636908,14.607541
Auletta,auletta,Campania,Salerno,SA,40.558841,15.42489
Baronissi,baronissi,Campania,Salerno,SA,40.746938,14.769987
Battipaglia,battipaglia,Campania,Salerno,SA,40.609254,14.982144
Bellosguardo,bellosguardo,Campania,Salerno,SA,40.423309,15.314159
Bracigliano,bracigliano,Campania,Salerno,SA,40.823512,14.705441
Buccino,buccino,Campania,Salerno,SA,40.632913,15.369658
Buonabitacolo,buonabitacolo,Campania,Salerno,SA,40.271308,15.619968
Caggiano,caggiano,Campania,Salerno,SA,40.567813,15.493361
Calvanico,calvanico,Campania,Salerno,SA,40.775212,14.827944
Camerota,camerota,Campania,Salerno,SA,40.032501,15.372765
Campagna,campagna,Campania,Salerno,SA,40.664729,15.107145
Campora,campora,Campania,Salerno,SA,40.305406,15.29236
Cannalonga,cannalonga,Campania,Salerno,SA,40.244298,15.293675
Capaccio Paestum,capaccio paestum,Campania,Salerno,SA,40.443862,15.040038
Casalbuono,casalbuono,Campania,Salerno,SA,40.21575,15.681587
Casaletto Spartano,casaletto spartano,Campania,Salerno,SA,40.150705,15.618669
Casal Velino,casal velino,Campania,Salerno,SA,40.190907,15.109374
Caselle in Pittari,caselle in pittari,Campania,Salerno,SA,40.172539,15.545752
Castelcivita,castelcivita,Campania,Salerno,SA,40.49421,15.234456
Castellabate,castellabate,Campania,Salerno,SA,40.276127,14.958119
Castelnuovo Cilento,castelnuovo cilento,Campania,Salerno,SA,40.219535,15.177151
Castelnuovo di Conza,castelnuovo di conza,Campania,Salerno,SA,40.820617,15.318754
Castel San Giorgio,castel san giorgio,Campania,Salerno,SA,40.783712,14.698841
Castel San Lorenzo,castel san lorenzo,Campania,Salerno,SA,40.418308,15.227157
Castiglione del Genovesi,castiglione del genovesi,Campania,Salerno,SA,40.725511,14.848445
Cava de' Tirreni,cava de' tirreni,Campania,Salerno,SA,40.700462,14.706263
Celle di Bulgheria,celle di bulgheria,Campania,Salerno,SA,40.095489,15.402705
Centola,centola,Campania,Salerno,SA,40.066502,15.311963
Ceraso,ceraso,Campania,Salerno,SA,40.194304,15.256061
Cetara,cetara,Campania,Salerno,SA,40.648214,14.700415
Cicerale,cicerale,Campania,Salerno,SA,40.343801,15.129201
Colliano,colliano,Campania,Salerno,SA,40.726115,15.291155
Conca dei Marini,conca dei marini,Campania,Salerno,SA,40.618907,14.56784
Controne,controne,Campania,Salerno,SA,40.50961,15.205556
Contursi Terme,contursi terme,Campania,Salerno,SA,40.649513,15.239355
Corbara,corbara,Campania,Salerno,SA,40.724782,14.592763
Corleto Monforte,corleto monforte,Campania,Salerno,SA,40.437209,15.37956
Cuccaro Vetere,cuccaro vetere,Campania,Salerno,SA,40.161682,15.308547
Eboli,eboli,Campania,Salerno,SA,40.617515,15.056944
Felitto,felitto,Campania,Salerno,SA,40.373507,15.243058
Fisciano,fisciano,Campania,Salerno,SA,40.772812,14.799443
Furore,furore,Campania,Salerno,SA,40.618936,14.548137
Futani,futani,Campania,Salerno,SA,40.150703,15.323163
Giffoni Sei Casali,giffoni sei casali,Campania,Salerno,SA,40.719141,14.905972
Giffoni Valle Piana,giffoni valle piana,Campania,Salerno,SA,40.718112,14.942347
Gioi,gioi,Campania,Salerno,SA,40.289705,15.218059
Giungano,giungano,Campania,Salerno,SA,40.394707,15.107155
Ispani,ispani,Campania,Salerno,SA,40.087304,15.558269
Laureana Cilento,laureana cilento,Campania,Salerno,SA,40.299156,15.038455
Laurino,laurino,Campania,Salerno,SA,40.336507,15.337161
Laurito,laurito,Campania,Salerno,SA,40.168604,15.405964
Laviano,laviano,Campania,Salerno,SA,40.785128,15.307312
Lustra,lustra,Campania,Salerno,SA,40.288304,15.068255
Magliano Vetere,magliano vetere,Campania,Salerno,SA,40.347007,15.236658
Maiori,maiori,Campania,Salerno,SA,40.648908,14.640141
Mercato San Severino,mercato san severino,Campania,Salerno,SA,40.783303,14.755728
Minori,minori,Campania,Salerno,SA,40.652708,14.624941
Moio della Civitella,moio della civitella,Campania,Salerno,SA,40.247105,15.26886
Montano Antilia,montano antilia,Campania,Salerno,SA,40.162304,15.365463
Montecorice,montecorice,Campania,Salerno,SA,40.234024,14.984681
Montecorvino Pugliano,montecorvino pugliano,Campania,Salerno,SA,40.658056,14.944609
Montecorvino Rovella,montecorvino rovella,Campania,Salerno,SA,40.695913,14.976105
Monteforte Cilento,monteforte cilento,Campania,Salerno,SA,40.364807,15.194857
Monte San Giacomo,monte san giacomo,Campania,Salerno,SA,40.344409,15.540465
Montesano sulla Marcellana,montesano sulla marcellana,Campania,Salerno,SA,40.275889,15.701375
Morigerati,morigerati,Campania,Salerno,SA,40.139949,15.555182
Nocera Inferiore,nocera inferiore,Campania,Salerno,SA,40.747213,14.64332
Nocera Superiore,nocera superiore,Campania,Salerno,SA,40.74156,14.671504
Novi Velia,novi velia,Campania,Salerno,SA,40.225105,15.288361
Ogliastro Cilento,ogliastro cilento,Campania,Salerno,SA,40.352405,15.043154
Olevano sul Tusciano,olevano sul tusciano,Campania,Salerno,SA,40.668904,15.032615
Oliveto Citra,oliveto citra,Campania,Salerno,SA,40.690808,15.231782
Omignano,omignano,Campania,Salerno,SA,40.248204,15.085156
Orria,orria,Campania,Salerno,SA,40.299705,15.171157
Ottati,ottati,Campania,Salerno,SA,40.462856,15.315234
Padula,padula,Campania,Salerno,SA,40.341642,15.658254
Pagani,pagani,Campania,Salerno,SA,40.749888,14.613323
Palomonte,palomonte,Campania,Salerno,SA,40.662513,15.291856
Pellezzano,pellezzano,Campania,Salerno,SA,40.725211,14.757443
Perdifumo,perdifumo,Campania,Salerno,SA,40.265986,15.015499
Perito,perito,Campania,Salerno,SA,40.297705,15.147657
Pertosa,pertosa,Campania,Salerno,SA,40.54288,15.448966
Petina,petina,Campania,Salerno,SA,40.532111,15.373459
Piaggine,piaggine,Campania,Salerno,SA,40.344808,15.378661
Pisciotta,pisciotta,Campania,Salerno,SA,40.108902,15.234561
Polla,polla,Campania,Salerno,SA,40.517112,15.497962
Pollica,pollica,Campania,Salerno,SA,40.190702,15.057156
Pontecagnano Faiano,pontecagnano faiano,Campania,Salerno,SA,40.640904,14.881882
Positano,positano,Campania,Salerno,SA,40.628658,14.485495
Postiglione,postiglione,Campania,Salerno,SA,40.559011,15.232356
Praiano,praiano,Campania,Salerno,SA,40.611107,14.53134
Prignano Cilento,prignano cilento,Campania,Salerno,SA,40.330905,15.068655
Ravello,ravello,Campania,Salerno,SA,40.649664,14.612275
Ricigliano,ricigliano,Campania,Salerno,SA,40.668456,15.481459
Roccadaspide,roccadaspide,Campania,Salerno,SA,40.425364,15.191785
Roccagloriosa,roccagloriosa,Campania,Salerno,SA,40.108662,15.433349
Roccapiemonte,roccapiemonte,Campania,Salerno,SA,40.762465,14.692375
Rofrano,rofrano,Campania,Salerno,SA,40.211405,15.427864
Romagnano al Monte,romagnano al monte,Campania,Salerno,SA,40.627188,15.435959
Roscigno,roscigno,Campania,Salerno,SA,40.39903,15.345926
Rutino,rutino,Campania,Salerno,SA,40.299704,15.072755
Sacco,sacco,Campania,Salerno,SA,40.378108,15.377961
Sala Consilina,sala consilina,Campania,Salerno,SA,40.398221,15.596369
Salento,salento,Campania,Salerno,SA,40.248604,15.190058
Salerno,salerno,Campania,Salerno,SA,40.419442,15.310756
Salvitelle,salvitelle,Campania,Salerno,SA,40.590913,15.45876
San Cipriano Picentino,san cipriano picentino,Campania,Salerno,SA,40.720003,14.870013
San Giovanni a Piro,san giovanni a piro,Campania,Salerno,SA,40.050302,15.450967
San Gregorio Magno,san gregorio magno,Campania,Salerno,SA,40.656523,15.403609
San Mango Piemonte,san mango piemonte,Campania,Salerno,SA,40.701911,14.833745
San Marzano sul Sarno,san marzano sul sarno,Campania,Salerno,SA,40.775215,14.587362
San Mauro Cilento,san mauro cilento,Campania,Salerno,SA,40.226355,15.044077
San Mauro la Bruca,san mauro la bruca,Campania,Salerno,SA,40.122937,15.28975
San Pietro al Tanagro,san pietro al tanagro,Campania,Salerno,SA,40.456811,15.480662
San Rufo,san rufo,Campania,Salerno,SA,40.43451,15.463662
Santa Marina,santa marina,Campania,Salerno,SA,40.104304,15.540468
Sant'Angelo a Fasanella,sant'angelo a fasanella,Campania,Salerno,SA,40.45681,15.341459
Sant'Arsenio,sant'arsenio,Campania,Salerno,SA,40.472911,15.484562
Sant'Egidio del Monte Albino,sant'egidio del monte albino,Campania,Salerno,SA,40.733842,14.597044
Santomenna,santomenna,Campania,Salerno,SA,40.808317,15.321454
San Valentino Torio,san valentino torio,Campania,Salerno,SA,40.793011,14.598039
Sanza,sanza,Campania,Salerno,SA,40.244607,15.552666
Sapri,sapri,Campania,Salerno,SA,40.075078,15.629775
Sarno,sarno,Campania,Salerno,SA,40.810811,14.619839
Sassano,sassano,Campania,Salerno,SA,40.337709,15.563066
Scafati,scafati,Campania,Salerno,SA,40.749989,14.526949
Scala,scala,Campania,Salerno,SA,40.653614,14.607792
Serramezzana,serramezzana,Campania,Salerno,SA,40.243948,15.032059
Serre,serre,Campania,Salerno,SA,40.582511,15.185554
Sessa Cilento,sessa cilento,Campania,Salerno,SA,40.259204,15.075756
Siano,siano,Campania,Salerno,SA,40.804026,14.688432
Sicignano degli Alburni,sicignano degli alburni,Campania,Salerno,SA,40.581042,15.300396
Stella Cilento,stella cilento,Campania,Salerno,SA,40.231803,15.092857
Stio,stio,Campania,Salerno,SA,40.310006,15.252679
Teggiano,teggiano,Campania,Salerno,SA,40.379209,15.540465
Torchiara,torchiara,Campania,Salerno,SA,40.322967,15.052395
Torraca,torraca,Campania,Salerno,SA,40.112532,15.635237
Torre Orsaia,torre orsaia,Campania,Salerno,SA,40.133304,15.473266
Tortorella,tortorella,Campania,Salerno,SA,40.142205,15.605669
Tramonti,tramonti,Campania,Salerno,SA,40.699733,14.641537
Trentinara,trentinara,Campania,Salerno,SA,40.400395,15.107466
Valle dell'Angelo,valle dell'angelo,Campania,Salerno,SA,40.343808,15.368461
Vallo della Lucania,vallo della lucania,Campania,Salerno,SA,40.229704,15.26576
Valva,valva,Campania,Salerno,SA,40.738215,15.269454
Vibonati,vibonati,Campania,Salerno,SA,40.100248,15.583115
Vietri sul Mare,vietri sul mare,Campania,Salerno,SA,40.671548,14.7286
Bellizzi,bellizzi,Campania,Salerno,SA,40.62018,14.948453
Accadia,accadia,Puglia,Foggia,FG,41.158824,15.33145
Alberona,alberona,Puglia,Foggia,FG,41.432728,15.123042
Anzano di Puglia,anzano di puglia,Puglia,Foggia,FG,41.122523,15.28445
Apricena,apricena,Puglia,Foggia,FG,41.783938,15.443744
Ascoli Satriano,ascoli satriano,Puglia,Foggia,FG,41.20612,15.56161
Biccari,biccari,Puglia,Foggia,FG,41.396128,15.194444
Bovino,bovino,Puglia,Foggia,FG,41.249926,15.341249
Cagnano Varano,cagnano varano,Puglia,Foggia,FG,41.828742,15.773151
Candela,candela,Puglia,Foggia,FG,41.137925,15.514654
Carapelle,carapelle,Puglia,Foggia,FG,41.365313,15.693676
Carlantino,carlantino,Puglia,Foggia,FG,41.592118,14.976765
Carpino,carpino,Puglia,Foggia,FG,41.844242,15.856153
Casalnuovo Monterotaro,casalnuovo monterotaro,Puglia,Foggia,FG,41.620232,15.103839
Casalvecchio di Puglia,casalvecchio di puglia,Puglia,Foggia,FG,41.593832,15.110539
Castelluccio dei Sauri,castelluccio dei sauri,Puglia,Foggia,FG,41.303915,15.479226
Castelluccio Valmaggiore,castelluccio valmaggiore,Puglia,Foggia,FG,41.342327,15.199045
Castelnuovo della Daunia,castelnuovo della daunia,Puglia,Foggia,FG,41.582631,15.12084
Celenza Valfortore,celenza valfortore,Puglia,Foggia,FG,41.56173,14.978837
Celle di San Vito,celle di san vito,Puglia,Foggia,FG,41.325936,15.180998
Cerignola,cerignola,Puglia,Foggia,FG,41.264812,15.899665
Chieuti,chieuti,Puglia,Foggia,FG,41.844637,15.165937
Deliceto,deliceto,Puglia,Foggia,FG,41.223026,15.38585
Faeto,faeto,Puglia,Foggia,FG,41.325426,15.159844
Foggia,foggia,Puglia,Foggia,FG,41.502811,15.4529
Ischitella,ischitella,Puglia,Foggia,FG,41.904344,15.899453
Isole Tremiti,isole tremiti,Puglia,Foggia,FG,42.1148,15.487124
Lesina,lesina,Puglia,Foggia,FG,41.859439,15.352741
Lucera,lucera,Puglia,Foggia,FG,41.508273,15.337646
Manfredonia,manfredonia,Puglia,Foggia,FG,41.625473,15.909593
Mattinata,mattinata,Puglia,Foggia,FG,41.710141,16.051559
Monteleone di Puglia,monteleone di puglia,Puglia,Foggia,FG,41.165424,15.258048
Monte Sant'Angelo,monte sant'angelo,Puglia,Foggia,FG,41.70544,15.967657
Motta Montecorvino,motta montecorvino,Puglia,Foggia,FG,41.50743,15.114141
Orsara di Puglia,orsara di puglia,Puglia,Foggia,FG,41.281626,15.264447
Orta Nova,orta nova,Puglia,Foggia,FG,41.32993,15.710656
Panni,panni,Puglia,Foggia,FG,41.222025,15.274648
Peschici,peschici,Puglia,Foggia,FG,41.94743,16.013883
Pietramontecorvino,pietramontecorvino,Puglia,Foggia,FG,41.541631,15.127541
Poggio Imperiale,poggio imperiale,Puglia,Foggia,FG,41.823324,15.365418
Rignano Garganico,rignano garganico,Puglia,Foggia,FG,41.677013,15.587517
Rocchetta Sant'Antonio,rocchetta sant'antonio,Puglia,Foggia,FG,41.103524,15.461754
Rodi Garganico,rodi garganico,Puglia,Foggia,FG,41.928745,15.881052
Roseto Valfortore,roseto valfortore,Puglia,Foggia,FG,41.372427,15.096142
San Giovanni Rotondo,san giovanni rotondo,Puglia,Foggia,FG,41.705055,15.730646
San Marco in Lamis,san marco in lamis,Puglia,Foggia,FG,41.713138,15.63985
San Marco la Catola,san marco la catola,Puglia,Foggia,FG,41.524829,15.005938
San Nicandro Garganico,san nicandro garganico,Puglia,Foggia,FG,41.838446,15.565338
San Paolo di Civitate,san paolo di civitate,Puglia,Foggia,FG,41.738336,15.260241
San Severo,san severo,Puglia,Foggia,FG,41.689776,15.377621
Sant'Agata di Puglia,sant'agata di puglia,Puglia,Foggia,FG,41.151824,15.380251
Serracapriola,serracapriola,Puglia,Foggia,FG,41.811937,15.160238
Stornara,stornara,Puglia,Foggia,FG,41.288625,15.768058
Stornarella,stornarella,Puglia,Foggia,FG,41.25638,15.729788
Torremaggiore,torremaggiore,Puglia,Foggia,FG,41.687477,15.292956
Troia,troia,Puglia,Foggia,FG,41.363128,15.312347
Vico del Gargano,vico del gargano,Puglia,Foggia,FG,41.898344,15.957554
Vieste,vieste,Puglia,Foggia,FG,41.88276,16.179179
Volturara Appula,volturara appula,Puglia,Foggia,FG,41.496029,15.052239
Volturino,volturino,Puglia,Foggia,FG,41.477229,15.124241
Ordona,ordona,Puglia,Foggia,FG,41.315529,15.627355
Zapponeta,zapponeta,Puglia,Foggia,FG,41.456964,15.956532
Acquaviva delle Fonti,acquaviva delle fonti,Puglia,Bari,BA,40.897829,16.842487
Adelfia,adelfia,Puglia,Bari,BA,41.004265,16.871653
Alberobello,alberobello,Puglia,Bari,BA,40.784124,17.237703
Altamura,altamura,Puglia,Bari,BA,40.82856,16.552731
Bari,bari,Puglia,Bari,BA,41.125784,16.862029
Binetto,binetto,Puglia,Bari,BA,41.024165,16.709581
Bitetto,bitetto,Puglia,Bari,BA,41.041408,16.748699
Bitonto,bitonto,Puglia,Bari,BA,41.108497,16.691548
Bitritto,bitritto,Puglia,Bari,BA,41.044532,16.825185
Capurso,capurso,Puglia,Bari,BA,41.05032,16.916742
Casamassima,casamassima,Puglia,Bari,BA,40.957131,16.920388
Cassano delle Murge,cassano delle murge,Puglia,Bari,BA,40.89101,16.768619
Castellana Grotte,castellana grotte,Puglia,Bari,BA,40.886431,17.165495
Cellamare,cellamare,Puglia,Bari,BA,41.019333,16.928288
Conversano,conversano,Puglia,Bari,BA,40.968396,17.113771
Corato,corato,Puglia,Bari,BA,41.152761,16.411464
Gioia del Colle,gioia del colle,Puglia,Bari,BA,40.796728,16.92359
Giovinazzo,giovinazzo,Puglia,Bari,BA,41.187501,16.671666
Gravina in Puglia,gravina in puglia,Puglia,Bari,BA,40.819725,16.422779
Grumo Appula,grumo appula,Puglia,Bari,BA,41.013531,16.708483
Locorotondo,locorotondo,Puglia,Bari,BA,40.789167,17.299348
Modugno,modugno,Puglia,Bari,BA,41.082564,16.780552
Mola di Bari,mola di bari,Puglia,Bari,BA,41.061323,17.091711
Molfetta,molfetta,Puglia,Bari,BA,41.199246,16.596828
Monopoli,monopoli,Puglia,Bari,BA,40.952237,17.299948
Noci,noci,Puglia,Bari,BA,40.79468,17.123557
Noicattaro,noicattaro,Puglia,Bari,BA,41.032287,16.987712
Palo del Colle,palo del colle,Puglia,Bari,BA,41.057532,16.700782
Poggiorsini,poggiorsini,Puglia,Bari,BA,40.917126,16.254774
Polignano a Mare,polignano a mare,Puglia,Bari,BA,40.996118,17.219586
Putignano,putignano,Puglia,Bari,BA,40.85183,17.121294
Rutigliano,rutigliano,Puglia,Bari,BA,41.011159,17.005479
Ruvo di Puglia,ruvo di puglia,Puglia,Bari,BA,41.114087,16.486397
Sammichele di Bari,sammichele di bari,Puglia,Bari,BA,40.887987,16.949456
Sannicandro di Bari,sannicandro di bari,Puglia,Bari,BA,41.00052,16.797697
Santeramo in Colle,santeramo in colle,Puglia,Bari,BA,40.793027,16.755286
Terlizzi,terlizzi,Puglia,Bari,BA,41.130234,16.542471
Toritto,toritto,Puglia,Bari,BA,40.99823,16.679779
Triggiano,triggiano,Puglia,Bari,BA,41.063448,16.921698
Turi,turi,Puglia,Bari,BA,40.917331,17.021191
Valenzano,valenzano,Puglia,Bari,BA,41.045333,16.885086
Avetrana,avetrana,Puglia,Taranto,TA,40.349942,17.727374
Carosino,carosino,Puglia,Taranto,TA,40.465824,17.397605
Castellaneta,castellaneta,Puglia,Taranto,TA,40.630424,16.934678
Crispiano,crispiano,Puglia,Taranto,TA,40.60548,17.232135
Faggiano,faggiano,Puglia,Taranto,TA,40.419823,17.386605
Fragagnano,fragagnano,Puglia,Taranto,TA,40.431924,17.472207
Ginosa,ginosa,Puglia,Taranto,TA,40.579751,16.756208
Grottaglie,grottaglie,Puglia,Taranto,TA,40.536193,17.434221
Laterza,laterza,Puglia,Taranto,TA,40.629524,16.799689
Leporano,leporano,Puglia,Taranto,TA,40.383922,17.334904
Lizzano,lizzano,Puglia,Taranto,TA,40.391023,17.447607
Manduria,manduria,Puglia,Taranto,TA,40.401825,17.633511
Martina Franca,martina franca,Puglia,Taranto,TA,40.704238,17.339991
Maruggio,maruggio,Puglia,Taranto,TA,40.32226,17.572366
Massafra,massafra,Puglia,Taranto,TA,40.588831,17.11699
Monteiasi,monteiasi,Puglia,Taranto,TA,40.499725,17.381007
Montemesola,montemesola,Puglia,Taranto,TA,40.56302,17.339228
Monteparano,monteparano,Puglia,Taranto,TA,40.444024,17.415105
Mottola,mottola,Puglia,Taranto,TA,40.633225,17.037195
Palagianello,palagianello,Puglia,Taranto,TA,40.611891,16.975118
Palagiano,palagiano,Puglia,Taranto,TA,40.578224,17.037395
Pulsano,pulsano,Puglia,Taranto,TA,40.384693,17.35567
Roccaforzata,roccaforzata,Puglia,Taranto,TA,40.437424,17.389605
San Giorgio Ionico,san giorgio ionico,Puglia,Taranto,TA,40.456624,17.378704
San Marzano di San Giuseppe,san marzano di san giuseppe,Puglia,Taranto,TA,40.454425,17.505607
Sava,sava,Puglia,Taranto,TA,40.403424,17.558409
Taranto,taranto,Puglia,Taranto,TA,40.548816,17.08058
Torricella,torricella,Puglia,Taranto,TA,40.354062,17.499392
Statte,statte,Puglia,Taranto,TA,40.563225,17.209799
Brindisi,brindisi,Puglia,Brindisi,BR,40.636227,17.688501
Carovigno,carovigno,Puglia,Brindisi,BR,40.707185,17.656848
Ceglie Messapica,ceglie messapica,Puglia,Brindisi,BR,40.646044,17.517057
Cellino San Marco,cellino san marco,Puglia,Brindisi,BR,40.472228,17.966318
Cisternino,cisternino,Puglia,Brindisi,BR,40.742985,17.425745
Erchie,erchie,Puglia,Brindisi,BR,40.436042,17.734629
Fasano,fasano,Puglia,Brindisi,BR,40.834432,17.358399
Francavilla Fontana,francavilla fontana,Puglia,Brindisi,BR,40.530162,17.582677
Latiano,latiano,Puglia,Brindisi,BR,40.553783,17.718222
Mesagne,mesagne,Puglia,Brindisi,BR,40.558829,17.808313
Oria,oria,Puglia,Brindisi,BR,40.497327,17.64131
Ostuni,ostuni,Puglia,Brindisi,BR,40.727631,17.576406
San Donaci,san donaci,Puglia,Brindisi,BR,40.44938,17.922606
San Michele Salentino,san michele salentino,Puglia,Brindisi,BR,40.630386,17.633576
San Pancrazio Salentino,san pancrazio salentino,Puglia,Brindisi,BR,40.419133,17.839385
San Pietro Vernotico,san pietro vernotico,Puglia,Brindisi,BR,40.491529,17.998918
San Vito dei Normanni,san vito dei normanni,Puglia,Brindisi,BR,40.656248,17.703752
Torchiarolo,torchiarolo,Puglia,Brindisi,BR,40.484029,18.051619
Torre Santa Susanna,torre santa susanna,Puglia,Brindisi,BR,40.465627,17.735612
Villa Castelli,villa castelli,Puglia,Brindisi,BR,40.584527,17.474605
Alessano,alessano,Puglia,Lecce,LE,39.889678,18.331208
Alezio,alezio,Puglia,Lecce,LE,40.061321,18.058224
Alliste,alliste,Puglia,Lecce,LE,39.948618,18.088826
Andrano,andrano,Puglia,Lecce,LE,39.983019,18.382202
Aradeo,aradeo,Puglia,Lecce,LE,40.130922,18.129625
Arnesano,arnesano,Puglia,Lecce,LE,40.3352,18.091628
Bagnolo del Salento,bagnolo del salento,Puglia,Lecce,LE,40.150624,18.35263
Botrugno,botrugno,Puglia,Lecce,LE,40.064722,18.32443
Calimera,calimera,Puglia,Lecce,LE,40.250022,18.280727
Campi Salentina,campi salentina,Puglia,Lecce,LE,40.398496,18.018319
Cannole,cannole,Puglia,Lecce,LE,40.166225,18.36603
Caprarica di Lecce,caprarica di lecce,Puglia,Lecce,LE,40.258126,18.249026
Carmiano,carmiano,Puglia,Lecce,LE,40.344826,18.043021
Carpignano Salentino,carpignano salentino,Puglia,Lecce,LE,40.197781,18.340827
Casarano,casarano,Puglia,Lecce,LE,40.01082,18.161765
Castri di Lecce,castri di lecce,Puglia,Lecce,LE,40.273826,18.263327
Castrignano de' Greci,castrignano de' greci,Puglia,Lecce,LE,40.173897,18.297011
Castrignano del Capo,castrignano del capo,Puglia,Lecce,LE,39.832318,18.351233
Cavallino,cavallino,Puglia,Lecce,LE,40.312527,18.200425
Collepasso,collepasso,Puglia,Lecce,LE,40.07302,18.163073
Copertino,copertino,Puglia,Lecce,LE,40.271681,18.050252
Corigliano d'Otranto,corigliano d'otranto,Puglia,Lecce,LE,40.159624,18.259428
Corsano,corsano,Puglia,Lecce,LE,39.889219,18.369333
Cursi,cursi,Puglia,Lecce,LE,40.149624,18.314829
Cutrofiano,cutrofiano,Puglia,Lecce,LE,40.126323,18.201627
Diso,diso,Puglia,Lecce,LE,40.009522,18.392532
Gagliano del Capo,gagliano del capo,Puglia,Lecce,LE,39.844218,18.369534
Galatina,galatina,Puglia,Lecce,LE,40.174278,18.167839
Galatone,galatone,Puglia,Lecce,LE,40.142922,18.070424
Gallipoli,gallipoli,Puglia,Lecce,LE,40.05672,17.996423
Giuggianello,giuggianello,Puglia,Lecce,LE,40.094423,18.368931
Giurdignano,giurdignano,Puglia,Lecce,LE,40.121524,18.432732
Guagnano,guagnano,Puglia,Lecce,LE,40.401227,17.949018
Lecce,lecce,Puglia,Lecce,LE,40.152217,18.226063
Lequile,lequile,Puglia,Lecce,LE,40.305826,18.140223
Leverano,leverano,Puglia,Lecce,LE,40.289425,17.999414
Lizzanello,lizzanello,Puglia,Lecce,LE,40.304127,18.222525
Maglie,maglie,Puglia,Lecce,LE,40.118463,18.298853
Martano,martano,Puglia,Lecce,LE,40.203621,18.30198
Martignano,martignano,Puglia,Lecce,LE,40.237425,18.255227
Matino,matino,Puglia,Lecce,LE,40.03251,18.133853
Melendugno,melendugno,Puglia,Lecce,LE,40.271701,18.336912
Melissano,melissano,Puglia,Lecce,LE,39.971065,18.125779
Melpignano,melpignano,Puglia,Lecce,LE,40.157081,18.293078
Miggiano,miggiano,Puglia,Lecce,LE,39.95972,18.311631
Minervino di Lecce,minervino di lecce,Puglia,Lecce,LE,40.088424,18.420432
Monteroni di Lecce,monteroni di lecce,Puglia,Lecce,LE,40.324398,18.09759
Montesano Salentino,montesano salentino,Puglia,Lecce,LE,39.975621,18.321431
Morciano di Leuca,morciano di leuca,Puglia,Lecce,LE,39.847818,18.312432
Muro Leccese,muro leccese,Puglia,Lecce,LE,40.102323,18.33813
Nardò,nardo,Puglia,Lecce,LE,40.176261,18.030637
Neviano,neviano,Puglia,Lecce,LE,40.107722,18.114025
Nociglia,nociglia,Puglia,Lecce,LE,40.039222,18.326031
Novoli,novoli,Puglia,Lecce,LE,40.378527,18.04922
Ortelle,ortelle,Puglia,Lecce,LE,40.033896,18.39112
Otranto,otranto,Puglia,Lecce,LE,40.147825,18.485933
Palmariggi,palmariggi,Puglia,Lecce,LE,40.131322,18.381176
Parabita,parabita,Puglia,Lecce,LE,40.051921,18.129526
Patù,patu,Puglia,Lecce,LE,39.841218,18.338933
Poggiardo,poggiardo,Puglia,Lecce,LE,40.054223,18.379132
Racale,racale,Puglia,Lecce,LE,39.963119,18.093826
Ruffano,ruffano,Puglia,Lecce,LE,39.984092,18.247476
Salice Salentino,salice salentino,Puglia,Lecce,LE,40.385662,17.963748
Salve,salve,Puglia,Lecce,LE,39.861318,18.293332
Sanarica,sanarica,Puglia,Lecce,LE,40.089123,18.348731
San Cesario di Lecce,san cesario di lecce,Puglia,Lecce,LE,40.302961,18.159865
San Donato di Lecce,san donato di lecce,Puglia,Lecce,LE,40.268126,18.184225
Sannicola,sannicola,Puglia,Lecce,LE,40.091921,18.066124
San Pietro in Lama,san pietro in lama,Puglia,Lecce,LE,40.308426,18.128623
Santa Cesarea Terme,santa cesarea terme,Puglia,Lecce,LE,40.036323,18.456834
Scorrano,scorrano,Puglia,Lecce,LE,40.091623,18.299629
Seclì,secli,Puglia,Lecce,LE,40.130126,18.100507
Sogliano Cavour,sogliano cavour,Puglia,Lecce,LE,40.148823,18.195226
Soleto,soleto,Puglia,Lecce,LE,40.187708,18.207372
Specchia,specchia,Puglia,Lecce,LE,39.93712,18.297631
Spongano,spongano,Puglia,Lecce,LE,40.017822,18.365632
Squinzano,squinzano,Puglia,Lecce,LE,40.436528,18.04182
Sternatia,sternatia,Puglia,Lecce,LE,40.222125,18.225226
Supersano,supersano,Puglia,Lecce,LE,40.017721,18.243229
Surano,surano,Puglia,Lecce,LE,40.028322,18.345131
Surbo,surbo,Puglia,Lecce,LE,40.396028,18.133422
Taurisano,taurisano,Puglia,Lecce,LE,39.956619,18.214129
Taviano,taviano,Puglia,Lecce,LE,39.983519,18.086826
Tiggiano,tiggiano,Puglia,Lecce,LE,39.905819,18.364433
Trepuzzi,trepuzzi,Puglia,Lecce,LE,40.405472,18.07062
Tricase,tricase,Puglia,Lecce,LE,39.93042,18.355332
Tuglie,tuglie,Puglia,Lecce,LE,40.073821,18.098125
Ugento,ugento,Puglia,Lecce,LE,39.926319,18.157428
Uggiano la Chiesa,uggiano la chiesa,Puglia,Lecce,LE,40.101724,18.449333
Veglie,veglie,Puglia,Lecce,LE,40.335126,17.965219
Vernole,vernole,Puglia,Lecce,LE,40.289527,18.303527
Zollino,zollino,Puglia,Lecce,LE,40.206006,18.250589
San Cassiano,san cassiano,Puglia,Lecce,LE,40.056287,18.333936
Castro,castro,Puglia,Lecce,LE,40.007022,18.425733
Porto Cesareo,porto cesareo,Puglia,Lecce,LE,40.262824,17.898418
Presicce-Acquarica,presicce-acquarica,Puglia,Lecce,LE,39.903241,18.254798
Andria,andria,Puglia,Barletta-Andria-Trani,BT,41.227646,16.295435
Barletta,barletta,Puglia,Barletta-Andria-Trani,BT,41.321498,16.28687
Bisceglie,bisceglie,Puglia,Barletta-Andria-Trani,BT,41.240274,16.501011
Canosa di Puglia,canosa di puglia,Puglia,Barletta-Andria-Trani,BT,41.219631,16.067466
Margherita di Savoia,margherita di savoia,Puglia,Barletta-Andria-Trani,BT,41.374235,16.150166
Minervino Murge,minervino murge,Puglia,Barletta-Andria-Trani,BT,41.085052,16.077776
San Ferdinando di Puglia,san ferdinando di puglia,Puglia,Barletta-Andria-Trani,BT,41.302632,16.070465
Spinazzola,spinazzola,Puglia,Barletta-Andria-Trani,BT,40.969168,16.088007
Trani,trani,Puglia,Barletta-Andria-Trani,BT,41.275088,16.416258
Trinitapoli,trinitapoli,Puglia,Barletta-Andria-Trani,BT,41.358853,16.087436
Abriola,abriola,Basilicata,Potenza,PZ,40.507882,15.81376
Acerenza,acerenza,Basilicata,Potenza,PZ,40.792121,15.936568
Albano di Lucania,albano di lucania,Basilicata,Potenza,PZ,40.584445,16.036716
Anzi,anzi,Basilicata,Potenza,PZ,40.516615,15.924571
Armento,armento,Basilicata,Potenza,PZ,40.307712,16.064977
Atella,atella,Basilicata,Potenza,PZ,40.880321,15.650161
Avigliano,avigliano,Basilicata,Potenza,PZ,40.729718,15.720264
Balvano,balvano,Basilicata,Potenza,PZ,40.650315,15.514161
Banzi,banzi,Basilicata,Potenza,PZ,40.861559,16.013768
Baragiano,baragiano,Basilicata,Potenza,PZ,40.679738,15.593966
Barile,barile,Basilicata,Potenza,PZ,40.946322,15.67266
Bella,bella,Basilicata,Potenza,PZ,40.760917,15.54056
Brienza,brienza,Basilicata,Potenza,PZ,40.477849,15.630151
Brindisi Montagna,brindisi montagna,Basilicata,Potenza,PZ,40.609517,15.939771
Calvello,calvello,Basilicata,Potenza,PZ,40.476014,15.84857
Calvera,calvera,Basilicata,Potenza,PZ,40.149509,16.143881
Campomaggiore,campomaggiore,Basilicata,Potenza,PZ,40.566012,16.073217
Cancellara,cancellara,Basilicata,Potenza,PZ,40.730219,15.925769
Carbone,carbone,Basilicata,Potenza,PZ,40.142409,16.08938
San Paolo Albanese,san paolo albanese,Basilicata,Potenza,PZ,40.036708,16.334586
Castelgrande,castelgrande,Basilicata,Potenza,PZ,40.786617,15.430157
Castelluccio Inferiore,castelluccio inferiore,Basilicata,Potenza,PZ,40.003905,15.980879
Castelluccio Superiore,castelluccio superiore,Basilicata,Potenza,PZ,40.010305,15.975079
Castelmezzano,castelmezzano,Basilicata,Potenza,PZ,40.530237,16.046551
Castelsaraceno,castelsaraceno,Basilicata,Potenza,PZ,40.163708,15.991877
Castronuovo di Sant'Andrea,castronuovo di sant'andrea,Basilicata,Potenza,PZ,40.19071,16.185481
Cersosimo,cersosimo,Basilicata,Potenza,PZ,40.047009,16.349386
Chiaromonte,chiaromonte,Basilicata,Potenza,PZ,40.124009,16.213835
Corleto Perticara,corleto perticara,Basilicata,Potenza,PZ,40.383513,16.040676
Episcopia,episcopia,Basilicata,Potenza,PZ,40.074807,16.098181
Fardella,fardella,Basilicata,Potenza,PZ,40.113809,16.169782
Filiano,filiano,Basilicata,Potenza,PZ,40.831879,15.716292
Forenza,forenza,Basilicata,Potenza,PZ,40.859583,15.855268
Francavilla in Sinni,francavilla in sinni,Basilicata,Potenza,PZ,40.080192,16.203224
Gallicchio,gallicchio,Basilicata,Potenza,PZ,40.289012,16.139079
Genzano di Lucania,genzano di lucania,Basilicata,Potenza,PZ,40.849102,16.032463
Grumento Nova,grumento nova,Basilicata,Potenza,PZ,40.28281,15.888773
Guardia Perticara,guardia perticara,Basilicata,Potenza,PZ,40.360513,16.098877
Lagonegro,lagonegro,Basilicata,Potenza,PZ,40.128306,15.761472
Latronico,latronico,Basilicata,Potenza,PZ,40.089807,16.011778
Laurenzana,laurenzana,Basilicata,Potenza,PZ,40.460514,15.970973
Lauria,lauria,Basilicata,Potenza,PZ,40.047351,15.836595
Lavello,lavello,Basilicata,Potenza,PZ,41.045625,15.790762
Maratea,maratea,Basilicata,Potenza,PZ,39.996703,15.722373
Marsico Nuovo,marsico nuovo,Basilicata,Potenza,PZ,40.423012,15.734868
Marsicovetere,marsicovetere,Basilicata,Potenza,PZ,40.376601,15.824493
Maschito,maschito,Basilicata,Potenza,PZ,40.908922,15.829464
Melfi,melfi,Basilicata,Potenza,PZ,40.996127,15.655654
Missanello,missanello,Basilicata,Potenza,PZ,40.282012,16.16598
Moliterno,moliterno,Basilicata,Potenza,PZ,40.241932,15.86902
Montemilone,montemilone,Basilicata,Potenza,PZ,41.030026,15.969266
Montemurro,montemurro,Basilicata,Potenza,PZ,40.296911,15.991275
Muro Lucano,muro lucano,Basilicata,Potenza,PZ,40.752517,15.485759
Nemoli,nemoli,Basilicata,Potenza,PZ,40.067505,15.800274
Noepoli,noepoli,Basilicata,Potenza,PZ,40.086809,16.329685
Oppido Lucano,oppido lucano,Basilicata,Potenza,PZ,40.76182,15.98667
Palazzo San Gervasio,palazzo san gervasio,Basilicata,Potenza,PZ,40.931324,15.980767
Pescopagano,pescopagano,Basilicata,Potenza,PZ,40.835618,15.398856
Picerno,picerno,Basilicata,Potenza,PZ,40.638456,15.635874
Pietragalla,pietragalla,Basilicata,Potenza,PZ,40.747522,15.880648
Pietrapertosa,pietrapertosa,Basilicata,Potenza,PZ,40.518017,16.063207
Pignola,pignola,Basilicata,Potenza,PZ,40.573637,15.783504
Potenza,potenza,Basilicata,Potenza,PZ,40.518319,15.82096
Rapolla,rapolla,Basilicata,Potenza,PZ,40.975723,15.67126
Rapone,rapone,Basilicata,Potenza,PZ,40.846719,15.501158
Rionero in Vulture,rionero in vulture,Basilicata,Potenza,PZ,40.926188,15.669441
Ripacandida,ripacandida,Basilicata,Potenza,PZ,40.911781,15.724783
Rivello,rivello,Basilicata,Potenza,PZ,40.078005,15.756073
Roccanova,roccanova,Basilicata,Potenza,PZ,40.212011,16.203181
Rotonda,rotonda,Basilicata,Potenza,PZ,39.952786,16.039088
Ruoti,ruoti,Basilicata,Potenza,PZ,40.718017,15.678963
Ruvo del Monte,ruvo del monte,Basilicata,Potenza,PZ,40.848819,15.541359
San Chirico Nuovo,san chirico nuovo,Basilicata,Potenza,PZ,40.676747,16.078534
San Chirico Raparo,san chirico raparo,Basilicata,Potenza,PZ,40.190715,16.076348
San Costantino Albanese,san costantino albanese,Basilicata,Potenza,PZ,40.035808,16.304686
San Fele,san fele,Basilicata,Potenza,PZ,40.819326,15.538428
San Martino d'Agri,san martino d'agri,Basilicata,Potenza,PZ,40.23971,16.053078
San Severino Lucano,san severino lucano,Basilicata,Potenza,PZ,40.020607,16.137882
Sant'Angelo Le Fratte,sant'angelo le fratte,Basilicata,Potenza,PZ,40.545913,15.558963
Sant'Arcangelo,sant'arcangelo,Basilicata,Potenza,PZ,40.247312,16.271182
Sarconi,sarconi,Basilicata,Potenza,PZ,40.247891,15.890397
Sasso di Castalda,sasso di castalda,Basilicata,Potenza,PZ,40.488266,15.677963
Satriano di Lucania,satriano di lucania,Basilicata,Potenza,PZ,40.543914,15.638265
Savoia di Lucania,savoia di lucania,Basilicata,Potenza,PZ,40.569813,15.552562
Senise,senise,Basilicata,Potenza,PZ,40.147158,16.289501
Spinoso,spinoso,Basilicata,Potenza,PZ,40.269694,15.966769
Teana,teana,Basilicata,Potenza,PZ,40.124809,16.151781
Terranova di Pollino,terranova di pollino,Basilicata,Potenza,PZ,39.978107,16.296286
Tito,tito,Basilicata,Potenza,PZ,40.583615,15.675465
Tolve,tolve,Basilicata,Potenza,PZ,40.694219,16.016271
Tramutola,tramutola,Basilicata,Potenza,PZ,40.31661,15.791071
Trecchina,trecchina,Basilicata,Potenza,PZ,40.025658,15.776787
Trivigno,trivigno,Basilicata,Potenza,PZ,40.581017,15.989872
Vaglio Basilicata,vaglio basilicata,Basilicata,Potenza,PZ,40.665873,15.92007
Venosa,venosa,Basilicata,Potenza,PZ,40.961323,15.814863
Vietri di Potenza,vietri di potenza,Basilicata,Potenza,PZ,40.598647,15.507246
Viggianello,viggianello,Basilicata,Potenza,PZ,39.973195,16.085353
Viggiano,viggiano,Basilicata,Potenza,PZ,40.340711,15.900773
Ginestra,ginestra,Basilicata,Potenza,PZ,40.929822,15.734562
Paterno,paterno,Basilicata,Potenza,PZ,40.378311,15.732769
Accettura,accettura,Basilicata,Matera,MT,40.491016,16.157977
Aliano,aliano,Basilicata,Matera,MT,40.313827,16.229961
Bernalda,bernalda,Basilicata,Matera,MT,40.412918,16.691097
Calciano,calciano,Basilicata,Matera,MT,40.588018,16.192376
Cirigliano,cirigliano,Basilicata,Matera,MT,40.394414,16.172578
Colobraro,colobraro,Basilicata,Matera,MT,40.187312,16.424986
Craco,craco,Basilicata,Matera,MT,40.379916,16.437084
Ferrandina,ferrandina,Basilicata,Matera,MT,40.501218,16.454683
Garaguso,garaguso,Basilicata,Matera,MT,40.548418,16.227178
Gorgoglione,gorgoglione,Basilicata,Matera,MT,40.394414,16.144578
Grassano,grassano,Basilicata,Matera,MT,40.63262,16.282778
Grottole,grottole,Basilicata,Matera,MT,40.60102,16.37928
Irsina,irsina,Basilicata,Matera,MT,40.749622,16.235775
Matera,matera,Basilicata,Matera,MT,40.447642,16.473574
Miglionico,miglionico,Basilicata,Matera,MT,40.56842,16.502484
Montalbano Jonico,montalbano jonico,Basilicata,Matera,MT,40.28841,16.568171
Montescaglioso,montescaglioso,Basilicata,Matera,MT,40.552221,16.666887
Nova Siri,nova siri,Basilicata,Matera,MT,40.148212,16.538889
Oliveto Lucano,oliveto lucano,Basilicata,Matera,MT,40.535317,16.184577
Pisticci,pisticci,Basilicata,Matera,MT,40.390527,16.556732
Policoro,policoro,Basilicata,Matera,MT,40.21046,16.676376
Pomarico,pomarico,Basilicata,Matera,MT,40.517944,16.545945
Rotondella,rotondella,Basilicata,Matera,MT,40.171312,16.525589
Salandra,salandra,Basilicata,Matera,MT,40.527518,16.31918
San Giorgio Lucano,san giorgio lucano,Basilicata,Matera,MT,40.11191,16.387986
San Mauro Forte,san mauro forte,Basilicata,Matera,MT,40.487117,16.248079
Stigliano,stigliano,Basilicata,Matera,MT,40.401238,16.231594
Tricarico,tricarico,Basilicata,Matera,MT,40.620076,16.143617
Tursi,tursi,Basilicata,Matera,MT,40.245213,16.469687
Valsinni,valsinni,Basilicata,Matera,MT,40.169912,16.443487
Scanzano Jonico,scanzano jonico,Basilicata,Matera,MT,40.249792,16.69804
Acquaformosa,acquaformosa,Calabria,Cosenza,CS,39.7231,16.089885
Acquappesa,acquappesa,Calabria,Cosenza,CS,39.493695,15.952084
Acri,acri,Calabria,Cosenza,CS,39.493005,16.38495
Aiello Calabro,aiello calabro,Calabria,Cosenza,CS,39.117469,16.166663
Aieta,aieta,Calabria,Cosenza,CS,39.928575,15.82398
Albidona,albidona,Calabria,Cosenza,CS,39.924121,16.469869
Alessandria del Carretto,alessandria del carretto,Calabria,Cosenza,CS,39.958107,16.379488
Altilia,altilia,Calabria,Cosenza,CS,39.13049,16.252695
Altomonte,altomonte,Calabria,Cosenza,CS,39.697882,16.127128
Amantea,amantea,Calabria,Cosenza,CS,39.133189,16.074591
Amendolara,amendolara,Calabria,Cosenza,CS,39.952438,16.582284
Aprigliano,aprigliano,Calabria,Cosenza,CS,39.241693,16.341796
Belmonte Calabro,belmonte calabro,Calabria,Cosenza,CS,39.162203,16.082536
Belsito,belsito,Calabria,Cosenza,CS,39.177191,16.288295
Belvedere Marittimo,belvedere marittimo,Calabria,Cosenza,CS,39.617973,15.861853
Bianchi,bianchi,Calabria,Cosenza,CS,39.100891,16.410099
Bisignano,bisignano,Calabria,Cosenza,CS,39.500197,16.274461
Bocchigliero,bocchigliero,Calabria,Cosenza,CS,39.419799,16.749002
Bonifati,bonifati,Calabria,Cosenza,CS,39.585296,15.900282
Buonvicino,buonvicino,Calabria,Cosenza,CS,39.690177,15.883999
Calopezzati,calopezzati,Calabria,Cosenza,CS,39.560673,16.801158
Caloveto,caloveto,Calabria,Cosenza,CS,39.50585,16.759549
Campana,campana,Calabria,Cosenza,CS,39.412448,16.822564
Canna,canna,Calabria,Cosenza,CS,40.093911,16.504289
Cariati,cariati,Calabria,Cosenza,CS,39.49625,16.947448
Carolei,carolei,Calabria,Cosenza,CS,39.256292,16.220093
Carpanzano,carpanzano,Calabria,Cosenza,CS,39.147491,16.303296
Cassano all'Ionio,cassano all'ionio,Calabria,Cosenza,CS,39.785022,16.315928
Castiglione Cosentino,castiglione cosentino,Calabria,Cosenza,CS,39.351639,16.284431
Castrolibero,castrolibero,Calabria,Cosenza,CS,39.308093,16.194392
Castroregio,castroregio,Calabria,Cosenza,CS,39.992408,16.47759
Castrovillari,castrovillari,Calabria,Cosenza,CS,39.815494,16.202772
Celico,celico,Calabria,Cosenza,CS,39.310094,16.339895
Cellara,cellara,Calabria,Cosenza,CS,39.218492,16.334796
Cerchiara di Calabria,cerchiara di calabria,Calabria,Cosenza,CS,39.860405,16.382789
Cerisano,cerisano,Calabria,Cosenza,CS,39.276092,16.175392
Cervicati,cervicati,Calabria,Cosenza,CS,39.542497,16.128287
Cerzeto,cerzeto,Calabria,Cosenza,CS,39.507796,16.114988
Cetraro,cetraro,Calabria,Cosenza,CS,39.516595,15.941584
Civita,civita,Calabria,Cosenza,CS,39.828804,16.312488
Cleto,cleto,Calabria,Cosenza,CS,39.090189,16.158393
Colosimi,colosimi,Calabria,Cosenza,CS,39.119091,16.399698
Cosenza,cosenza,Calabria,Cosenza,CS,39.596685,16.333056
Cropalati,cropalati,Calabria,Cosenza,CS,39.517201,16.726501
Crosia,crosia,Calabria,Cosenza,CS,39.567602,16.772801
Diamante,diamante,Calabria,Cosenza,CS,39.67773,15.821128
Dipignano,dipignano,Calabria,Cosenza,CS,39.237492,16.253094
Domanico,domanico,Calabria,Cosenza,CS,39.219691,16.206093
Fagnano Castello,fagnano castello,Calabria,Cosenza,CS,39.565697,16.053673
Falconara Albanese,falconara albanese,Calabria,Cosenza,CS,39.275892,16.09179
Figline Vegliaturo,figline vegliaturo,Calabria,Cosenza,CS,39.225192,16.330296
Firmo,firmo,Calabria,Cosenza,CS,39.721401,16.170186
Fiumefreddo Bruzio,fiumefreddo bruzio,Calabria,Cosenza,CS,39.234427,16.069517
Francavilla Marittima,francavilla marittima,Calabria,Cosenza,CS,39.817846,16.386644
Frascineto,frascineto,Calabria,Cosenza,CS,39.836404,16.261987
Fuscaldo,fuscaldo,Calabria,Cosenza,CS,39.414294,16.029787
Grimaldi,grimaldi,Calabria,Cosenza,CS,39.14199,16.235694
Grisolia,grisolia,Calabria,Cosenza,CS,39.724499,15.854179
Guardia Piemontese,guardia piemontese,Calabria,Cosenza,CS,39.466163,15.999259
Lago,lago,Calabria,Cosenza,CS,39.166767,16.149135
Laino Borgo,laino borgo,Calabria,Cosenza,CS,39.95352,15.973719
Laino Castello,laino castello,Calabria,Cosenza,CS,39.936304,15.97658
Lappano,lappano,Calabria,Cosenza,CS,39.319506,16.312166
Lattarico,lattarico,Calabria,Cosenza,CS,39.463378,16.137829
Longobardi,longobardi,Calabria,Cosenza,CS,39.20709,16.07649
Longobucco,longobucco,Calabria,Cosenza,CS,39.448299,16.610499
Lungro,lungro,Calabria,Cosenza,CS,39.742265,16.122825
Luzzi,luzzi,Calabria,Cosenza,CS,39.446105,16.287255
Maierà,maiera,Calabria,Cosenza,CS,39.717518,15.849327
Malito,malito,Calabria,Cosenza,CS,39.15499,16.248595
Malvito,malvito,Calabria,Cosenza,CS,39.599698,16.053285
Mandatoriccio,mandatoriccio,Calabria,Cosenza,CS,39.467201,16.834804
Mangone,mangone,Calabria,Cosenza,CS,39.205592,16.331996
Marano Marchesato,marano marchesato,Calabria,Cosenza,CS,39.315993,16.173791
Marano Principato,marano principato,Calabria,Cosenza,CS,39.299593,16.175091
Marzi,marzi,Calabria,Cosenza,CS,39.170791,16.306396
Mendicino,mendicino,Calabria,Cosenza,CS,39.263596,16.195352
Mongrassano,mongrassano,Calabria,Cosenza,CS,39.526897,16.110587
Montalto Uffugo,montalto uffugo,Calabria,Cosenza,CS,39.404795,16.15799
Montegiordano,montegiordano,Calabria,Cosenza,CS,40.04301,16.534391
Morano Calabro,morano calabro,Calabria,Cosenza,CS,39.843941,16.135613
Mormanno,mormanno,Calabria,Cosenza,CS,39.888303,15.98678
Mottafollone,mottafollone,Calabria,Cosenza,CS,39.648699,16.063385
Nocara,nocara,Calabria,Cosenza,CS,40.099411,16.481889
Oriolo,oriolo,Calabria,Cosenza,CS,40.053809,16.446088
Orsomarso,orsomarso,Calabria,Cosenza,CS,39.800172,15.909528
Paludi,paludi,Calabria,Cosenza,CS,39.529394,16.681569
Panettieri,panettieri,Calabria,Cosenza,CS,39.05999,16.4567
Paola,paola,Calabria,Cosenza,CS,39.359893,16.039588
Papasidero,papasidero,Calabria,Cosenza,CS,39.871915,15.905552
Parenti,parenti,Calabria,Cosenza,CS,39.162192,16.410498
Paterno Calabro,paterno calabro,Calabria,Cosenza,CS,39.228492,16.264894
Pedivigliano,pedivigliano,Calabria,Cosenza,CS,39.10949,16.302896
Piane Crati,piane crati,Calabria,Cosenza,CS,39.234093,16.325495
Pietrafitta,pietrafitta,Calabria,Cosenza,CS,39.261393,16.338595
Pietrapaola,pietrapaola,Calabria,Cosenza,CS,39.487501,16.815803
Plataci,plataci,Calabria,Cosenza,CS,39.900406,16.43199
Praia a Mare,praia a mare,Calabria,Cosenza,CS,39.900902,15.779276
Rende,rende,Calabria,Cosenza,CS,39.331993,16.184383
Rocca Imperiale,rocca imperiale,Calabria,Cosenza,CS,40.109711,16.580191
Roggiano Gravina,roggiano gravina,Calabria,Cosenza,CS,39.618199,16.159687
Rogliano,rogliano,Calabria,Cosenza,CS,39.178764,16.323409
Rose,rose,Calabria,Cosenza,CS,39.398495,16.287193
Roseto Capo Spulico,roseto capo spulico,Calabria,Cosenza,CS,39.987009,16.601693
Rota Greca,rota greca,Calabria,Cosenza,CS,39.468496,16.112588
Rovito,rovito,Calabria,Cosenza,CS,39.307994,16.321094
San Basile,san basile,Calabria,Cosenza,CS,39.809603,16.163285
San Benedetto Ullano,san benedetto ullano,Calabria,Cosenza,CS,39.427095,16.123789
San Cosmo Albanese,san cosmo albanese,Calabria,Cosenza,CS,39.5831,16.420193
San Demetrio Corone,san demetrio corone,Calabria,Cosenza,CS,39.569899,16.361492
San Donato di Ninea,san donato di ninea,Calabria,Cosenza,CS,39.7116,16.048491
San Fili,san fili,Calabria,Cosenza,CS,39.338893,16.14349
Sangineto,sangineto,Calabria,Cosenza,CS,39.604797,15.914882
San Giorgio Albanese,san giorgio albanese,Calabria,Cosenza,CS,39.581818,16.454187
San Giovanni in Fiore,san giovanni in fiore,Calabria,Cosenza,CS,39.252976,16.697377
San Lorenzo Bellizzi,san lorenzo bellizzi,Calabria,Cosenza,CS,39.889205,16.330288
San Lorenzo del Vallo,san lorenzo del vallo,Calabria,Cosenza,CS,39.668201,16.29739
San Lucido,san lucido,Calabria,Cosenza,CS,39.308892,16.050788
San Marco Argentano,san marco argentano,Calabria,Cosenza,CS,39.557408,16.119089
San Martino di Finita,san martino di finita,Calabria,Cosenza,CS,39.490596,16.109788
San Nicola Arcella,san nicola arcella,Calabria,Cosenza,CS,39.848174,15.794971
San Pietro in Amantea,san pietro in amantea,Calabria,Cosenza,CS,39.136389,16.111592
San Pietro in Guarano,san pietro in guarano,Calabria,Cosenza,CS,39.342094,16.311247
San Sosti,san sosti,Calabria,Cosenza,CS,39.660948,16.028228
Santa Caterina Albanese,santa caterina albanese,Calabria,Cosenza,CS,39.586119,16.070479
Santa Domenica Talao,santa domenica talao,Calabria,Cosenza,CS,39.819501,15.854578
Sant'Agata di Esaro,sant'agata di esaro,Calabria,Cosenza,CS,39.622798,15.983783
Santa Maria del Cedro,santa maria del cedro,Calabria,Cosenza,CS,39.746199,15.836379
Santa Sofia d'Epiro,santa sofia d'epiro,Calabria,Cosenza,CS,39.54709,16.329117
Santo Stefano di Rogliano,santo stefano di rogliano,Calabria,Cosenza,CS,39.192492,16.318196
San Vincenzo La Costa,san vincenzo la costa,Calabria,Cosenza,CS,39.365194,16.15169
Saracena,saracena,Calabria,Cosenza,CS,39.776837,16.156472
Scala Coeli,scala coeli,Calabria,Cosenza,CS,39.449801,16.885405
Scalea,scalea,Calabria,Cosenza,CS,39.81666,15.790547
Scigliano,scigliano,Calabria,Cosenza,CS,39.128688,16.308213
Serra d'Aiello,serra d'aiello,Calabria,Cosenza,CS,39.090288,16.127493
Spezzano Albanese,spezzano albanese,Calabria,Cosenza,CS,39.668801,16.31049
Spezzano della Sila,spezzano della sila,Calabria,Cosenza,CS,39.299411,16.33945
Tarsia,tarsia,Calabria,Cosenza,CS,39.6209,16.27169
Terranova da Sibari,terranova da sibari,Calabria,Cosenza,CS,39.656901,16.339491
Terravecchia,terravecchia,Calabria,Cosenza,CS,39.464901,16.946006
Torano Castello,torano castello,Calabria,Cosenza,CS,39.506296,16.145588
Tortora,tortora,Calabria,Cosenza,CS,39.941303,15.805176
Trebisacce,trebisacce,Calabria,Cosenza,CS,39.870107,16.530667
Vaccarizzo Albanese,vaccarizzo albanese,Calabria,Cosenza,CS,39.5854,16.432894
Verbicaro,verbicaro,Calabria,Cosenza,CS,39.7556,15.91358
Villapiana,villapiana,Calabria,Cosenza,CS,39.846505,16.455191
Zumpano,zumpano,Calabria,Cosenza,CS,39.310894,16.292094
Casali del Manco,casali del manco,Calabria,Cosenza,CS,39.294833,16.450109
Corigliano-Rossano,corigliano-rossano,Calabria,Cosenza,CS,39.616315,16.577896
Albi,albi,Calabria,Catanzaro,CZ,39.02499,16.596404
Amaroni,amaroni,Calabria,Catanzaro,CZ,38.793085,16.448103
Amato,amato,Calabria,Catanzaro,CZ,38.941788,16.462202
Andali,andali,Calabria,Catanzaro,CZ,39.013391,16.768407
Argusto,argusto,Calabria,Catanzaro,CZ,38.680783,16.435404
Badolato,badolato,Calabria,Catanzaro,CZ,38.568681,16.524607
Belcastro,belcastro,Calabria,Catanzaro,CZ,39.017992,16.786408
Borgia,borgia,Calabria,Catanzaro,CZ,38.826186,16.508804
Botricello,botricello,Calabria,Catanzaro,CZ,38.93199,16.85831
Caraffa di Catanzaro,caraffa di catanzaro,Calabria,Catanzaro,CZ,38.881287,16.485603
Cardinale,cardinale,Calabria,Catanzaro,CZ,38.642336,16.38748
Carlopoli,carlopoli,Calabria,Catanzaro,CZ,39.05669,16.4549
Catanzaro,catanzaro,Calabria,Catanzaro,CZ,38.82996,16.431557
Cenadi,cenadi,Calabria,Catanzaro,CZ,38.719483,16.417203
Centrache,centrache,Calabria,Catanzaro,CZ,38.728984,16.432103
Cerva,cerva,Calabria,Catanzaro,CZ,39.018824,16.742749
Chiaravalle Centrale,chiaravalle centrale,Calabria,Catanzaro,CZ,38.680383,16.410603
Cicala,cicala,Calabria,Catanzaro,CZ,39.02219,16.486101
Conflenti,conflenti,Calabria,Catanzaro,CZ,39.071689,16.284496
Cortale,cortale,Calabria,Catanzaro,CZ,38.840086,16.409602
Cropani,cropani,Calabria,Catanzaro,CZ,38.967791,16.781308
Curinga,curinga,Calabria,Catanzaro,CZ,38.826185,16.3134
Davoli,davoli,Calabria,Catanzaro,CZ,38.647383,16.486205
Decollatura,decollatura,Calabria,Catanzaro,CZ,39.047789,16.355098
Falerna,falerna,Calabria,Catanzaro,CZ,38.995559,16.162568
Feroleto Antico,feroleto antico,Calabria,Catanzaro,CZ,38.961095,16.388327
Fossato Serralta,fossato serralta,Calabria,Catanzaro,CZ,38.99629,16.579604
Gagliato,gagliato,Calabria,Catanzaro,CZ,38.676978,16.462646
Gasperina,gasperina,Calabria,Catanzaro,CZ,38.73965,16.507381
Gimigliano,gimigliano,Calabria,Catanzaro,CZ,38.974489,16.530503
Girifalco,girifalco,Calabria,Catanzaro,CZ,38.823355,16.426384
Gizzeria,gizzeria,Calabria,Catanzaro,CZ,38.979987,16.203296
Guardavalle,guardavalle,Calabria,Catanzaro,CZ,38.50498,16.503507
Isca sullo Ionio,isca sullo ionio,Calabria,Catanzaro,CZ,38.601282,16.519607
Jacurso,jacurso,Calabria,Catanzaro,CZ,38.84618,16.380042
Magisano,magisano,Calabria,Catanzaro,CZ,39.01339,16.627904
Maida,maida,Calabria,Catanzaro,CZ,38.858841,16.364824
Marcedusa,marcedusa,Calabria,Catanzaro,CZ,39.027792,16.836309
Marcellinara,marcellinara,Calabria,Catanzaro,CZ,38.928093,16.493077
Martirano,martirano,Calabria,Catanzaro,CZ,39.081748,16.248479
Martirano Lombardo,martirano lombardo,Calabria,Catanzaro,CZ,39.074949,16.232759
Miglierina,miglierina,Calabria,Catanzaro,CZ,38.948986,16.471932
Montauro,montauro,Calabria,Catanzaro,CZ,38.74877,16.51291
Montepaone,montepaone,Calabria,Catanzaro,CZ,38.721458,16.498972
Motta Santa Lucia,motta santa lucia,Calabria,Catanzaro,CZ,39.09189,16.292396
Nocera Terinese,nocera terinese,Calabria,Catanzaro,CZ,39.036893,16.160718
Olivadi,olivadi,Calabria,Catanzaro,CZ,38.725584,16.423703
Palermiti,palermiti,Calabria,Catanzaro,CZ,38.748534,16.452216
Pentone,pentone,Calabria,Catanzaro,CZ,38.98579,16.582504
Petrizzi,petrizzi,Calabria,Catanzaro,CZ,38.701383,16.473005
Petronà,petrona,Calabria,Catanzaro,CZ,39.043692,16.755907
Pianopoli,pianopoli,Calabria,Catanzaro,CZ,38.953917,16.388125
Platania,platania,Calabria,Catanzaro,CZ,39.005388,16.320098
San Floro,san floro,Calabria,Catanzaro,CZ,38.837986,16.518704
San Mango d'Aquino,san mango d'aquino,Calabria,Catanzaro,CZ,39.060284,16.193707
San Pietro a Maida,san pietro a maida,Calabria,Catanzaro,CZ,38.846804,16.343454
San Pietro Apostolo,san pietro apostolo,Calabria,Catanzaro,CZ,39.004389,16.468401
San Sostene,san sostene,Calabria,Catanzaro,CZ,38.637882,16.487106
Santa Caterina dello Ionio,santa caterina dello ionio,Calabria,Catanzaro,CZ,38.532681,16.522007
Sant'Andrea Apostolo dello Ionio,sant'andrea apostolo dello ionio,Calabria,Catanzaro,CZ,38.622582,16.528307
San Vito sullo Ionio,san vito sullo ionio,Calabria,Catanzaro,CZ,38.711783,16.409703
Satriano,satriano,Calabria,Catanzaro,CZ,38.666883,16.481205
Sellia,sellia,Calabria,Catanzaro,CZ,38.982284,16.629684
Sellia Marina,sellia marina,Calabria,Catanzaro,CZ,38.899625,16.74433
Serrastretta,serrastretta,Calabria,Catanzaro,CZ,39.013189,16.4163
Sersale,sersale,Calabria,Catanzaro,CZ,39.010891,16.726907
Settingiano,settingiano,Calabria,Catanzaro,CZ,38.911388,16.513903
Simeri Crichi,simeri crichi,Calabria,Catanzaro,CZ,38.909644,16.656018
Sorbo San Basile,sorbo san basile,Calabria,Catanzaro,CZ,39.01939,16.569103
Soverato,soverato,Calabria,Catanzaro,CZ,38.687717,16.550044
Soveria Mannelli,soveria mannelli,Calabria,Catanzaro,CZ,39.08289,16.371898
Soveria Simeri,soveria simeri,Calabria,Catanzaro,CZ,38.946589,16.680106
Squillace,squillace,Calabria,Catanzaro,CZ,38.779485,16.512205
Stalettì,staletti,Calabria,Catanzaro,CZ,38.765485,16.537605
Taverna,taverna,Calabria,Catanzaro,CZ,39.02179,16.581803
Tiriolo,tiriolo,Calabria,Catanzaro,CZ,38.943288,16.508303
Torre di Ruggiero,torre di ruggiero,Calabria,Catanzaro,CZ,38.653382,16.372803
Vallefiorita,vallefiorita,Calabria,Catanzaro,CZ,38.776385,16.461003
Zagarise,zagarise,Calabria,Catanzaro,CZ,38.99919,16.663205
Lamezia Terme,lamezia terme,Calabria,Catanzaro,CZ,38.964507,16.302145
Africo,africo,Calabria,Reggio Calabria,RC,38.050669,16.133204
Agnana Calabra,agnana calabra,Calabria,Reggio Calabria,RC,38.302674,16.222904
Anoia,anoia,Calabria,Reggio Calabria,RC,38.436192,16.080633
Antonimina,antonimina,Calabria,Reggio Calabria,RC,38.272273,16.148402
Ardore,ardore,Calabria,Reggio Calabria,RC,38.19097,16.168222
Bagaladi,bagaladi,Calabria,Reggio Calabria,RC,38.026667,15.821398
Bagnara Calabra,bagnara calabra,Calabria,Reggio Calabria,RC,38.288471,15.807795
Benestare,benestare,Calabria,Reggio Calabria,RC,38.185372,16.137003
Bianco,bianco,Calabria,Reggio Calabria,RC,38.09067,16.149304
Bivongi,bivongi,Calabria,Reggio Calabria,RC,38.48317,16.453054
Bova,bova,Calabria,Reggio Calabria,RC,37.995067,15.931901
Bovalino,bovalino,Calabria,Reggio Calabria,RC,38.148971,16.174004
Bova Marina,bova marina,Calabria,Reggio Calabria,RC,37.930625,15.917452
Brancaleone,brancaleone,Calabria,Reggio Calabria,RC,37.962968,16.100405
Bruzzano Zeffirio,bruzzano zeffirio,Calabria,Reggio Calabria,RC,38.013268,16.082604
Calanna,calanna,Calabria,Reggio Calabria,RC,38.183669,15.723094
Camini,camini,Calabria,Reggio Calabria,RC,38.432257,16.481958
Campo Calabro,campo calabro,Calabria,Reggio Calabria,RC,38.216069,15.659192
Candidoni,candidoni,Calabria,Reggio Calabria,RC,38.505477,16.086298
Canolo,canolo,Calabria,Reggio Calabria,RC,38.315043,16.199783
Caraffa del Bianco,caraffa del bianco,Calabria,Reggio Calabria,RC,38.09267,16.086403
Cardeto,cardeto,Calabria,Reggio Calabria,RC,38.084567,15.766596
Careri,careri,Calabria,Reggio Calabria,RC,38.176571,16.117803
Casignana,casignana,Calabria,Reggio Calabria,RC,38.10187,16.089903
Caulonia,caulonia,Calabria,Reggio Calabria,RC,38.381377,16.409007
Ciminà,cimina,Calabria,Reggio Calabria,RC,38.246819,16.138812
Cinquefrondi,cinquefrondi,Calabria,Reggio Calabria,RC,38.415957,16.097429
Cittanova,cittanova,Calabria,Reggio Calabria,RC,38.353949,16.080602
Condofuri,condofuri,Calabria,Reggio Calabria,RC,38.004659,15.857397
Cosoleto,cosoleto,Calabria,Reggio Calabria,RC,38.275372,15.927997
Delianuova,delianuova,Calabria,Reggio Calabria,RC,38.234071,15.917798
Feroleto della Chiesa,feroleto della chiesa,Calabria,Reggio Calabria,RC,38.465776,16.064198
Ferruzzano,ferruzzano,Calabria,Reggio Calabria,RC,38.038715,16.087049
Fiumara,fiumara,Calabria,Reggio Calabria,RC,38.212669,15.693693
Galatro,galatro,Calabria,Reggio Calabria,RC,38.45974,16.110777
Gerace,gerace,Calabria,Reggio Calabria,RC,38.27233,16.219753
Giffone,giffone,Calabria,Reggio Calabria,RC,38.438176,16.15
Gioia Tauro,gioia tauro,Calabria,Reggio Calabria,RC,38.423974,15.898995
Gioiosa Ionica,gioiosa ionica,Calabria,Reggio Calabria,RC,38.322175,16.302605
Grotteria,grotteria,Calabria,Reggio Calabria,RC,38.365476,16.264904
Laganadi,laganadi,Calabria,Reggio Calabria,RC,38.173369,15.741395
Laureana di Borrello,laureana di borrello,Calabria,Reggio Calabria,RC,38.492577,16.082098
Locri,locri,Calabria,Reggio Calabria,RC,38.238537,16.265509
Mammola,mammola,Calabria,Reggio Calabria,RC,38.378051,16.203148
Marina di Gioiosa Ionica,marina di gioiosa ionica,Calabria,Reggio Calabria,RC,38.300663,16.330362
Maropati,maropati,Calabria,Reggio Calabria,RC,38.440632,16.099161
Martone,martone,Calabria,Reggio Calabria,RC,38.353976,16.288304
Melicuccà,melicucca,Calabria,Reggio Calabria,RC,38.303772,15.881296
Melicucco,melicucco,Calabria,Reggio Calabria,RC,38.433713,16.060471
Melito di Porto Salvo,melito di porto salvo,Calabria,Reggio Calabria,RC,37.920384,15.777857
Molochio,molochio,Calabria,Reggio Calabria,RC,38.308445,16.031862
Monasterace,monasterace,Calabria,Reggio Calabria,RC,38.453679,16.552009
Montebello Jonico,montebello jonico,Calabria,Reggio Calabria,RC,37.982766,15.757997
Motta San Giovanni,motta san giovanni,Calabria,Reggio Calabria,RC,38.003165,15.695096
Oppido Mamertina,oppido mamertina,Calabria,Reggio Calabria,RC,38.293593,15.98414
Palizzi,palizzi,Calabria,Reggio Calabria,RC,37.966667,15.986702
Palmi,palmi,Calabria,Reggio Calabria,RC,38.357449,15.846565
Pazzano,pazzano,Calabria,Reggio Calabria,RC,38.475763,16.452501
Placanica,placanica,Calabria,Reggio Calabria,RC,38.411878,16.452507
Platì,plati,Calabria,Reggio Calabria,RC,38.219972,16.046501
Polistena,polistena,Calabria,Reggio Calabria,RC,38.406509,16.077455
Portigliola,portigliola,Calabria,Reggio Calabria,RC,38.227673,16.202204
Reggio di Calabria,reggio di calabria,Calabria,Reggio Calabria,RC,38.103539,15.639756
Riace,riace,Calabria,Reggio Calabria,RC,38.418295,16.481189
Rizziconi,rizziconi,Calabria,Reggio Calabria,RC,38.411996,15.95924
Roccaforte del Greco,roccaforte del greco,Calabria,Reggio Calabria,RC,38.047268,15.894699
Roccella Ionica,roccella ionica,Calabria,Reggio Calabria,RC,38.321976,16.400907
Roghudi,roghudi,Calabria,Reggio Calabria,RC,37.927565,15.765998
Rosarno,rosarno,Calabria,Reggio Calabria,RC,38.487283,15.976495
Samo,samo,Calabria,Reggio Calabria,RC,38.073769,16.058302
San Giorgio Morgeto,san giorgio morgeto,Calabria,Reggio Calabria,RC,38.386958,16.108164
San Giovanni di Gerace,san giovanni di gerace,Calabria,Reggio Calabria,RC,38.365076,16.277704
San Lorenzo,san lorenzo,Calabria,Reggio Calabria,RC,38.010967,15.834398
San Luca,san luca,Calabria,Reggio Calabria,RC,38.148371,16.066002
San Pietro di Caridà,san pietro di carida,Calabria,Reggio Calabria,RC,38.523678,16.135299
San Procopio,san procopio,Calabria,Reggio Calabria,RC,38.281172,15.890397
San Roberto,san roberto,Calabria,Reggio Calabria,RC,38.211269,15.736594
Santa Cristina d'Aspromonte,santa cristina d'aspromonte,Calabria,Reggio Calabria,RC,38.255372,15.970499
Sant'Agata del Bianco,sant'agata del bianco,Calabria,Reggio Calabria,RC,38.092788,16.083088
Sant'Alessio in Aspromonte,sant'alessio in aspromonte,Calabria,Reggio Calabria,RC,38.172569,15.757795
Sant'Eufemia d'Aspromonte,sant'eufemia d'aspromonte,Calabria,Reggio Calabria,RC,38.263471,15.854796
Sant'Ilario dello Ionio,sant'ilario dello ionio,Calabria,Reggio Calabria,RC,38.218773,16.195604
Santo Stefano in Aspromonte,santo stefano in aspromonte,Calabria,Reggio Calabria,RC,38.169169,15.789196
Scido,scido,Calabria,Reggio Calabria,RC,38.243571,15.932698
Scilla,scilla,Calabria,Reggio Calabria,RC,38.25067,15.718993
Seminara,seminara,Calabria,Reggio Calabria,RC,38.335093,15.871255
Serrata,serrata,Calabria,Reggio Calabria,RC,38.512877,16.100699
Siderno,siderno,Calabria,Reggio Calabria,RC,38.276163,16.29816
Sinopoli,sinopoli,Calabria,Reggio Calabria,RC,38.263771,15.878497
Staiti,staiti,Calabria,Reggio Calabria,RC,38.000068,16.032803
Stignano,stignano,Calabria,Reggio Calabria,RC,38.416078,16.470308
Stilo,stilo,Calabria,Reggio Calabria,RC,38.476612,16.467263
Taurianova,taurianova,Calabria,Reggio Calabria,RC,38.355054,16.014778
Terranova Sappo Minulio,terranova sappo minulio,Calabria,Reggio Calabria,RC,38.322673,16.007499
Varapodio,varapodio,Calabria,Reggio Calabria,RC,38.317073,15.984398
Villa San Giovanni,villa san giovanni,Calabria,Reggio Calabria,RC,38.220112,15.637381
San Ferdinando,san ferdinando,Calabria,Reggio Calabria,RC,38.48317,15.916271
Belvedere di Spinello,belvedere di spinello,Calabria,Crotone,KR,39.211944,16.889318
Caccuri,caccuri,Calabria,Crotone,KR,39.227416,16.778569
Carfizzi,carfizzi,Calabria,Crotone,KR,39.30636,16.973792
Casabona,casabona,Calabria,Crotone,KR,39.250284,16.960659
Castelsilano,castelsilano,Calabria,Crotone,KR,39.269034,16.767453
Cerenzia,cerenzia,Calabria,Crotone,KR,39.244086,16.788333
Cirò,ciro,Calabria,Crotone,KR,39.381732,17.061353
Cirò Marina,ciro marina,Calabria,Crotone,KR,39.369092,17.132857
Cotronei,cotronei,Calabria,Crotone,KR,39.15835,16.773505
Crotone,crotone,Calabria,Crotone,KR,39.187389,16.878282
Crucoli,crucoli,Calabria,Crotone,KR,39.423701,17.002308
Cutro,cutro,Calabria,Crotone,KR,39.035445,16.979263
Isola di Capo Rizzuto,isola di capo rizzuto,Calabria,Crotone,KR,38.959993,17.093315
Melissa,melissa,Calabria,Crotone,KR,39.307373,17.025987
Mesoraca,mesoraca,Calabria,Crotone,KR,39.080127,16.789599
Pallagorio,pallagorio,Calabria,Crotone,KR,39.307693,16.910984
Petilia Policastro,petilia policastro,Calabria,Crotone,KR,39.10941,16.788654
Roccabernarda,roccabernarda,Calabria,Crotone,KR,39.136087,16.869791
Rocca di Neto,rocca di neto,Calabria,Crotone,KR,39.184386,17.009067
San Mauro Marchesato,san mauro marchesato,Calabria,Crotone,KR,39.104406,16.924439
San Nicola dell'Alto,san nicola dell'alto,Calabria,Crotone,KR,39.291348,16.972244
Santa Severina,santa severina,Calabria,Crotone,KR,39.147901,16.912776
Savelli,savelli,Calabria,Crotone,KR,39.310837,16.778523
Scandale,scandale,Calabria,Crotone,KR,39.122213,16.964123
Strongoli,strongoli,Calabria,Crotone,KR,39.263959,17.052026
Umbriatico,umbriatico,Calabria,Crotone,KR,39.354501,16.91871
Verzino,verzino,Calabria,Crotone,KR,39.311098,16.860406
Acquaro,acquaro,Calabria,Vibo Valentia,VV,38.554779,16.1872
Arena,arena,Calabria,Vibo Valentia,VV,38.562779,16.2099
Briatico,briatico,Calabria,Vibo Valentia,VV,38.725981,16.032895
Brognaturo,brognaturo,Calabria,Vibo Valentia,VV,38.601281,16.341403
Capistrano,capistrano,Calabria,Vibo Valentia,VV,38.692282,16.289601
Cessaniti,cessaniti,Calabria,Vibo Valentia,VV,38.66368,16.026795
Dasà,dasa,Calabria,Vibo Valentia,VV,38.564879,16196.0
Dinami,dinami,Calabria,Vibo Valentia,VV,38.527776,16.147958
Drapia,drapia,Calabria,Vibo Valentia,VV,38.664524,15.910363
Fabrizia,fabrizia,Calabria,Vibo Valentia,VV,38.487078,16.301003
Filadelfia,filadelfia,Calabria,Vibo Valentia,VV,38.783764,16.291088
Filandari,filandari,Calabria,Vibo Valentia,VV,38.615079,16.031396
Filogaso,filogaso,Calabria,Vibo Valentia,VV,38.681481,16.228699
Francavilla Angitola,francavilla angitola,Calabria,Vibo Valentia,VV,38.780184,16.271699
Francica,francica,Calabria,Vibo Valentia,VV,38.615679,16.099297
Gerocarne,gerocarne,Calabria,Vibo Valentia,VV,38.587478,16.219813
Ionadi,ionadi,Calabria,Vibo Valentia,VV,38.636334,16.059571
Joppolo,joppolo,Calabria,Vibo Valentia,VV,38.58384,15.897318
Limbadi,limbadi,Calabria,Vibo Valentia,VV,38.557477,15.965895
Maierato,maierato,Calabria,Vibo Valentia,VV,38.705048,16.19007
Mileto,mileto,Calabria,Vibo Valentia,VV,38.609262,16.069491
Mongiana,mongiana,Calabria,Vibo Valentia,VV,38.512879,16.319503
Monterosso Calabro,monterosso calabro,Calabria,Vibo Valentia,VV,38.716999,16.291059
Nardodipace,nardodipace,Calabria,Vibo Valentia,VV,38.472278,16.342504
Nicotera,nicotera,Calabria,Vibo Valentia,VV,38.554577,15.936695
Parghelia,parghelia,Calabria,Vibo Valentia,VV,38.681736,15.921798
Pizzo,pizzo,Calabria,Vibo Valentia,VV,38.735436,16.162085
Pizzoni,pizzoni,Calabria,Vibo Valentia,VV,38.623081,16.251901
Polia,polia,Calabria,Vibo Valentia,VV,38.751183,16.3122
Ricadi,ricadi,Calabria,Vibo Valentia,VV,38.625483,15.86643
Rombiolo,rombiolo,Calabria,Vibo Valentia,VV,38.591778,16.001696
San Calogero,san calogero,Calabria,Vibo Valentia,VV,38.575578,16.020296
San Costantino Calabro,san costantino calabro,Calabria,Vibo Valentia,VV,38.632279,16.073897
San Gregorio d'Ippona,san gregorio d'ippona,Calabria,Vibo Valentia,VV,38.642334,16.101976
San Nicola da Crissa,san nicola da crissa,Calabria,Vibo Valentia,VV,38.663636,16.284679
Sant'Onofrio,sant'onofrio,Calabria,Vibo Valentia,VV,38.694981,16.144097
Serra San Bruno,serra san bruno,Calabria,Vibo Valentia,VV,38.574608,16.326074
Simbario,simbario,Calabria,Vibo Valentia,VV,38.612109,16.334919
Sorianello,sorianello,Calabria,Vibo Valentia,VV,38.59328,16.231901
Soriano Calabro,soriano calabro,Calabria,Vibo Valentia,VV,38.596934,16.230355
Spadola,spadola,Calabria,Vibo Valentia,VV,38.603802,16.337075
Spilinga,spilinga,Calabria,Vibo Valentia,VV,38.628412,15.906178
Stefanaconi,stefanaconi,Calabria,Vibo Valentia,VV,38.677881,16.124197
Tropea,tropea,Calabria,Vibo Valentia,VV,38.675379,15.894792
Vallelonga,vallelonga,Calabria,Vibo Valentia,VV,38.647281,16.294901
Vazzano,vazzano,Calabria,Vibo Valentia,VV,38.632881,16248.0
Vibo Valentia,vibo valentia,Calabria,Vibo Valentia,VV,38.626656,16.098693
Zaccanopoli,zaccanopoli,Calabria,Vibo Valentia,VV,38.664779,15.929793
Zambrone,zambrone,Calabria,Vibo Valentia,VV,38.69918,15.990094
Zungri,zungri,Calabria,Vibo Valentia,VV,38.65569,15.983246
Alcamo,alcamo,Sicilia,Trapani,TP,37.97665,12.962674
Buseto Palizzolo,buseto palizzolo,Sicilia,Trapani,TP,38.012506,12.711586
Calatafimi-Segesta,calatafimi-segesta,Sicilia,Trapani,TP,37.913638,12.861893
Campobello di Mazara,campobello di mazara,Sicilia,Trapani,TP,37.635838,12.744338
Castellammare del Golfo,castellammare del golfo,Sicilia,Trapani,TP,38.018846,12.885837
Castelvetrano,castelvetrano,Sicilia,Trapani,TP,37.682851,12.795534
Custonaci,custonaci,Sicilia,Trapani,TP,38.078163,12.675229
Erice,erice,Sicilia,Trapani,TP,38.03823,12.587182
Favignana,favignana,Sicilia,Trapani,TP,37.931402,12.327429
Gibellina,gibellina,Sicilia,Trapani,TP,37.807042,12.869539
Marsala,marsala,Sicilia,Trapani,TP,37.797922,12.434209
Mazara del Vallo,mazara del vallo,Sicilia,Trapani,TP,37.653729,12.588691
Paceco,paceco,Sicilia,Trapani,TP,37.981297,12.557309
Pantelleria,pantelleria,Sicilia,Trapani,TP,36.831458,11.94504
Partanna,partanna,Sicilia,Trapani,TP,37.727841,12.88854
Poggioreale,poggioreale,Sicilia,Trapani,TP,37.762096,13.034318
Salaparuta,salaparuta,Sicilia,Trapani,TP,37.757942,13.009742
Salemi,salemi,Sicilia,Trapani,TP,37.817371,12.800945
Santa Ninfa,santa ninfa,Sicilia,Trapani,TP,37.771342,12.877639
San Vito Lo Capo,san vito lo capo,Sicilia,Trapani,TP,38.172347,12.734932
Trapani,trapani,Sicilia,Trapani,TP,38.017432,12.515992
Valderice,valderice,Sicilia,Trapani,TP,38.038984,12.616979
Vita,vita,Sicilia,Trapani,TP,37.868575,12.814479
Petrosino,petrosino,Sicilia,Trapani,TP,37.71624,12.494547
Misiliscemi,misiliscemi,Sicilia,Trapani,TP,37.925714,12.537552
Alia,alia,Sicilia,Palermo,PA,37.779948,13.713856
Alimena,alimena,Sicilia,Palermo,PA,37.693476,14.114651
Aliminusa,aliminusa,Sicilia,Palermo,PA,37.864509,13.78116
Altavilla Milicia,altavilla milicia,Sicilia,Palermo,PA,38.042734,13.550893
Altofonte,altofonte,Sicilia,Palermo,PA,38.044567,13.298702
Bagheria,bagheria,Sicilia,Palermo,PA,38.079351,13.509349
Balestrate,balestrate,Sicilia,Palermo,PA,38.051867,13.004266
Baucina,baucina,Sicilia,Palermo,PA,37.925429,13.53771
Belmonte Mezzagno,belmonte mezzagno,Sicilia,Palermo,PA,38.048449,13.390554
Bisacquino,bisacquino,Sicilia,Palermo,PA,37.705431,13.258761
Bolognetta,bolognetta,Sicilia,Palermo,PA,37.964742,13.45607
Bompietro,bompietro,Sicilia,Palermo,PA,37.746863,14.099838
Borgetto,borgetto,Sicilia,Palermo,PA,38.047103,13.142684
Caccamo,caccamo,Sicilia,Palermo,PA,37.9318,13.66349
Caltavuturo,caltavuturo,Sicilia,Palermo,PA,37.821066,13.890224
Campofelice di Fitalia,campofelice di fitalia,Sicilia,Palermo,PA,37.826685,13.485936
Campofelice di Roccella,campofelice di roccella,Sicilia,Palermo,PA,37.992334,13.886183
Campofiorito,campofiorito,Sicilia,Palermo,PA,37.753636,13.268767
Camporeale,camporeale,Sicilia,Palermo,PA,37.897145,13.093842
Capaci,capaci,Sicilia,Palermo,PA,38.170718,13.23917
Carini,carini,Sicilia,Palermo,PA,38.131172,13.181885
Castelbuono,castelbuono,Sicilia,Palermo,PA,37.931953,14.088562
Casteldaccia,casteldaccia,Sicilia,Palermo,PA,38.054118,13.530226
Castellana Sicula,castellana sicula,Sicilia,Palermo,PA,37.783179,14.041051
Castronovo di Sicilia,castronovo di sicilia,Sicilia,Palermo,PA,37.678945,13.603455
Cefalà Diana,cefala diana,Sicilia,Palermo,PA,37.915175,13.463549
Cefalù,cefalu,Sicilia,Palermo,PA,38.034957,14.024456
Cerda,cerda,Sicilia,Palermo,PA,37.903579,13.81547
Chiusa Sclafani,chiusa sclafani,Sicilia,Palermo,PA,37.67722,13.270521
Ciminna,ciminna,Sicilia,Palermo,PA,37.896816,13.562345
Cinisi,cinisi,Sicilia,Palermo,PA,38.154943,13.109841
Collesano,collesano,Sicilia,Palermo,PA,37.921477,13.937486
Contessa Entellina,contessa entellina,Sicilia,Palermo,PA,37.73098,13.183144
Corleone,corleone,Sicilia,Palermo,PA,37.812078,13.301438
Ficarazzi,ficarazzi,Sicilia,Palermo,PA,38.088458,13.463786
Gangi,gangi,Sicilia,Palermo,PA,37.795627,14.20672
Geraci Siculo,geraci siculo,Sicilia,Palermo,PA,37.859137,14.154416
Giardinello,giardinello,Sicilia,Palermo,PA,38.088049,13.157041
Giuliana,giuliana,Sicilia,Palermo,PA,37.670591,13.237804
Godrano,godrano,Sicilia,Palermo,PA,37.903344,13.428924
Gratteri,gratteri,Sicilia,Palermo,PA,37.967377,13.97393
Isnello,isnello,Sicilia,Palermo,PA,37.943953,14.005761
Isola delle Femmine,isola delle femmine,Sicilia,Palermo,PA,38.198295,13.247344
Lascari,lascari,Sicilia,Palermo,PA,38.000053,13.941459
Lercara Friddi,lercara friddi,Sicilia,Palermo,PA,37.746946,13.604854
Marineo,marineo,Sicilia,Palermo,PA,37.952893,13.415024
Mezzojuso,mezzojuso,Sicilia,Palermo,PA,37.864532,13.464195
Misilmeri,misilmeri,Sicilia,Palermo,PA,38.03522,13.451404
Monreale,monreale,Sicilia,Palermo,PA,38.082632,13.291993
Montelepre,montelepre,Sicilia,Palermo,PA,38.088964,13.171343
Montemaggiore Belsito,montemaggiore belsito,Sicilia,Palermo,PA,37.847752,13.762048
Palazzo Adriano,palazzo adriano,Sicilia,Palermo,PA,37.681254,13.379266
Palermo,palermo,Sicilia,Palermo,PA,38.111227,13.352443
Partinico,partinico,Sicilia,Palermo,PA,38.043896,13.119821
Petralia Soprana,petralia soprana,Sicilia,Palermo,PA,37.79634,14.108468
Petralia Sottana,petralia sottana,Sicilia,Palermo,PA,37.808225,14.092513
Piana degli Albanesi,piana degli albanesi,Sicilia,Palermo,PA,37.994836,13.282689
Polizzi Generosa,polizzi generosa,Sicilia,Palermo,PA,37.812819,13.999683
Pollina,pollina,Sicilia,Palermo,PA,37.992894,14.145799
Prizzi,prizzi,Sicilia,Palermo,PA,37.721453,13.431265
Roccamena,roccamena,Sicilia,Palermo,PA,37.836028,13.153858
Roccapalumba,roccapalumba,Sicilia,Palermo,PA,37.805948,13.638455
San Cipirello,san cipirello,Sicilia,Palermo,PA,37.96296,13.17538
San Giuseppe Jato,san giuseppe jato,Sicilia,Palermo,PA,37.970486,13.182489
San Mauro Castelverde,san mauro castelverde,Sicilia,Palermo,PA,37.914628,14.190378
Santa Cristina Gela,santa cristina gela,Sicilia,Palermo,PA,37.984932,13.328096
Santa Flavia,santa flavia,Sicilia,Palermo,PA,38.081331,13.52544
Sciara,sciara,Sicilia,Palermo,PA,37.914892,13.762343
Sclafani Bagni,sclafani bagni,Sicilia,Palermo,PA,37.821589,13.85478
Termini Imerese,termini imerese,Sicilia,Palermo,PA,37.983651,13.695554
Terrasini,terrasini,Sicilia,Palermo,PA,38.152822,13.082122
Torretta,torretta,Sicilia,Palermo,PA,38.130061,13.233501
Trabia,trabia,Sicilia,Palermo,PA,37.994386,13.65651
Trappeto,trappeto,Sicilia,Palermo,PA,38.067008,13.03655
Ustica,ustica,Sicilia,Palermo,PA,38.710381,13.191874
Valledolmo,valledolmo,Sicilia,Palermo,PA,37.747448,13.827859
Ventimiglia di Sicilia,ventimiglia di sicilia,Sicilia,Palermo,PA,37.923341,13.569255
Vicari,vicari,Sicilia,Palermo,PA,37.825092,13.571302
Villabate,villabate,Sicilia,Palermo,PA,38.076528,13.443667
Villafrati,villafrati,Sicilia,Palermo,PA,37.908012,13.48635
Scillato,scillato,Sicilia,Palermo,PA,37.856724,13.906854
Blufi,blufi,Sicilia,Palermo,PA,37.751474,14.074827
Alcara li Fusi,alcara li fusi,Sicilia,Messina,ME,38.021318,14.701396
Alì,ali,Sicilia,Messina,ME,38.027364,15.417689
Alì Terme,ali terme,Sicilia,Messina,ME,38.005064,15.42269
Antillo,antillo,Sicilia,Messina,ME,37.977262,15.244786
Barcellona Pozzo di Gotto,barcellona pozzo di gotto,Sicilia,Messina,ME,38.148306,15.217552
Basicò,basico,Sicilia,Messina,ME,38.061393,15.062248
Brolo,brolo,Sicilia,Messina,ME,38.155362,14.829575
Capizzi,capizzi,Sicilia,Messina,ME,37.848909,14.478473
Capo d'Orlando,capo d'orlando,Sicilia,Messina,ME,38.159573,14.745073
Capri Leone,capri leone,Sicilia,Messina,ME,38.085874,14.730118
Caronia,caronia,Sicilia,Messina,ME,38.024707,14.440584
Casalvecchio Siculo,casalvecchio siculo,Sicilia,Messina,ME,37.958162,15.322588
Castel di Lucio,castel di lucio,Sicilia,Messina,ME,37.886454,14.312168
Castell'Umberto,castell'umberto,Sicilia,Messina,ME,38.08437,14.807122
Castelmola,castelmola,Sicilia,Messina,ME,37.858348,15.277316
Castroreale,castroreale,Sicilia,Messina,ME,38.099272,15.210686
Cesarò,cesaro,Sicilia,Messina,ME,37.844756,14.713076
Condrò,condro,Sicilia,Messina,ME,38.173177,15.326943
Falcone,falcone,Sicilia,Messina,ME,38.117482,15.079611
Ficarra,ficarra,Sicilia,Messina,ME,38.109061,14.828976
Fiumedinisi,fiumedinisi,Sicilia,Messina,ME,38.026238,15.382083
Floresta,floresta,Sicilia,Messina,ME,37.987351,14.909714
Fondachelli-Fantina,fondachelli-fantina,Sicilia,Messina,ME,38.000627,15.182419
Forza d'Agrò,forza d'agro,Sicilia,Messina,ME,37.91372,15.335449
Francavilla di Sicilia,francavilla di sicilia,Sicilia,Messina,ME,37.901129,15.136208
Frazzanò,frazzano,Sicilia,Messina,ME,38.072269,14.744953
Furci Siculo,furci siculo,Sicilia,Messina,ME,37.961204,15.381735
Furnari,furnari,Sicilia,Messina,ME,38.104671,15.125223
Gaggi,gaggi,Sicilia,Messina,ME,37.860091,15.221412
Galati Mamertino,galati mamertino,Sicilia,Messina,ME,38.031559,14.772517
Gallodoro,gallodoro,Sicilia,Messina,ME,37.90183,15.293695
Giardini-Naxos,giardini-naxos,Sicilia,Messina,ME,37.835441,15.271845
Gioiosa Marea,gioiosa marea,Sicilia,Messina,ME,38.173269,14.895164
Graniti,graniti,Sicilia,Messina,ME,37.890173,15.224898
Gualtieri Sicaminò,gualtieri sicamino,Sicilia,Messina,ME,38.163249,15.316544
Itala,itala,Sicilia,Messina,ME,38.051059,15.436903
Leni,leni,Sicilia,Messina,ME,38.554469,14.825471
Letojanni,letojanni,Sicilia,Messina,ME,37.880276,15.306866
Librizzi,librizzi,Sicilia,Messina,ME,38.096866,14.95834
Limina,limina,Sicilia,Messina,ME,37.940774,15.272668
Lipari,lipari,Sicilia,Messina,ME,38.468185,14.95472
Longi,longi,Sicilia,Messina,ME,38.027271,14.752656
Malfa,malfa,Sicilia,Messina,ME,38.57597,14.835471
Malvagna,malvagna,Sicilia,Messina,ME,37.918393,15.055383
Mandanici,mandanici,Sicilia,Messina,ME,38.003586,15.317095
Mazzarrà Sant'Andrea,mazzarra sant'andrea,Sicilia,Messina,ME,38.088463,15.133583
Merì,meri,Sicilia,Messina,ME,38.166817,15.25037
Messina,messina,Sicilia,Messina,ME,38.193757,15.554208
Milazzo,milazzo,Sicilia,Messina,ME,38.220805,15.241513
Militello Rosmarino,militello rosmarino,Sicilia,Messina,ME,38.045917,14.676017
Mirto,mirto,Sicilia,Messina,ME,38.08466,14.751475
Mistretta,mistretta,Sicilia,Messina,ME,37.929885,14.362873
Moio Alcantara,moio alcantara,Sicilia,Messina,ME,37.89967,15.049043
Monforte San Giorgio,monforte san giorgio,Sicilia,Messina,ME,38.156401,15.383256
Mongiuffi Melia,mongiuffi melia,Sicilia,Messina,ME,37.905877,15.255718
Montagnareale,montagnareale,Sicilia,Messina,ME,38.132354,14.946482
Montalbano Elicona,montalbano elicona,Sicilia,Messina,ME,38.023409,15.013672
Motta Camastra,motta camastra,Sicilia,Messina,ME,37.894319,15.170271
Motta d'Affermo,motta d'affermo,Sicilia,Messina,ME,37.981173,14.302061
Naso,naso,Sicilia,Messina,ME,38.122118,14.78898
Nizza di Sicilia,nizza di sicilia,Sicilia,Messina,ME,37.992622,15.411913
Novara di Sicilia,novara di sicilia,Sicilia,Messina,ME,38.016082,15.13183
Oliveri,oliveri,Sicilia,Messina,ME,38.123481,15.060849
Pace del Mela,pace del mela,Sicilia,Messina,ME,38.179625,15.305332
Pagliara,pagliara,Sicilia,Messina,ME,37.985463,15.359689
Patti,patti,Sicilia,Messina,ME,38.138901,14.964816
Pettineo,pettineo,Sicilia,Messina,ME,37.966364,14.29191
Piraino,piraino,Sicilia,Messina,ME,38.161243,14.861943
Raccuja,raccuja,Sicilia,Messina,ME,38.055261,14.909578
Reitano,reitano,Sicilia,Messina,ME,37.97284,14.34429
Roccafiorita,roccafiorita,Sicilia,Messina,ME,37.930197,15.268096
Roccalumera,roccalumera,Sicilia,Messina,ME,37.976263,15.395189
Roccavaldina,roccavaldina,Sicilia,Messina,ME,38.181484,15.372556
Roccella Valdemone,roccella valdemone,Sicilia,Messina,ME,37.932983,15.008455
Rodì Milici,rodi milici,Sicilia,Messina,ME,38.068965,15.174781
Rometta,rometta,Sicilia,Messina,ME,38.171115,15.41455
San Filippo del Mela,san filippo del mela,Sicilia,Messina,ME,38.169727,15.272527
San Fratello,san fratello,Sicilia,Messina,ME,38.013442,14.597392
San Marco d'Alunzio,san marco d'alunzio,Sicilia,Messina,ME,38.073514,14.699355
San Pier Niceto,san pier niceto,Sicilia,Messina,ME,38.158918,15.351874
San Piero Patti,san piero patti,Sicilia,Messina,ME,38.05215,14.967069
San Salvatore di Fitalia,san salvatore di fitalia,Sicilia,Messina,ME,38.071713,14.777616
Santa Domenica Vittoria,santa domenica vittoria,Sicilia,Messina,ME,37.916744,14.962592
Sant'Agata di Militello,sant'agata di militello,Sicilia,Messina,ME,38.068062,14.633334
Sant'Alessio Siculo,sant'alessio siculo,Sicilia,Messina,ME,37.924494,15.349288
Santa Lucia del Mela,santa lucia del mela,Sicilia,Messina,ME,38.143461,15.280676
Santa Marina Salina,santa marina salina,Sicilia,Messina,ME,38.56117,14.870772
Sant'Angelo di Brolo,sant'angelo di brolo,Sicilia,Messina,ME,38.113879,14.882663
Santa Teresa di Riva,santa teresa di riva,Sicilia,Messina,ME,37.946962,15.367689
San Teodoro,san teodoro,Sicilia,Messina,ME,37.847208,14.7001
Santo Stefano di Camastra,santo stefano di camastra,Sicilia,Messina,ME,38.015444,14.349027
Saponara,saponara,Sicilia,Messina,ME,38.19382,15.434458
Savoca,savoca,Sicilia,Messina,ME,37.955859,15.339322
Scaletta Zanclea,scaletta zanclea,Sicilia,Messina,ME,38.045591,15.462916
Sinagra,sinagra,Sicilia,Messina,ME,38.083051,14.849338
Spadafora,spadafora,Sicilia,Messina,ME,38.223767,15.379286
Taormina,taormina,Sicilia,Messina,ME,37.851792,15.285652
Torregrotta,torregrotta,Sicilia,Messina,ME,38.191637,15.352439
Tortorici,tortorici,Sicilia,Messina,ME,38.030103,14.82419
Tripi,tripi,Sicilia,Messina,ME,38.048625,15.098804
Tusa,tusa,Sicilia,Messina,ME,37.983855,14.236065
Ucria,ucria,Sicilia,Messina,ME,38.045919,14.881112
Valdina,valdina,Sicilia,Messina,ME,38.193739,15.370704
Venetico,venetico,Sicilia,Messina,ME,38.219944,15.366707
Villafranca Tirrena,villafranca tirrena,Sicilia,Messina,ME,38.240068,15.437387
Terme Vigliatore,terme vigliatore,Sicilia,Messina,ME,38.136764,15.162675
Acquedolci,acquedolci,Sicilia,Messina,ME,38.05604,14.581901
Torrenova,torrenova,Sicilia,Messina,ME,38.089846,14.678879
Agrigento,agrigento,Sicilia,Agrigento,AG,37.312299,13.57465
Alessandria della Rocca,alessandria della rocca,Sicilia,Agrigento,AG,37.570042,13.454609
Aragona,aragona,Sicilia,Agrigento,AG,37.403199,13.617948
Bivona,bivona,Sicilia,Agrigento,AG,37.617397,13.439769
Burgio,burgio,Sicilia,Agrigento,AG,37.599442,13.29015
Calamonaci,calamonaci,Sicilia,Agrigento,AG,37.52614,13.289851
Caltabellotta,caltabellotta,Sicilia,Agrigento,AG,37.577341,13.216548
Camastra,camastra,Sicilia,Agrigento,AG,37.252294,13.7936
Cammarata,cammarata,Sicilia,Agrigento,AG,37.633825,13.637745
Campobello di Licata,campobello di licata,Sicilia,Agrigento,AG,37.25844,13.918266
Canicattì,canicatti,Sicilia,Agrigento,AG,37.358942,13.850364
Casteltermini,casteltermini,Sicilia,Agrigento,AG,37.540835,13.643187
Castrofilippo,castrofilippo,Sicilia,Agrigento,AG,37.348585,13.750096
Cattolica Eraclea,cattolica eraclea,Sicilia,Agrigento,AG,37.44084,13.392054
Cianciana,cianciana,Sicilia,Agrigento,AG,37.519696,13.43408
Comitini,comitini,Sicilia,Agrigento,AG,37.407941,13.642959
Favara,favara,Sicilia,Agrigento,AG,37.316197,13.662417
Grotte,grotte,Sicilia,Agrigento,AG,37.402853,13.70067
Joppolo Giancaxio,joppolo giancaxio,Sicilia,Agrigento,AG,37.38704,13.555258
Lampedusa e Linosa,lampedusa e linosa,Sicilia,Agrigento,AG,35.511134,12.596291
Licata,licata,Sicilia,Agrigento,AG,37.101636,13.937615
Lucca Sicula,lucca sicula,Sicilia,Agrigento,AG,37.579049,13.306568
Menfi,menfi,Sicilia,Agrigento,AG,37.606639,12.967843
Montallegro,montallegro,Sicilia,Agrigento,AG,37.392939,13.350753
Montevago,montevago,Sicilia,Agrigento,AG,37.702241,12.985842
Naro,naro,Sicilia,Agrigento,AG,37.29622,13.791567
Palma di Montechiaro,palma di montechiaro,Sicilia,Agrigento,AG,37.191664,13.763714
Porto Empedocle,porto empedocle,Sicilia,Agrigento,AG,37.288313,13.52755
Racalmuto,racalmuto,Sicilia,Agrigento,AG,37.40894,13.732402
Raffadali,raffadali,Sicilia,Agrigento,AG,37.404053,13.532076
Ravanusa,ravanusa,Sicilia,Agrigento,AG,37.267914,13.973255
Realmonte,realmonte,Sicilia,Agrigento,AG,37.308393,13.461567
Ribera,ribera,Sicilia,Agrigento,AG,37.502787,13.266188
Sambuca di Sicilia,sambuca di sicilia,Sicilia,Agrigento,AG,37.64774,13.111031
San Biagio Platani,san biagio platani,Sicilia,Agrigento,AG,37.509014,13.524282
San Giovanni Gemini,san giovanni gemini,Sicilia,Agrigento,AG,37.629936,13.641375
Santa Elisabetta,santa elisabetta,Sicilia,Agrigento,AG,37.43246,13.556235
Santa Margherita di Belice,santa margherita di belice,Sicilia,Agrigento,AG,37.691841,13.020143
Sant'Angelo Muxaro,sant'angelo muxaro,Sicilia,Agrigento,AG,37.479015,13.544316
Santo Stefano Quisquina,santo stefano quisquina,Sicilia,Agrigento,AG,37.625027,13.49076
Sciacca,sciacca,Sicilia,Agrigento,AG,37.506479,13.082332
Siculiana,siculiana,Sicilia,Agrigento,AG,37.338086,13.421996
Villafranca Sicula,villafranca sicula,Sicilia,Agrigento,AG,37.588141,13.28925
Acquaviva Platani,acquaviva platani,Sicilia,Caltanissetta,CL,37.571999,13.702891
Bompensiere,bompensiere,Sicilia,Caltanissetta,CL,37.473829,13.780745
Butera,butera,Sicilia,Caltanissetta,CL,37.190354,14.183489
Caltanissetta,caltanissetta,Sicilia,Caltanissetta,CL,37.489941,14.063162
Campofranco,campofranco,Sicilia,Caltanissetta,CL,37.510479,13.711044
Delia,delia,Sicilia,Caltanissetta,CL,37.356036,13.927289
Gela,gela,Sicilia,Caltanissetta,CL,37.066436,14.250244
Marianopoli,marianopoli,Sicilia,Caltanissetta,CL,37.597446,13.915763
Mazzarino,mazzarino,Sicilia,Caltanissetta,CL,37.305024,14.214078
Milena,milena,Sicilia,Caltanissetta,CL,37.471521,13.736437
Montedoro,montedoro,Sicilia,Caltanissetta,CL,37.453508,13.816238
Mussomeli,mussomeli,Sicilia,Caltanissetta,CL,37.577845,13.751259
Niscemi,niscemi,Sicilia,Caltanissetta,CL,37.14645,14.39418
Resuttano,resuttano,Sicilia,Caltanissetta,CL,37.678648,14.029464
Riesi,riesi,Sicilia,Caltanissetta,CL,37.281961,14.082414
San Cataldo,san cataldo,Sicilia,Caltanissetta,CL,37.491446,13.993516
Santa Caterina Villarmosa,santa caterina villarmosa,Sicilia,Caltanissetta,CL,37.591147,14.036265
Serradifalco,serradifalco,Sicilia,Caltanissetta,CL,37.453843,13.880463
Sommatino,sommatino,Sicilia,Caltanissetta,CL,37.334022,13.992959
Sutera,sutera,Sicilia,Caltanissetta,CL,37.525228,13.731316
Vallelunga Pratameno,vallelunga pratameno,Sicilia,Caltanissetta,CL,37.682047,13.83156
Villalba,villalba,Sicilia,Caltanissetta,CL,37.654142,13.843423
Agira,agira,Sicilia,Enna,EN,37.656151,14.521575
Aidone,aidone,Sicilia,Enna,EN,37.415421,14.445276
Assoro,assoro,Sicilia,Enna,EN,37.627905,14.423886
Barrafranca,barrafranca,Sicilia,Enna,EN,37.372843,14.203313
Calascibetta,calascibetta,Sicilia,Enna,EN,37.590191,14.271972
Catenanuova,catenanuova,Sicilia,Enna,EN,37.567971,14.691819
Centuripe,centuripe,Sicilia,Enna,EN,37.622952,14.739079
Cerami,cerami,Sicilia,Enna,EN,37.810654,14.507273
Enna,enna,Sicilia,Enna,EN,37.566757,14.280747
Gagliano Castelferrato,gagliano castelferrato,Sicilia,Enna,EN,37.71139,14.536661
Leonforte,leonforte,Sicilia,Enna,EN,37.639212,14.392427
Nicosia,nicosia,Sicilia,Enna,EN,37.747452,14.397271
Nissoria,nissoria,Sicilia,Enna,EN,37.655277,14.449468
Piazza Armerina,piazza armerina,Sicilia,Enna,EN,37.385946,14.367174
Pietraperzia,pietraperzia,Sicilia,Enna,EN,37.421564,14.137026
Regalbuto,regalbuto,Sicilia,Enna,EN,37.653547,14.639636
Sperlinga,sperlinga,Sicilia,Enna,EN,37.765519,14.351626
Troina,troina,Sicilia,Enna,EN,37.785354,14.598475
Valguarnera Caropepe,valguarnera caropepe,Sicilia,Enna,EN,37.49542,14.390791
Villarosa,villarosa,Sicilia,Enna,EN,37.587017,14.173589
Aci Bonaccorsi,aci bonaccorsi,Sicilia,Catania,CT,37.597687,15.107937
Aci Castello,aci castello,Sicilia,Catania,CT,37.554211,15.14856
Aci Catena,aci catena,Sicilia,Catania,CT,37.60257,15.14196
Acireale,acireale,Sicilia,Catania,CT,37.612777,15.16588
Aci Sant'Antonio,aci sant'antonio,Sicilia,Catania,CT,37.606392,15.126895
Adrano,adrano,Sicilia,Catania,CT,37.661777,14.833099
Belpasso,belpasso,Sicilia,Catania,CT,37.589187,14.978239
Biancavilla,biancavilla,Sicilia,Catania,CT,37.646276,14.861411
Bronte,bronte,Sicilia,Catania,CT,37.78716,14.833845
Calatabiano,calatabiano,Sicilia,Catania,CT,37.822445,15.227636
Caltagirone,caltagirone,Sicilia,Catania,CT,37.237201,14.513202
Camporotondo Etneo,camporotondo etneo,Sicilia,Catania,CT,37.56759,15.005131
Castel di Iudica,castel di iudica,Sicilia,Catania,CT,37.494173,14.649715
Castiglione di Sicilia,castiglione di sicilia,Sicilia,Catania,CT,37.882761,15.122225
Catania,catania,Sicilia,Catania,CT,37.502236,15.08738
Fiumefreddo di Sicilia,fiumefreddo di sicilia,Sicilia,Catania,CT,37.792355,15.206946
Giarre,giarre,Sicilia,Catania,CT,37.726857,15.187688
Grammichele,grammichele,Sicilia,Catania,CT,37.214682,14.636542
Gravina di Catania,gravina di catania,Sicilia,Catania,CT,37.560369,15.061763
Licodia Eubea,licodia eubea,Sicilia,Catania,CT,37.157144,14.706084
Linguaglossa,linguaglossa,Sicilia,Catania,CT,37.842643,15.142131
Maletto,maletto,Sicilia,Catania,CT,37.829022,14.865664
Mascali,mascali,Sicilia,Catania,CT,37.760285,15.197431
Mascalucia,mascalucia,Sicilia,Catania,CT,37.573605,15.051727
Militello in Val di Catania,militello in val di catania,Sicilia,Catania,CT,37.274584,14.793878
Milo,milo,Sicilia,Catania,CT,37.722445,15.115739
Mineo,mineo,Sicilia,Catania,CT,37.264875,14.690849
Mirabella Imbaccari,mirabella imbaccari,Sicilia,Catania,CT,37.323804,14.445939
Misterbianco,misterbianco,Sicilia,Catania,CT,37.519172,15.007936
Motta Sant'Anastasia,motta sant'anastasia,Sicilia,Catania,CT,37.513391,14.967072
Nicolosi,nicolosi,Sicilia,Catania,CT,37.614711,15.026349
Palagonia,palagonia,Sicilia,Catania,CT,37.327355,14.745332
Paternò,paterno,Sicilia,Catania,CT,37.56707,14.905352
Pedara,pedara,Sicilia,Catania,CT,37.616809,15.060211
Piedimonte Etneo,piedimonte etneo,Sicilia,Catania,CT,37.806707,15.178193
Raddusa,raddusa,Sicilia,Catania,CT,37.472556,14.53252
Ramacca,ramacca,Sicilia,Catania,CT,37.388048,14.692681
Randazzo,randazzo,Sicilia,Catania,CT,37.877934,14.946248
Riposto,riposto,Sicilia,Catania,CT,37.73189,15.204221
San Cono,san cono,Sicilia,Catania,CT,37.289942,14.364986
San Giovanni la Punta,san giovanni la punta,Sicilia,Catania,CT,37.577407,15.094215
San Gregorio di Catania,san gregorio di catania,Sicilia,Catania,CT,37.565254,15.111788
San Michele di Ganzaria,san michele di ganzaria,Sicilia,Catania,CT,37.279563,14.42602
San Pietro Clarenza,san pietro clarenza,Sicilia,Catania,CT,37.568853,15.022886
Sant'Agata li Battiati,sant'agata li battiati,Sicilia,Catania,CT,37.558273,15.080813
Sant'Alfio,sant'alfio,Sicilia,Catania,CT,37.74158,15.142905
Santa Maria di Licodia,santa maria di licodia,Sicilia,Catania,CT,37.61642,14.887493
Santa Venerina,santa venerina,Sicilia,Catania,CT,37.688971,15.142661
Scordia,scordia,Sicilia,Catania,CT,37.296429,14.846239
Trecastagni,trecastagni,Sicilia,Catania,CT,37.616116,15.079231
Tremestieri Etneo,tremestieri etneo,Sicilia,Catania,CT,37.576488,15.07322
Valverde,valverde,Sicilia,Catania,CT,37.576954,15.124188
Viagrande,viagrande,Sicilia,Catania,CT,37.610166,15.096759
Vizzini,vizzini,Sicilia,Catania,CT,37.161016,14.748468
Zafferana Etnea,zafferana etnea,Sicilia,Catania,CT,37.693285,15.10646
Mazzarrone,mazzarrone,Sicilia,Catania,CT,37.083393,14.561674
Maniace,maniace,Sicilia,Catania,CT,37.862423,14.807835
Ragalna,ragalna,Sicilia,Catania,CT,37.636958,14.947876
Acate,acate,Sicilia,Ragusa,RG,37.02504,14.492981
Chiaramonte Gulfi,chiaramonte gulfi,Sicilia,Ragusa,RG,37.031342,14.701285
Comiso,comiso,Sicilia,Ragusa,RG,36.950734,14.607455
Giarratana,giarratana,Sicilia,Ragusa,RG,37.048112,14.793797
Ispica,ispica,Sicilia,Ragusa,RG,36.785832,14.907637
Modica,modica,Sicilia,Ragusa,RG,36.858921,14.761302
Monterosso Almo,monterosso almo,Sicilia,Ragusa,RG,37.088874,14.762708
Pozzallo,pozzallo,Sicilia,Ragusa,RG,36.72633,14.846343
Ragusa,ragusa,Sicilia,Ragusa,RG,36.921983,14.721345
Santa Croce Camerina,santa croce camerina,Sicilia,Ragusa,RG,36.827897,14.525538
Scicli,scicli,Sicilia,Ragusa,RG,36.79357,14.706964
Vittoria,vittoria,Sicilia,Ragusa,RG,36.951496,14.530487
Augusta,augusta,Sicilia,Siracusa,SR,37.236936,15.219658
Avola,avola,Sicilia,Siracusa,SR,36.909516,15.135001
Buccheri,buccheri,Sicilia,Siracusa,SR,37.126491,14.85038
Buscemi,buscemi,Sicilia,Siracusa,SR,37.085471,14.884201
Canicattini Bagni,canicattini bagni,Sicilia,Siracusa,SR,37.034928,15.062337
Carlentini,carlentini,Sicilia,Siracusa,SR,37.275881,15.014978
Cassaro,cassaro,Sicilia,Siracusa,SR,37.106937,14.94761
Ferla,ferla,Sicilia,Siracusa,SR,37.118582,14.941138
Floridia,floridia,Sicilia,Siracusa,SR,37.086946,15.151894
Francofonte,francofonte,Sicilia,Siracusa,SR,37.226582,14.881881
Lentini,lentini,Sicilia,Siracusa,SR,37.284685,14.998778
Melilli,melilli,Sicilia,Siracusa,SR,37.178288,15.126621
Noto,noto,Sicilia,Siracusa,SR,36.890886,15.070645
Pachino,pachino,Sicilia,Siracusa,SR,36.715209,15.091477
Palazzolo Acreide,palazzolo acreide,Sicilia,Siracusa,SR,37.061913,14.90391
Rosolini,rosolini,Sicilia,Siracusa,SR,36.820499,14.952628
Siracusa,siracusa,Sicilia,Siracusa,SR,37.064614,15.29072
Solarino,solarino,Sicilia,Siracusa,SR,37.101214,15.119039
Sortino,sortino,Sicilia,Siracusa,SR,37.156854,15.027716
Portopalo di Capo Passero,portopalo di capo passero,Sicilia,Siracusa,SR,36.683845,15.13329
Priolo Gargallo,priolo gargallo,Sicilia,Siracusa,SR,37.15793,15.186028
Aggius,aggius,Sardegna,Sassari,SS,40.929345,9.065222
Alà dei Sardi,ala dei sardi,Sardegna,Sassari,SS,40.650066,9.327829
Alghero,alghero,Sardegna,Sassari,SS,40.56002,8.315147
Anela,anela,Sardegna,Sassari,SS,40.44176,9.057427
Ardara,ardara,Sardegna,Sassari,SS,40.621761,8.810319
Arzachena,arzachena,Sardegna,Sassari,SS,41.079898,9.387612
Banari,banari,Sardegna,Sassari,SS,40.572927,8.697371
Benetutti,benetutti,Sardegna,Sassari,SS,40.456461,9.168829
Berchidda,berchidda,Sardegna,Sassari,SS,40.784067,9.164524
Bessude,bessude,Sardegna,Sassari,SS,40.553852,8.729952
Bonnanaro,bonnanaro,Sardegna,Sassari,SS,40.533359,8.76442
Bono,bono,Sardegna,Sassari,SS,40.41683,9.029993
Bonorva,bonorva,Sardegna,Sassari,SS,40.418757,8.768121
Bortigiadas,bortigiadas,Sardegna,Sassari,SS,40.891351,9.043058
Borutta,borutta,Sardegna,Sassari,SS,40.522359,8.743519
Bottidda,bottidda,Sardegna,Sassari,SS,40.391459,9.008527
Buddusò,budduso,Sardegna,Sassari,SS,40.578064,9.258129
Bultei,bultei,Sardegna,Sassari,SS,40.456211,9.064444
Bulzi,bulzi,Sardegna,Sassari,SS,40.847366,8.830016
Burgos,burgos,Sardegna,Sassari,SS,40.389978,8.995335
Calangianus,calangianus,Sardegna,Sassari,SS,40.919774,9.194819
Cargeghe,cargeghe,Sardegna,Sassari,SS,40.669461,8.614515
Castelsardo,castelsardo,Sardegna,Sassari,SS,40.910466,8.718313
Cheremule,cheremule,Sardegna,Sassari,SS,40.506358,8.725319
Chiaramonti,chiaramonti,Sardegna,Sassari,SS,40.749064,8.818618
Codrongianos,codrongianos,Sardegna,Sassari,SS,40.657261,8.679816
Cossoine,cossoine,Sardegna,Sassari,SS,40.43099,8.715016
Esporlatu,esporlatu,Sardegna,Sassari,SS,40.386607,8.989713
Florinas,florinas,Sardegna,Sassari,SS,40.649561,8.665116
Giave,giave,Sardegna,Sassari,SS,40.451958,8.752221
Illorai,illorai,Sardegna,Sassari,SS,40.353858,9.001027
Ittireddu,ittireddu,Sardegna,Sassari,SS,40.543961,8.902322
Ittiri,ittiri,Sardegna,Sassari,SS,40.593046,8.568353
Laerru,laerru,Sardegna,Sassari,SS,40.817065,8.835417
La Maddalena,la maddalena,Sardegna,Sassari,SS,41.212783,9.40666
Luogosanto,luogosanto,Sardegna,Sassari,SS,41.054656,9.20409
Luras,luras,Sardegna,Sassari,SS,40.934858,9.175447
Mara,mara,Sardegna,Sassari,SS,40.409556,8.638819
Martis,martis,Sardegna,Sassari,SS,40.778664,8.808117
Monteleone Rocca Doria,monteleone rocca doria,Sardegna,Sassari,SS,40.471622,8.560299
Monti,monti,Sardegna,Sassari,SS,40.805969,9.325527
Mores,mores,Sardegna,Sassari,SS,40.54836,8.831221
Muros,muros,Sardegna,Sassari,SS,40.678061,8.617315
Nughedu San Nicolò,nughedu san nicolo,Sardegna,Sassari,SS,40.556508,9.021463
Nule,nule,Sardegna,Sassari,SS,40.461561,9.189829
Nulvi,nulvi,Sardegna,Sassari,SS,40.783764,8.743716
Olbia,olbia,Sardegna,Sassari,SS,40.923266,9.502744
Olmedo,olmedo,Sardegna,Sassari,SS,40.651558,8.38021
Oschiri,oschiri,Sardegna,Sassari,SS,40.719766,9.101024
Osilo,osilo,Sardegna,Sassari,SS,40.744063,8.671115
Ossi,ossi,Sardegna,Sassari,SS,40.67486,8.591714
Ozieri,ozieri,Sardegna,Sassari,SS,40.585937,9.001043
Padria,padria,Sardegna,Sassari,SS,40.396355,8.629919
Palau,palau,Sardegna,Sassari,SS,41.181076,9.382042
Pattada,pattada,Sardegna,Sassari,SS,40.581763,9.112926
Perfugas,perfugas,Sardegna,Sassari,SS,40.833366,8.882818
Ploaghe,ploaghe,Sardegna,Sassari,SS,40.664262,8.741817
Porto Torres,porto torres,Sardegna,Sassari,SS,40.83444,8.403146
Pozzomaggiore,pozzomaggiore,Sardegna,Sassari,SS,40.398756,8.660219
Putifigari,putifigari,Sardegna,Sassari,SS,40.562257,8.461113
Romana,romana,Sardegna,Sassari,SS,40.484057,8.587417
Aglientu,aglientu,Sardegna,Sassari,SS,41.079573,9.112719
Santa Teresa Gallura,santa teresa gallura,Sardegna,Sassari,SS,41.241377,9.188518
Sassari,sassari,Sardegna,Sassari,SS,40.7778,8.921997
Sedini,sedini,Sardegna,Sassari,SS,40.852266,8.815716
Semestene,semestene,Sardegna,Sassari,SS,40.398456,8.725421
Sennori,sennori,Sardegna,Sassari,SS,40.789446,8.591659
Siligo,siligo,Sardegna,Sassari,SS,40.57648,8.727273
Sorso,sorso,Sardegna,Sassari,SS,40.796595,8.57785
Tempio Pausania,tempio pausania,Sardegna,Sassari,SS,40.897382,9.103516
Thiesi,thiesi,Sardegna,Sassari,SS,40.524859,8.716419
Tissi,tissi,Sardegna,Sassari,SS,40.677673,8.5627
Torralba,torralba,Sardegna,Sassari,SS,40.512959,8.76532
Trinità d'Agultu e Vignola,trinita d'agultu e vignola,Sardegna,Sassari,SS,40.983769,8.915616
Tula,tula,Sardegna,Sassari,SS,40.732465,8.983921
Uri,uri,Sardegna,Sassari,SS,40.639459,8.485412
Usini,usini,Sardegna,Sassari,SS,40.66406,8.540513
Villanova Monteleone,villanova monteleone,Sardegna,Sassari,SS,40.503656,8.470807
Valledoria,valledoria,Sardegna,Sassari,SS,40.928283,8.824584
Telti,telti,Sardegna,Sassari,SS,40.876371,9.352827
Badesi,badesi,Sardegna,Sassari,SS,40.965069,8.884216
Viddalba,viddalba,Sardegna,Sassari,SS,40.916777,8.894363
Golfo Aranci,golfo aranci,Sardegna,Sassari,SS,41.006476,9.61453
Loiri Porto San Paolo,loiri porto san paolo,Sardegna,Sassari,SS,40.876305,9.62949
Sant'Antonio di Gallura,sant'antonio di gallura,Sardegna,Sassari,SS,40.991772,9.301041
Tergu,tergu,Sardegna,Sassari,SS,40.867465,8.716714
Santa Maria Coghinas,santa maria coghinas,Sardegna,Sassari,SS,40.904267,8.868616
Erula,erula,Sardegna,Sassari,SS,40.791166,8.942219
Stintino,stintino,Sardegna,Sassari,SS,40.939162,8.225503
Padru,padru,Sardegna,Sassari,SS,40.76577,9.520232
Budoni,budoni,Sardegna,Sassari,SS,40.707631,9.69949
San Teodoro,san teodoro,Sardegna,Sassari,SS,40.770511,9.673923
Aritzo,aritzo,Sardegna,Nuoro,NU,39.956777,9.196562
Arzana,arzana,Sardegna,Nuoro,NU,39.919463,9527.0
Atzara,atzara,Sardegna,Nuoro,NU,39.992252,9.075734
Austis,austis,Sardegna,Nuoro,NU,40.070653,9.087933
Bari Sardo,bari sardo,Sardegna,Nuoro,NU,39.842053,9.644147
Baunei,baunei,Sardegna,Nuoro,NU,40.032361,9.663405
Belvì,belvi,Sardegna,Nuoro,NU,39.962601,9.185185
Birori,birori,Sardegna,Nuoro,NU,40.26486,8.817474
Bitti,bitti,Sardegna,Nuoro,NU,40.479008,9.384038
Bolotana,bolotana,Sardegna,Nuoro,NU,40.325757,8.961127
Borore,borore,Sardegna,Nuoro,NU,40.216854,8.803725
Bortigali,bortigali,Sardegna,Nuoro,NU,40.282855,8.836225
Desulo,desulo,Sardegna,Nuoro,NU,40.010756,9.228296
Dorgali,dorgali,Sardegna,Nuoro,NU,40.292802,9.588832
Dualchi,dualchi,Sardegna,Nuoro,NU,40.228855,8.896427
Elini,elini,Sardegna,Nuoro,NU,39.8999,9.531347
Fonni,fonni,Sardegna,Nuoro,NU,40.118804,9.251971
Gadoni,gadoni,Sardegna,Nuoro,NU,39.913451,9.185837
Gairo,gairo,Sardegna,Nuoro,NU,39.847052,9.507244
Galtellì,galtelli,Sardegna,Nuoro,NU,40.386589,9.614322
Gavoi,gavoi,Sardegna,Nuoro,NU,40.161756,9.195134
Girasole,girasole,Sardegna,Nuoro,NU,39.951719,9.66196
Ilbono,ilbono,Sardegna,Nuoro,NU,39.892654,9.548945
Irgoli,irgoli,Sardegna,Nuoro,NU,40.408833,9.630121
Jerzu,jerzu,Sardegna,Nuoro,NU,39.791151,9.518445
Lanusei,lanusei,Sardegna,Nuoro,NU,39.87857,9.541077
Lei,lei,Sardegna,Nuoro,NU,40.3044,8.918038
Loceri,loceri,Sardegna,Nuoro,NU,39.856635,9.582209
Loculi,loculi,Sardegna,Nuoro,NU,40.407278,9.61116
Lodè,lode,Sardegna,Nuoro,NU,40.591387,9.539795
Lotzorai,lotzorai,Sardegna,Nuoro,NU,39.969155,9.663715
Lula,lula,Sardegna,Nuoro,NU,40.470364,9.486435
Macomer,macomer,Sardegna,Nuoro,NU,40.26519,8.781387
Mamoiada,mamoiada,Sardegna,Nuoro,NU,40.215657,9.280435
Meana Sardo,meana sardo,Sardegna,Nuoro,NU,39.944251,9.072334
Noragugume,noragugume,Sardegna,Nuoro,NU,40.224555,8.920727
Nuoro,nuoro,Sardegna,Nuoro,NU,40.127683,9.342323
Oliena,oliena,Sardegna,Nuoro,NU,40.27226,9.403036
Ollolai,ollolai,Sardegna,Nuoro,NU,40.168503,9.178467
Olzai,olzai,Sardegna,Nuoro,NU,40.182856,9.148332
Onanì,onani,Sardegna,Nuoro,NU,40.485326,9.441168
Onifai,onifai,Sardegna,Nuoro,NU,40.406964,9.651339
Oniferi,oniferi,Sardegna,Nuoro,NU,40.271958,9.170332
Orani,orani,Sardegna,Nuoro,NU,40.248344,9.182835
Orgosolo,orgosolo,Sardegna,Nuoro,NU,40.204758,9.354936
Orosei,orosei,Sardegna,Nuoro,NU,40.37918,9.695014
Orotelli,orotelli,Sardegna,Nuoro,NU,40.305803,9.112838
Ortueri,ortueri,Sardegna,Nuoro,NU,40.035642,8.98725
Orune,orune,Sardegna,Nuoro,NU,40.407595,9.369739
Osidda,osidda,Sardegna,Nuoro,NU,40.523863,9.219329
Osini,osini,Sardegna,Nuoro,NU,39.822752,9.496244
Ottana,ottana,Sardegna,Nuoro,NU,40.233499,9.044599
Ovodda,ovodda,Sardegna,Nuoro,NU,40.095654,9.162334
Perdasdefogu,perdasdefogu,Sardegna,Nuoro,NU,39.679218,9.440049
Posada,posada,Sardegna,Nuoro,NU,40.631969,9.716437
Sarule,sarule,Sardegna,Nuoro,NU,40.22912,9.167342
Silanus,silanus,Sardegna,Nuoro,NU,40.288864,8.890493
Sindia,sindia,Sardegna,Nuoro,NU,40.296216,8.656256
Siniscola,siniscola,Sardegna,Nuoro,NU,40.571868,9.692238
Sorgono,sorgono,Sardegna,Nuoro,NU,40.025952,9.102034
Talana,talana,Sardegna,Nuoro,NU,40.042056,9.496541
Tertenia,tertenia,Sardegna,Nuoro,NU,39.696757,9.577684
Teti,teti,Sardegna,Nuoro,NU,40.095754,9.118133
Tiana,tiana,Sardegna,Nuoro,NU,40.068454,9.147334
Tonara,tonara,Sardegna,Nuoro,NU,40.025134,9.173144
Torpè,torpe,Sardegna,Nuoro,NU,40.627969,9.677337
Tortolì,tortoli,Sardegna,Nuoro,NU,39.926604,9.659155
Triei,triei,Sardegna,Nuoro,NU,40.037127,9.640503
Ulassai,ulassai,Sardegna,Nuoro,NU,39.810552,9.499045
Urzulei,urzulei,Sardegna,Nuoro,NU,40.093338,9.508049
Ussassai,ussassai,Sardegna,Nuoro,NU,39.810827,9.394786
Villagrande Strisaili,villagrande strisaili,Sardegna,Nuoro,NU,39.96139,9.507272
Cardedu,cardedu,Sardegna,Nuoro,NU,39.797184,9.62473
Lodine,lodine,Sardegna,Nuoro,NU,40.14808,9.218294
Assemini,assemini,Sardegna,Cagliari,CA,39.291538,9.001542
Cagliari,cagliari,Sardegna,Cagliari,CA,39.216953,9.112851
Capoterra,capoterra,Sardegna,Cagliari,CA,39.175313,8.97195
Decimomannu,decimomannu,Sardegna,Cagliari,CA,39.311738,8.968841
Maracalagonis,maracalagonis,Sardegna,Cagliari,CA,39.28534,9.229446
Pula,pula,Sardegna,Cagliari,CA,39.007433,9.001646
Quartu Sant'Elena,quartu sant'elena,Sardegna,Cagliari,CA,39.239973,9.188097
Sarroch,sarroch,Sardegna,Cagliari,CA,39.067234,9.009445
Selargius,selargius,Sardegna,Cagliari,CA,39.25695,9.167554
Sestu,sestu,Sardegna,Cagliari,CA,39.294248,9.092972
Settimo San Pietro,settimo san pietro,Sardegna,Cagliari,CA,39.29174,9.185145
Sinnai,sinnai,Sardegna,Cagliari,CA,39.30424,9.203538
Uta,uta,Sardegna,Cagliari,CA,39.290979,8.95426
Villa San Pietro,villa san pietro,Sardegna,Cagliari,CA,39.034048,8.995484
Quartucciu,quartucciu,Sardegna,Cagliari,CA,39.254139,9.178846
Elmas,elmas,Sardegna,Cagliari,CA,39.268086,9.049631
Monserrato,monserrato,Sardegna,Cagliari,CA,39.25951,9.145856
Abbasanta,abbasanta,Sardegna,Oristano,OR,40.126752,8.818027
Aidomaggiore,aidomaggiore,Sardegna,Oristano,OR,40.170753,8.856527
Albagiara,albagiara,Sardegna,Oristano,OR,39.787646,8.862032
Ales,ales,Sardegna,Oristano,OR,39.768245,8.815632
Allai,allai,Sardegna,Oristano,OR,39.957173,8.863076
Arborea,arborea,Sardegna,Oristano,OR,39.773846,8.581753
Ardauli,ardauli,Sardegna,Oristano,OR,40.084652,8.911529
Assolo,assolo,Sardegna,Oristano,OR,39.809947,8.918233
Asuni,asuni,Sardegna,Oristano,OR,39.872448,8.946433
Baradili,baradili,Sardegna,Oristano,OR,39.721345,8.897434
Baratili San Pietro,baratili san pietro,Sardegna,Oristano,OR,39.992831,8.555784
Baressa,baressa,Sardegna,Oristano,OR,39.712745,8.875334
Bauladu,bauladu,Sardegna,Oristano,OR,40.020549,8.671925
Bidonì,bidoni,Sardegna,Oristano,OR,40.113053,8.936429
Bonarcado,bonarcado,Sardegna,Oristano,OR,40.09585,8.657124
Boroneddu,boroneddu,Sardegna,Oristano,OR,40.113052,8.871028
Busachi,busachi,Sardegna,Oristano,OR,40.032651,8.896729
Cabras,cabras,Sardegna,Oristano,OR,39.930314,8.532054
Cuglieri,cuglieri,Sardegna,Oristano,OR,40.188472,8.567405
Fordongianus,fordongianus,Sardegna,Oristano,OR,39.994549,8.809828
Ghilarza,ghilarza,Sardegna,Oristano,OR,40.119652,8.834927
Gonnoscodina,gonnoscodina,Sardegna,Oristano,OR,39.699996,8.835508
Gonnosnò,gonnosno,Sardegna,Oristano,OR,39.761176,8.872328
Gonnostramatza,gonnostramatza,Sardegna,Oristano,OR,39.681169,8.833845
Marrubiu,marrubiu,Sardegna,Oristano,OR,39.752143,8.637228
Masullas,masullas,Sardegna,Oristano,OR,39.69956,8.782724
Milis,milis,Sardegna,Oristano,OR,40.050449,8.637024
Mogorella,mogorella,Sardegna,Oristano,OR,39.864598,8.857931
Mogoro,mogoro,Sardegna,Oristano,OR,39.68471,8.777088
Morgongiori,morgongiori,Sardegna,Oristano,OR,39.746644,8.770131
Narbolia,narbolia,Sardegna,Oristano,OR,40.04765,8.575169
Neoneli,neoneli,Sardegna,Oristano,OR,40.064752,8.94673
Norbello,norbello,Sardegna,Oristano,OR,40.134752,8.832027
Nughedu Santa Vittoria,nughedu santa vittoria,Sardegna,Oristano,OR,40.102075,8.953508
Nurachi,nurachi,Sardegna,Oristano,OR,39.973394,8.540165
Nureci,nureci,Sardegna,Oristano,OR,39.823348,8.973834
Ollastra,ollastra,Sardegna,Oristano,OR,39.950948,8.734227
Oristano,oristano,Sardegna,Oristano,OR,40.026568,8.679642
Palmas Arborea,palmas arborea,Sardegna,Oristano,OR,39.876646,8.643127
Pau,pau,Sardegna,Oristano,OR,39.791546,8.802331
Paulilatino,paulilatino,Sardegna,Oristano,OR,40.084032,8.763937
Pompu,pompu,Sardegna,Oristano,OR,39.724544,8.795432
Riola Sardo,riola sardo,Sardegna,Oristano,OR,39.994102,8.538673
Ruinas,ruinas,Sardegna,Oristano,OR,39.907148,8.897631
Samugheo,samugheo,Sardegna,Oristano,OR,39.94615,8.940532
San Nicolò d'Arcidano,san nicolo d'arcidano,Sardegna,Oristano,OR,39.683392,8.646875
Santa Giusta,santa giusta,Sardegna,Oristano,OR,39.878178,8.609973
Villa Sant'Antonio,villa sant'antonio,Sardegna,Oristano,OR,39.859148,8.901532
Santu Lussurgiu,santu lussurgiu,Sardegna,Oristano,OR,40.141686,8.651038
San Vero Milis,san vero milis,Sardegna,Oristano,OR,40.014548,8.598224
Scano di Montiferro,scano di montiferro,Sardegna,Oristano,OR,40.21633,8.584092
Sedilo,sedilo,Sardegna,Oristano,OR,40.173151,8.919122
Seneghe,seneghe,Sardegna,Oristano,OR,40.082249,8.615723
Senis,senis,Sardegna,Oristano,OR,39.824147,8.940033
Sennariolo,sennariolo,Sardegna,Oristano,OR,40.212673,8.555178
Siamaggiore,siamaggiore,Sardegna,Oristano,OR,39.950147,8.636025
Siamanna,siamanna,Sardegna,Oristano,OR,39.920748,8.761028
Simala,simala,Sardegna,Oristano,OR,39.721644,8.826732
Simaxis,simaxis,Sardegna,Oristano,OR,39.930347,8.692127
Sini,sini,Sardegna,Oristano,OR,39.754146,8.904334
Siris,siris,Sardegna,Oristano,OR,39.712644,8.774832
Solarussa,solarussa,Sardegna,Oristano,OR,39.955747,8.671526
Sorradile,sorradile,Sardegna,Oristano,OR,40.106453,8.933029
Tadasuni,tadasuni,Sardegna,Oristano,OR,40.110458,8.883744
Terralba,terralba,Sardegna,Oristano,OR,39.720301,8.636125
Tramatza,tramatza,Sardegna,Oristano,OR,40.003748,8.649537
Tresnuraghes,tresnuraghes,Sardegna,Oristano,OR,40.252104,8.51996
Ulà Tirso,ula tirso,Sardegna,Oristano,OR,40.045951,8.904029
Uras,uras,Sardegna,Oristano,OR,39.700643,8.70003
Usellus,usellus,Sardegna,Oristano,OR,39.809646,8.850732
Villanova Truschedu,villanova truschedu,Sardegna,Oristano,OR,39.988649,8.752027
Villaurbana,villaurbana,Sardegna,Oristano,OR,39.885647,8.777429
Villa Verde,villa verde,Sardegna,Oristano,OR,39.795246,8.821131
Zeddiani,zeddiani,Sardegna,Oristano,OR,39.989947,8.595324
Zerfaliu,zerfaliu,Sardegna,Oristano,OR,39.958844,8.708555
Siapiccia,siapiccia,Sardegna,Oristano,OR,39.927948,8.762128
Curcuris,curcuris,Sardegna,Oristano,OR,39.746145,8.830632
Soddì,soddi,Sardegna,Oristano,OR,40.130453,8.878428
Bosa,bosa,Sardegna,Oristano,OR,40.297006,8.498612
Flussio,flussio,Sardegna,Oristano,OR,40.267452,8.540219
Laconi,laconi,Sardegna,Oristano,OR,39.852649,9.050435
Magomadas,magomadas,Sardegna,Oristano,OR,40.264752,8.522719
Modolo,modolo,Sardegna,Oristano,OR,40.275047,8.52918
Montresta,montresta,Sardegna,Oristano,OR,40.373654,8.499617
Sagama,sagama,Sardegna,Oristano,OR,40.261552,8.57752
Suni,suni,Sardegna,Oristano,OR,40.280853,8.549419
Tinnura,tinnura,Sardegna,Oristano,OR,40.269052,8.54822
Arbus,arbus,Sardegna,Sud Sardegna,SU,39.525839,8.597831
Armungia,armungia,Sardegna,Sud Sardegna,SU,39.521745,9.381846
Ballao,ballao,Sardegna,Sud Sardegna,SU,39.549746,9.361545
Barrali,barrali,Sardegna,Sud Sardegna,SU,39.475289,9.101273
Barumini,barumini,Sardegna,Sud Sardegna,SU,39.701546,9.002736
Buggerru,buggerru,Sardegna,Sud Sardegna,SU,39.397397,8.402182
Burcei,burcei,Sardegna,Sud Sardegna,SU,39.342642,9.359548
Calasetta,calasetta,Sardegna,Sud Sardegna,SU,39.110814,8.368264
Carbonia,carbonia,Sardegna,Sud Sardegna,SU,39.165332,8.527834
Carloforte,carloforte,Sardegna,Sud Sardegna,SU,39.142698,8.302664
Castiadas,castiadas,Sardegna,Sud Sardegna,SU,39.236335,9.501016
Collinas,collinas,Sardegna,Sud Sardegna,SU,39.640631,8.839875
Decimoputzu,decimoputzu,Sardegna,Sud Sardegna,SU,39.335238,8.91524
Dolianova,dolianova,Sardegna,Sud Sardegna,SU,39.378241,9.178644
Domus de Maria,domus de maria,Sardegna,Sud Sardegna,SU,38.944031,8.863544
Domusnovas,domusnovas,Sardegna,Sud Sardegna,SU,39.324736,8.648734
Donori,donori,Sardegna,Sud Sardegna,SU,39.431797,9.127153
Escalaplano,escalaplano,Sardegna,Sud Sardegna,SU,39.626647,9.357144
Escolca,escolca,Sardegna,Sud Sardegna,SU,39.698446,9.121539
Esterzili,esterzili,Sardegna,Sud Sardegna,SU,39.779149,9.284741
Fluminimaggiore,fluminimaggiore,Sardegna,Sud Sardegna,SU,39.439237,8.49793
Furtei,furtei,Sardegna,Sud Sardegna,SU,39.562369,8.944739
Genoni,genoni,Sardegna,Sud Sardegna,SU,39.794647,9.008035
Genuri,genuri,Sardegna,Sud Sardegna,SU,39.744246,8.923334
Gergei,gergei,Sardegna,Sud Sardegna,SU,39.699646,9.100438
Gesico,gesico,Sardegna,Sud Sardegna,SU,39.616337,9.106457
Gesturi,gesturi,Sardegna,Sud Sardegna,SU,39.739991,9.024004
Giba,giba,Sardegna,Sud Sardegna,SU,39.071831,8.635638
Goni,goni,Sardegna,Sud Sardegna,SU,39.578128,9.285879
Gonnesa,gonnesa,Sardegna,Sud Sardegna,SU,39.266626,8.47174
Gonnosfanadiga,gonnosfanadiga,Sardegna,Sud Sardegna,SU,39.495915,8.662398
Guamaggiore,guamaggiore,Sardegna,Sud Sardegna,SU,39.568644,9.074039
Guasila,guasila,Sardegna,Sud Sardegna,SU,39.561843,9.045439
Guspini,guspini,Sardegna,Sud Sardegna,SU,39.54134,8.633131
Iglesias,iglesias,Sardegna,Sud Sardegna,SU,39.31254,8.534111
Isili,isili,Sardegna,Sud Sardegna,SU,39.740405,9.10859
Las Plassas,las plassas,Sardegna,Sud Sardegna,SU,39.680145,8.984936
Lunamatrona,lunamatrona,Sardegna,Sud Sardegna,SU,39.650544,8.899335
Mandas,mandas,Sardegna,Sud Sardegna,SU,39.656283,9.129785
Masainas,masainas,Sardegna,Sud Sardegna,SU,39.051624,8.630598
Monastir,monastir,Sardegna,Sud Sardegna,SU,39.38474,9.044841
Muravera,muravera,Sardegna,Sud Sardegna,SU,39.420945,9.573551
Musei,musei,Sardegna,Sud Sardegna,SU,39.302285,8.667406
Narcao,narcao,Sardegna,Sud Sardegna,SU,39.168165,8.674714
Nuragus,nuragus,Sardegna,Sud Sardegna,SU,39.776247,9.038136
Nurallao,nurallao,Sardegna,Sud Sardegna,SU,39.790278,9.080737
Nuraminis,nuraminis,Sardegna,Sud Sardegna,SU,39.442941,9.01474
Nurri,nurri,Sardegna,Sud Sardegna,SU,39.712048,9.229841
Nuxis,nuxis,Sardegna,Sud Sardegna,SU,39.152933,8.738139
Orroli,orroli,Sardegna,Sud Sardegna,SU,39.693547,9.250341
Ortacesus,ortacesus,Sardegna,Sud Sardegna,SU,39.539148,9.083526
Pabillonis,pabillonis,Sardegna,Sud Sardegna,SU,39.591159,8.720953
Pauli Arbarei,pauli arbarei,Sardegna,Sud Sardegna,SU,39.660744,8.922035
Perdaxius,perdaxius,Sardegna,Sud Sardegna,SU,39.161033,8.611436
Pimentel,pimentel,Sardegna,Sud Sardegna,SU,39.485542,9.06554
Piscinas,piscinas,Sardegna,Sud Sardegna,SU,39.074431,8.665938
Portoscuso,portoscuso,Sardegna,Sud Sardegna,SU,39.207031,8.380931
Sadali,sadali,Sardegna,Sud Sardegna,SU,39.81325,9.27194
Samassi,samassi,Sardegna,Sud Sardegna,SU,39.481341,8.907637
Samatzai,samatzai,Sardegna,Sud Sardegna,SU,39.483242,9.03464
San Basilio,san basilio,Sardegna,Sud Sardegna,SU,39.537144,9.198242
San Gavino Monreale,san gavino monreale,Sardegna,Sud Sardegna,SU,39.550941,8.791934
San Giovanni Suergiu,san giovanni suergiu,Sardegna,Sud Sardegna,SU,39.110404,8.521999
San Nicolò Gerrei,san nicolo gerrei,Sardegna,Sud Sardegna,SU,39.497444,9.307145
San Sperate,san sperate,Sardegna,Sud Sardegna,SU,39.358739,9.006741
San Vito,san vito,Sardegna,Sud Sardegna,SU,39.443245,9.540751
Sanluri,sanluri,Sardegna,Sud Sardegna,SU,39.562642,8.898636
Santadi,santadi,Sardegna,Sud Sardegna,SU,39.091832,8.716439
Sant'Andrea Frius,sant'andrea frius,Sardegna,Sud Sardegna,SU,39.477858,9.170254
Sant'Anna Arresi,sant'anna arresi,Sardegna,Sud Sardegna,SU,39.00183,8.646339
Sant'Antioco,sant'antioco,Sardegna,Sud Sardegna,SU,39.064829,8.456296
Sardara,sardara,Sardegna,Sud Sardegna,SU,39.616442,8.820634
Segariu,segariu,Sardegna,Sud Sardegna,SU,39.564443,8.981638
Selegas,selegas,Sardegna,Sud Sardegna,SU,39.567844,9.10414
Senorbì,senorbi,Sardegna,Sud Sardegna,SU,39.535044,9.130141
Serdiana,serdiana,Sardegna,Sud Sardegna,SU,39.374241,9.158944
Serramanna,serramanna,Sardegna,Sud Sardegna,SU,39.42404,8.923138
Serrenti,serrenti,Sardegna,Sud Sardegna,SU,39.492771,8.975228
Serri,serri,Sardegna,Sud Sardegna,SU,39.701747,9.144139
Setzu,setzu,Sardegna,Sud Sardegna,SU,39.722945,8.939235
Seui,seui,Sardegna,Sud Sardegna,SU,39.840564,9.32123
Seulo,seulo,Sardegna,Sud Sardegna,SU,39.870412,9.235736
Siddi,siddi,Sardegna,Sud Sardegna,SU,39.672198,8.888371
Siliqua,siliqua,Sardegna,Sud Sardegna,SU,39.300237,8.808738
Silius,silius,Sardegna,Sud Sardegna,SU,39.516745,9.293545
Siurgus Donigala,siurgus donigala,Sardegna,Sud Sardegna,SU,39.600345,9.189041
Soleminis,soleminis,Sardegna,Sud Sardegna,SU,39.347963,9.181708
Suelli,suelli,Sardegna,Sud Sardegna,SU,39.562744,9.132141
Teulada,teulada,Sardegna,Sud Sardegna,SU,38.96743,8.772242
Tratalias,tratalias,Sardegna,Sud Sardegna,SU,39.10353,8.57896
Tuili,tuili,Sardegna,Sud Sardegna,SU,39.713988,8.960342
Turri,turri,Sardegna,Sud Sardegna,SU,39.704845,8.916534
Ussana,ussana,Sardegna,Sud Sardegna,SU,39.394641,9.073242
Ussaramanna,ussaramanna,Sardegna,Sud Sardegna,SU,39.692845,8.907634
Vallermosa,vallermosa,Sardegna,Sud Sardegna,SU,39.364438,8.796337
Villacidro,villacidro,Sardegna,Sud Sardegna,SU,39.456992,8.736722
Villamar,villamar,Sardegna,Sud Sardegna,SU,39.618044,8.958837
Villamassargia,villamassargia,Sardegna,Sud Sardegna,SU,39.275899,8.640475
Villanova Tulo,villanova tulo,Sardegna,Sud Sardegna,SU,39.780302,9.213205
Villanovaforru,villanovaforru,Sardegna,Sud Sardegna,SU,39.631843,8.869035
Villanovafranca,villanovafranca,Sardegna,Sud Sardegna,SU,39.645183,9.001398
Villaperuccio,villaperuccio,Sardegna,Sud Sardegna,SU,39.111832,8.670038
Villaputzu,villaputzu,Sardegna,Sud Sardegna,SU,39.441045,9.573951
Villasalto,villasalto,Sardegna,Sud Sardegna,SU,39.492145,9.393047
Villasimius,villasimius,Sardegna,Sud Sardegna,SU,39.14314,9.520854
Villasor,villasor,Sardegna,Sud Sardegna,SU,39.380439,8.942839
Villaspeciosa,villaspeciosa,Sardegna,Sud Sardegna,SU,39.312238,8.92514
